season,season_type,week,player_display_name,player_position,team_abbr,avg_time_to_throw,avg_completed_air_yards,avg_intended_air_yards,avg_air_yards_differential,aggressiveness,max_completed_air_distance,avg_air_yards_to_sticks,attempts,pass_yards,pass_touchdowns,interceptions,passer_rating,completions,completion_percentage,expected_completion_percentage,completion_percentage_above_expectation,avg_air_distance,max_air_distance,player_gsis_id,player_first_name,player_last_name,player_jersey_number,player_short_name
2016,REG,0,Drew Brees,QB,NO,2.424237741456166,6.195456475583865,7.550997023809525,-1.35554054822566,17.5334323922734,52.24008039810045,-0.9698363095238095,673,5208,37,15,101.68709757305596,471,69.98514115898959,64.78396545193348,5.201175707056109,20.81599574390075,59.03301618585993,00-0020531,Drew,Brees,9,D.Brees
2016,REG,0,Joe Flacco,QB,BAL,2.5668229166666667,5.187293577981652,7.720937499999999,-2.5336439220183467,16.964285714285715,62.710625096549634,-1.2909672619047623,672,4317,20,15,83.53794642857144,436,64.88095238095238,64.36721796892695,0.5137344120254284,20.99544815121205,62.710625096549634,00-0026158,Joe,Flacco,5,J.Flacco
2016,REG,0,Russell Wilson,QB,SEA,2.606104395604396,7.167755681818182,9.240645756457564,-2.072890074639382,17.94871794871795,59.78275503855606,-0.001051660516605219,546,4219,21,11,92.58241758241758,353,64.65201465201466,59.305513567680535,5.346501084334122,23.13705512670324,61.277761055704374,00-0029263,Russell,Wilson,3,R.Wilson
2016,REG,0,Josh McCown,QB,CLE,2.8007696969696974,7.360888888888889,10.353818181818182,-2.9929292929292934,15.757575757575756,52.33126503343866,1.0992727272727272,165,1100,6,6,72.28535353535354,90,54.54545454545454,59.587161687043746,-5.041707141589207,23.423919438230715,55.424624491285456,00-0021206,Josh,McCown,13,
2016,REG,0,Eli Manning,QB,NYG,2.527473244147157,5.437374005305041,8.191989966555184,-2.754615961250143,19.732441471571907,53.598400162691426,-0.4083444816053509,598,4027,26,16,86.02285395763657,377,63.04347826086957,63.39782341344397,-0.35434515257440324,20.702626587630114,57.601267347168665,00-0022803,Eli,Manning,10,E.Manning
2016,REG,0,Marcus Mariota,QB,TEN,2.7519911308203984,7.744855072463768,9.780975609756096,-2.0361205372923283,19.955654101995567,53.67172253617355,0.7543680709534366,451,3426,26,9,95.63470066518848,276,61.19733924611973,58.30374259858944,2.8935966475302948,23.550858540628386,55.79742377565474,00-0032268,Marcus,Mariota,8,M.Mariota
2016,REG,0,Matt Ryan,QB,ATL,2.640436329588015,7.211903485254692,8.972696629213482,-1.7607931439587903,20.973782771535582,61.429512451263996,-0.16962546816479393,534,4944,38,7,117.12702871410737,373,69.85018726591761,61.30676455324872,8.543422712668892,21.259710959645812,63.01792284739319,00-0026143,Matthew,Ryan,2,M.Ryan
2016,REG,0,Aaron Rodgers,QB,GB,2.8745999999999996,6.272394014962595,9.238016393442622,-2.9656223784800275,16.39344262295082,60.8219121698751,0.7789999999999998,610,4428,40,7,104.18715846994535,401,65.73770491803279,62.07301655570503,3.664688362327759,23.434479503676926,70.76523793502002,00-0023459,Aaron,Rodgers,12,A.Rodgers
2016,REG,0,Robert Griffin III,QB,CLE,2.842952380952381,5.268160919540231,9.385986394557824,-4.117825475017593,17.687074829931973,61.977435409994186,0.4948299319727888,147,886,2,3,72.54818594104307,87,59.183673469387756,60.520367802051055,-1.3366943326632992,22.90309937608103,70.07299123057327,00-0029665,Robert,Griffin,10,R.Griffin
2016,REG,0,Brian Hoyer,QB,CHI,2.4916049999999994,5.728955223880597,8.24585,-2.516894776119404,22.0,45.548903389653624,-0.8191499999999998,200,1445,6,0,98.02083333333333,134,67.0,60.464191664475955,6.535808335524045,22.105493690175503,57.0447631251108,00-0026625,Brian,Hoyer,2,B.Hoyer
2016,REG,0,Dak Prescott,QB,DAL,2.875891067538126,7.197266881028939,8.737712418300651,-1.5404455372717125,20.915032679738562,51.338360900987084,-0.36032679738562123,459,3667,23,4,104.90649963689178,311,67.75599128540306,59.758999058368055,7.996992227035001,22.04907674688845,57.90839749121021,00-0033077,Rayne,Prescott,4,D.Prescott
2016,REG,0,Ben Roethlisberger,QB,PIT,2.591742632612967,6.438871951219513,9.386522593320235,-2.9476506421007223,14.734774066797643,56.67484186127033,0.7087229862475445,509,3819,29,13,95.39538310412574,328,64.44007858546169,64.71431148997809,-0.2742329045163956,22.35290176225986,63.927591069897204,00-0022924,Ben,Roethlisberger,7,B.Roethlisberger
2016,REG,0,Derek Carr,QB,LV,2.4917499999999997,5.939775910364146,8.352803571428572,-2.413027661064426,19.642857142857142,62.925848424951724,-0.7114821428571428,560,3937,28,6,96.70386904761905,357,63.74999999999999,60.06650118556406,3.6834988144359357,22.219365202364745,62.925848424951724,00-0031280,Derek,Carr,4,
2016,REG,0,Trevor Siemian,QB,DEN,2.7234465020576133,7.1536332179930815,9.278734439834025,-2.1251012218409437,20.37037037037037,57.331875950469296,0.2994813278008298,486,3401,18,10,84.56790123456788,289,59.465020576131685,57.00434314186681,2.4606774342648734,23.11458391283404,60.64798100514147,00-0032156,Trevor,Siemian,13,T.Siemian
2016,REG,0,Colin Kaepernick,QB,SF,2.759948640483384,5.69188775510204,8.461752265861026,-2.7698645107589863,13.293051359516618,44.14200040777491,-0.885679758308157,331,2241,16,4,90.7162638469285,196,59.21450151057401,64.74420567355442,-5.5297041629804085,20.700936250988445,51.73947235911862,00-0027974,Colin,Kaepernick,7,C.Kaepernick
2016,REG,0,Philip Rivers,QB,LAC,2.6458961937716263,6.68942693409742,8.769636048526863,-2.080209114429443,18.685121107266436,57.60734414985646,-0.025857885615251302,578,4386,33,21,87.91089965397924,349,60.38062283737025,60.6965109552853,-0.3158881179150512,21.821016752812874,60.60471598811432,00-0022942,Philip,Rivers,17,P.Rivers
2016,REG,0,Blaine Gabbert,QB,SF,2.4882812500000004,6.527912087912089,9.079312499999999,-2.5514004120879097,21.875,36.894586323741315,0.45431250000000034,160,925,5,6,68.359375,91,56.875,63.726040795445435,-6.851040795445435,21.843441697010388,49.89659106592354,00-0027948,Blaine,Gabbert,2,
2016,REG,0,Tom Brady,QB,NE,2.559618055555555,6.30639175257732,8.112685185185187,-1.806293432607867,17.59259259259259,56.977435884743,-0.5262037037037035,432,3554,28,2,112.17206790123457,291,67.36111111111111,64.09122034782303,3.269890763288089,21.35849460947877,56.977435884743,00-0019596,Tom,Brady,12,T.Brady
2016,REG,0,Carson Wentz,QB,PHI,2.6463756177924225,5.369947229551451,7.94306425041186,-2.5731170208604084,21.087314662273478,61.48281385883375,-0.9910378912685337,607,3782,16,14,79.25247116968698,379,62.43822075782537,61.71749397879083,0.7207267790345426,21.647123117621376,62.41517523807812,00-0032950,Carson,Wentz,11,C.Wentz
2016,REG,0,Brock Osweiler,QB,HOU,2.6145972495088405,6.270498338870431,9.407033398821218,-3.136535059950787,21.372549019607842,62.209064452055536,0.7783497053045187,510,2957,15,16,72.15686274509805,301,59.01960784313726,59.25674077004706,-0.23713292690980126,22.468916748491427,62.209064452055536,00-0029682,Brock,Osweiler,17,B.Osweiler
2016,REG,0,Matt Barkley,QB,CHI,2.6837129629629626,8.393410852713178,10.481944444444444,-2.0885335917312666,21.75925925925926,47.72246850279226,1.2689814814814813,216,1611,8,14,68.26774691358025,129,59.72222222222222,58.3488526167693,1.3733696054529219,24.091609808326414,58.62047594484371,00-0030533,Matt,Barkley,12,M.Barkley
2016,REG,0,Carson Palmer,QB,ARI,2.4902194304857623,7.333763736263736,10.127298657718121,-2.793534921454386,19.597989949748744,55.620230132569574,0.9192449664429528,597,4233,26,14,87.18243997766612,364,60.971524288107204,58.47174984043304,2.499774447674163,23.10730335823118,65.4030832606537,00-0021429,Carson,Palmer,3,C.Palmer
2016,REG,0,Blake Bortles,QB,JAX,2.5919279999999993,5.705706521739131,8.735673076923078,-3.0299665551839468,23.84,44.100179137958165,0.0994551282051283,625,3905,23,16,78.78333333333333,368,58.879999999999995,58.430305248200895,0.44969475179910035,21.255397186225682,56.23981952318126,00-0031407,Blake,Bortles,5,B.Bortles
2016,REG,0,Andrew Luck,QB,IND,2.8795045871559632,7.679450867052022,8.865110294117647,-1.1856594270656249,18.71559633027523,56.956054989790154,-0.0650367647058825,545,4239,31,13,96.41819571865446,346,63.48623853211009,58.393362519596145,5.092876012513948,21.712037645485985,56.956054989790154,00-0029668,Andrew,Luck,12,A.Luck
2016,REG,0,Ryan Fitzpatrick,QB,NYJ,2.4463870967741936,7.052280701754387,9.758731343283584,-2.706450641529197,20.099255583126553,52.93606048810206,1.0522636815920394,403,2710,12,17,69.59780810587262,228,56.575682382134,60.22121207742253,-3.6455296952885305,21.848701862183276,53.489051216113374,00-0023682,Ryan,Fitzpatrick,14,R.Fitzpatrick
2016,REG,0,Jared Goff,QB,LAR,2.5367365853658534,4.9243749999999995,7.481804878048781,-2.557429878048781,25.853658536585368,51.386007823141895,-2.0791707317073174,205,1089,5,7,63.648373983739845,112,54.63414634146342,57.81784719991975,-3.1837008584563264,21.196133193890013,59.25489431262197,00-0033106,Jared,Goff,16,J.Goff
2016,REG,0,Andy Dalton,QB,CIN,2.502843694493783,6.686346153846154,8.554440497335701,-1.8680943434895472,17.939609236234457,61.28104192978446,-0.3354351687388988,563,4206,18,8,91.82578448786262,364,64.65364120781527,58.55306651034652,6.100574697468751,22.477147663414982,61.28104192978446,00-0027973,Andrew,Dalton,14,A.Dalton
2016,REG,0,Ryan Tannehill,QB,MIA,2.6026066838046273,5.950306513409963,8.086195372750643,-2.13588885934068,15.681233933161954,58.94877522052515,-0.9138046272493568,389,2995,19,12,93.50364181662383,261,67.09511568123393,61.38482613783511,5.710289543398822,22.016261654697363,70.71571961028184,00-0029701,Ryan,Tannehill,17,
2016,REG,0,Tyrod Taylor,QB,BUF,3.1287270642201834,7.186468401486989,9.912827586206896,-2.7263591847199073,14.220183486238533,61.114208658870815,0.7611034482758618,436,3023,17,6,89.65022935779817,269,61.69724770642202,60.25202087694864,1.445226829473377,23.43995961722089,72.33203508819588,00-0028118,Tyrod,Taylor,5,
2016,REG,0,Matthew Stafford,QB,DET,2.542214165261383,5.7584496124030995,7.97635135135135,-2.2179017389482505,20.57335581787521,58.78572956083815,-0.7787162162162165,593,4314,23,10,92.68198426082068,387,65.26138279932546,60.18638506902359,5.074997730301867,21.561330195476746,59.43563325144268,00-0026498,Matthew,Stafford,9,M.Stafford
2016,REG,0,Jay Cutler,QB,CHI,2.7645401459854013,7.905308641975307,9.534890510948905,-1.629581868973598,22.62773722627737,64.95735370225606,0.08963503649635068,137,1059,4,5,78.08698296836984,81,59.12408759124088,60.428762038911344,-1.3046744476704646,22.46582949495399,64.95735370225606,00-0024226,Jay,Cutler,6,J.Cutler
2016,REG,0,Cody Kessler,QB,CLE,2.896292307692308,6.073515625,7.844564102564101,-1.7710484775641016,20.51282051282051,40.511782236776504,-1.2272307692307693,195,1380,6,2,92.25427350427351,128,65.64102564102564,59.786815126788426,5.854210514237209,22.41705508166663,55.1720844268186,00-0033104,Cody,Kessler,6,
2016,REG,0,Bryce Petty,QB,NYJ,2.5208421052631573,5.669866666666666,9.207142857142857,-3.5372761904761916,18.796992481203006,58.25983607941238,0.01917293233082662,133,809,3,7,60.00939849624061,75,56.390977443609025,60.50992781450426,-4.118950370895234,22.83833273523573,58.25983607941238,00-0031568,Bryce,Petty,9,B.Petty
2016,REG,0,Jameis Winston,QB,TB,2.882070546737214,8.022782608695653,10.73649557522124,-2.713712966525586,21.869488536155202,50.71791498080338,1.359504424778761,567,4090,28,18,86.07804232804233,345,60.84656084656085,58.45267785256449,2.393882993996357,22.66233341064561,61.74641366103784,00-0031503,Jameis,Winston,3,J.Winston
2016,REG,0,Alex Smith,QB,KC,2.380834355828221,4.98359756097561,7.003394683026585,-2.019797122050975,15.950920245398773,52.135515725846616,-1.71439672801636,489,3502,15,8,91.2278459441036,328,67.07566462167689,66.65618888774776,0.41947573392913284,19.991145511875967,57.27357855067204,00-0023436,Alexander,Smith,11,A.Smith
2016,REG,0,Kirk Cousins,QB,WAS,2.8089801652892556,7.548669950738915,9.43704132231405,-1.8883713715751353,14.049586776859504,57.53134276201104,0.7395206611570249,605,4917,25,12,97.37947658402204,406,67.10743801652893,58.40578961894224,8.701648397586695,23.8741931385524,65.82442251930507,00-0029604,Kirk,Cousins,8,K.Cousins
2016,REG,0,Case Keenum,QB,LAR,2.384251552795031,6.1900510204081645,8.422647975077881,-2.2325969546697166,22.981366459627328,56.235271849614094,-0.22844236760124592,322,2201,9,11,76.37163561076605,196,60.86956521739131,58.66195285658103,2.2076123608102804,22.38288875182105,63.29186124613495,00-0028986,Casey,Keenum,17,
2016,REG,0,Cam Newton,QB,CAR,2.7007333333333334,8.322777777777777,10.978352941176471,-2.6555751633986944,24.509803921568626,64.01407970126573,1.7469803921568625,510,3509,19,14,75.84967320261438,270,52.94117647058824,53.594258321704814,-0.6530818511165748,25.20031775959587,65.46342872169163,00-0027939,Cam,Newton,1,C.Newton
2016,REG,0,Sam Bradford,QB,MIN,2.480186594202898,4.967645569620253,6.7689473684210535,-1.8013017988008002,19.384057971014492,50.68866934532806,-2.0477495462794915,552,3870,20,5,99.23007246376811,395,71.55797101449275,63.74136154317176,7.816609471320987,20.662676688308643,57.074548618451644,00-0027854,Sam,Bradford,8,S.Bradford
2017,REG,0,Case Keenum,QB,MIN,2.7788024948024947,5.219446153846154,7.545925155925156,-2.326479002079002,16.216216216216218,53.51030274629363,-1.3958627858627861,481,3547,22,7,98.29781704781703,325,67.56756756756756,64.80204197858885,2.7655255889787185,21.335773534264543,61.15605039568857,00-0028986,Casey,Keenum,7,C.Keenum
2017,REG,0,Russell Wilson,QB,SEA,3.0480601092896182,6.928053097345132,9.793989071038249,-2.8659359736931167,16.09403254972875,57.00154822458773,0.3659380692167578,553,3983,34,11,95.38502109704639,339,61.30198915009042,59.23567698429765,2.066312165792773,23.24287328107318,61.283441482997674,00-0029263,Russell,Wilson,3,R.Wilson
2017,REG,0,Jameis Winston,QB,TB,2.772412300683371,7.606595744680851,10.48496583143508,-2.878370086754229,20.361990950226243,50.90656932066823,1.478132118451025,442,3504,19,11,92.24170437405732,282,63.80090497737556,61.35340790217953,2.4474970751960257,22.48042329811117,60.81912281511466,00-0031503,Jameis,Winston,3,J.Winston
2017,REG,0,Matt Ryan,QB,ATL,2.7205038022813692,6.288976608187135,8.726311787072245,-2.4373351788851094,18.525519848771268,56.32570461166021,-0.08167300380228125,529,4095,20,12,91.36342155009451,342,64.65028355387523,63.54194601613936,1.1083375377358635,21.045342189626524,56.609006350579946,00-0026143,Matthew,Ryan,2,M.Ryan
2017,REG,0,DeShone Kizer,QB,CLE,2.844164210526316,5.63572549019608,9.218821052631577,-3.5830955624354974,20.3781512605042,52.61419200177838,-0.02117894736842109,476,2894,11,22,60.50420168067227,255,53.57142857142857,59.31164029273478,-5.74021172130621,22.164117513038597,56.10141620315836,00-0033899,DeShone,Kizer,7,D.Kizer
2017,REG,0,Joe Flacco,QB,BAL,2.6075256410256413,4.4363636363636365,6.557545787545788,-2.1211821511821514,13.296903460837886,58.69945996344429,-2.182380952380952,549,3141,18,13,80.41514875531269,352,64.11657559198542,67.54982132818789,-3.4332457362024655,19.272716447013725,62.27792225179001,00-0026158,Joseph,Flacco,5,J.Flacco
2017,REG,0,Derek Carr,QB,LV,2.4918912621359226,5.390959752321982,7.941108949416343,-2.5501491970943606,18.640776699029125,56.94481890391785,-1.1522762645914397,515,3496,22,13,86.3551779935275,323,62.71844660194175,64.52181093430924,-1.8033643323674937,20.894632878818726,56.94481890391785,00-0031280,Derek,Carr,4,D.Carr
2017,REG,0,Brian Hoyer,QB,NE,2.469066350710901,5.796829268292683,8.034881516587676,-2.238052248294993,15.639810426540285,57.946420079242166,-1.1120379146919437,211,1287,4,4,74.49644549763033,123,58.29383886255924,63.88068985882529,-5.586850996266051,21.63736289858354,62.89923687931356,00-0026625,Brian,Hoyer,2,B.Hoyer
2017,REG,0,Dak Prescott,QB,DAL,2.817903885480573,6.289577922077924,8.408261758691207,-2.1186838366132834,19.183673469387756,50.00957608298634,-0.18478527607361975,490,3324,22,13,86.64115646258503,308,62.857142857142854,61.59039642737836,1.2667464297644955,20.827980694598182,64.47503160138815,00-0033077,Rayne,Prescott,4,D.Prescott
2017,REG,0,Brock Osweiler,QB,DEN,2.7409411764705887,5.763437499999999,7.59364705882353,-1.8302095588235305,21.511627906976745,41.9520154462214,-1.482823529411765,172,1088,5,5,72.52906976744185,96,55.81395348837209,60.480730963307764,-4.666777474935671,20.56527957203231,49.31862934024018,00-0029682,Brock,Osweiler,17,B.Osweiler
2017,REG,0,Tyrod Taylor,QB,BUF,3.01984761904762,5.516273764258555,8.26297619047619,-2.7467024262176345,15.238095238095239,51.734067112493676,-1.0513095238095238,420,2793,14,4,89.1170634920635,263,62.61904761904762,65.06451025516505,-2.4454626361174263,20.72688934767752,56.70324946596976,00-0028118,Tyrod,Taylor,5,T.Taylor
2017,REG,0,Mike Glennon,QB,CHI,2.5771928571428573,5.225806451612904,6.331428571428572,-1.105622119815668,19.28571428571429,36.85326172810217,-3.3400000000000003,140,833,4,5,76.87500000000001,93,66.42857142857143,65.5379560430135,0.8906153855579362,19.038350924198546,49.16607163481743,00-0030520,Michael,Glennon,8,M.Glennon
2017,REG,0,Carson Wentz,QB,PHI,2.7206954545454547,7.6043773584905665,9.88918181818182,-2.2848044596912533,25.681818181818183,61.176820773884614,0.7528181818181819,440,3296,33,7,101.85606060606062,265,60.22727272727273,58.63354907805015,1.593723649222575,22.410071516675796,66.42281084085498,00-0032950,Carson,Wentz,11,C.Wentz
2017,REG,0,Jared Goff,QB,LAR,2.929334736842105,5.805506756756756,8.0736,-2.2680932432432446,14.255765199161424,61.83485263182892,-0.8253473684210526,477,3804,28,7,100.47606568832983,296,62.05450733752621,64.70488135466661,-2.6503740171404004,21.303240195842346,61.83485263182892,00-0033106,Jared,Goff,16,J.Goff
2017,REG,0,Tom Savage,QB,HOU,2.697423423423423,7.12344,9.513063063063063,-2.3896230630630626,20.179372197309416,46.9204006803011,0.4635135135135134,223,1411,5,6,71.42189835575485,125,56.05381165919282,56.70084109354446,-0.6470294343516443,22.398772406148325,54.90753318079405,00-0031064,Tom,Savage,3,T.Savage
2017,REG,0,Josh McCown,QB,NYJ,2.5458214285714287,5.758830188679246,7.598641025641025,-1.839810836961779,18.1360201511335,53.5839154970967,-1.327,397,2915,18,9,94.39021830394626,267,67.2544080604534,65.14299837238993,2.1114096880634747,20.290559454077158,53.5839154970967,00-0021206,Josh,McCown,15,J.McCown
2017,REG,0,Kirk Cousins,QB,WAS,2.695811111111111,5.55536023054755,7.815584415584416,-2.260224185036866,16.48148148148148,54.43260971145881,-1.0025974025974023,540,4093,27,13,93.85030864197532,347,64.25925925925927,64.20823588104987,0.0510233782093934,21.074386544976942,57.98849627296779,00-0029604,Kirk,Cousins,8,K.Cousins
2017,REG,0,Tom Brady,QB,NE,2.705846815834767,6.5781558441558445,8.954802065404476,-2.376646221248631,17.03958691910499,57.98300440646379,0.1544578313253014,581,4576,32,8,102.74311531841653,385,66.26506024096386,65.41525090979788,0.8498093311659858,21.173561286607022,60.498437996364835,00-0019596,Tom,Brady,12,T.Brady
2017,REG,0,Deshaun Watson,QB,HOU,3.1010148514851483,8.239920634920635,11.205891089108912,-2.9659704541882768,17.15686274509804,60.69414469287791,1.8494554455445547,204,1699,19,8,102.96160130718954,126,61.76470588235294,59.313256689803865,2.4514491925490773,23.82559999836891,65.08675518106583,00-0033537,Deshaun,Watson,4,D.Watson
2017,REG,0,Jay Cutler,QB,MIA,2.58288344988345,5.231015037593985,7.986060606060606,-2.7550455684666213,17.016317016317018,48.72276264745257,-1.2050815850815855,429,2666,19,14,80.81293706293707,266,62.004662004662,66.85690773620611,-4.852245731544109,20.99792673526176,56.965438644848504,00-0024226,Jay,Cutler,6,J.Cutler
2017,REG,0,Drew Brees,QB,NO,2.580789868667918,4.805751295336788,6.279512195121952,-1.4737608997851641,16.635514018691588,54.07648009994733,-2.5122326454033774,535,4338,23,7,104.8714953271028,386,72.14953271028037,68.88304345240103,3.2664892578793427,19.552187724519094,58.149766981476375,00-0020531,Drew,Brees,9,D.Brees
2017,REG,0,Jimmy Garoppolo,QB,SF,2.7488238636363636,6.756666666666667,9.165397727272728,-2.408731060606061,15.168539325842698,41.6907135942766,0.36994318181818203,178,1560,7,5,96.18445692883894,120,67.41573033707866,65.8919110119845,1.523819325094152,21.51417273339465,55.48346420331016,00-0031345,James,Garoppolo,10,J.Garoppolo
2017,REG,0,Drew Stanton,QB,ARI,2.7498364779874214,7.2275949367088606,10.581509433962264,-3.3539144972534034,20.125786163522015,47.00051489079667,1.4871698113207545,159,894,6,5,66.39150943396227,79,49.685534591194966,58.119436590083,-8.433901998888032,22.331014821679922,55.29209165875352,00-0025430,Drew,Stanton,5,D.Stanton
2017,REG,0,Trevor Siemian,QB,DEN,2.688570200573066,5.954223300970875,8.503553008595988,-2.5493297076251134,18.911174785100286,45.996005261326765,-0.5107736389684812,349,2285,12,14,73.2987106017192,206,59.02578796561605,62.13297613157243,-3.10718816595638,21.56760746579903,54.07610377976579,00-0032156,Trevor,Siemian,13,T.Siemian
2017,REG,0,Blaine Gabbert,QB,ARI,2.4232411764705883,6.6729473684210525,9.209000000000001,-2.536052631578949,23.391812865497073,58.12874676096157,0.46194117647058824,171,1086,6,6,71.91764132553607,95,55.55555555555556,61.92979535948463,-6.374239803929072,21.173448051910373,58.12874676096157,00-0027948,Blaine,Gabbert,7,B.Gabbert
2017,REG,0,Cam Newton,QB,CAR,2.717391038696537,5.596769759450172,8.212708757637476,-2.6159389981873034,20.528455284552845,52.35366653826645,-0.7872912423625251,492,3302,22,16,80.69105691056912,291,59.14634146341463,61.47862107027322,-2.3322796068585916,22.044812229635745,62.52977690668662,00-0027939,Cameron,Newton,1,C.Newton
2017,REG,0,Blake Bortles,QB,JAX,2.7345919540229877,5.468920634920636,7.611685823754789,-2.1427651888341535,19.120458891013385,48.749158967104236,-1.1296934865900383,523,3687,21,13,84.6757488846399,315,60.22944550669216,64.31575487430135,-4.086309367609189,18.973127396413506,50.77171850548295,00-0031407,Robby,Bortles,5,B.Bortles
2017,REG,0,Mitchell Trubisky,QB,CHI,2.6973221884498475,5.772448979591836,7.718085106382978,-1.9456361267911424,18.181818181818183,49.289660173306125,-2.3183890577507604,330,2194,7,7,77.51262626262626,196,59.3939393939394,65.08214600948673,-5.688206615547337,20.960919969272936,55.50218914601478,00-0033869,Mitchell,Trubisky,10,M.Trubisky
2017,REG,0,Andy Dalton,QB,CIN,2.4830282828282826,5.177508417508418,8.082545454545455,-2.9050370370370375,16.532258064516128,53.27157778778473,-0.7861414141414141,496,3320,25,12,86.59274193548386,297,59.87903225806451,62.71678828267437,-2.8377560246098597,20.96040596858589,55.37379344057981,00-0027973,Andrew,Dalton,14,A.Dalton
2017,REG,0,Philip Rivers,QB,LAC,2.6059389179755668,6.322305555555556,8.251954624781849,-1.9296490692262926,16.695652173913047,56.20050266679115,-0.8126178010471203,575,4515,28,10,95.96014492753623,360,62.60869565217392,65.45401270363642,-2.8453170514625015,21.389683614589078,56.7364054201533,00-0022942,Philip,Rivers,17,P.Rivers
2017,REG,0,Jacoby Brissett,QB,IND,2.8861287553648065,5.3505797101449275,7.62961373390558,-2.2790340237606523,15.778251599147122,59.86485112317578,-1.331759656652361,469,3098,13,7,81.66755508173416,276,58.84861407249466,63.58393760306685,-4.735323530572188,20.81759741802599,59.86485112317578,00-0033119,Jacoby,Brissett,7,J.Brissett
2017,REG,0,Brett Hundley,QB,GB,2.999294303797468,3.9769270833333334,7.152911392405063,-3.1759843090717292,12.658227848101266,46.971583963072824,-1.3059493670886078,316,1836,9,12,70.59599156118144,192,60.75949367088608,65.95471979036361,-5.195226119477532,20.66701306333218,53.82655478479001,00-0031589,Brett,Hundley,7,B.Hundley
2017,REG,0,C.J. Beathard,QB,SF,2.6010627802690585,5.616747967479675,7.354304932735426,-1.7375569652557505,12.5,59.08172729363962,-2.17932735426009,224,1430,4,6,69.23363095238096,123,54.91071428571429,65.23592984137524,-10.325215555660947,20.450420906327523,59.08172729363962,00-0033936,Casey,Beathard,3,C.Beathard
2017,REG,0,Carson Palmer,QB,ARI,2.612179775280899,7.06170731707317,9.383483146067416,-2.3217758289942463,23.220973782771537,47.39221982562116,-0.017265917602996013,267,1978,9,7,84.44912609238452,164,61.42322097378277,60.40435074253029,1.0188702312524782,21.421447722580222,55.239053214188964,00-0021429,Carson,Palmer,3,C.Palmer
2017,REG,0,Ryan Fitzpatrick,QB,TB,2.6573067484662576,7.270312499999999,8.949263803680982,-1.6789513036809822,15.950920245398773,53.577317028757605,0.06582822085889599,163,1103,7,3,86.00460122699386,96,58.895705521472394,63.96526924671571,-5.069563725243313,20.754678322869555,53.577317028757605,00-0023682,Ryan,Fitzpatrick,14,R.Fitzpatrick
2017,REG,0,Matthew Stafford,QB,DET,2.6512884955752214,5.98423180592992,8.033911504424779,-2.0496796984948586,19.646017699115045,57.14857566029096,-1.1696283185840706,565,4446,29,10,99.32522123893804,371,65.66371681415929,64.03926787485855,1.6244489393007342,20.83807210357607,59.43314647568308,00-0026498,John,Stafford,9,M.Stafford
2017,REG,0,Alex Smith,QB,KC,2.6680435643564357,5.659296187683285,7.438059405940593,-1.7787632182573079,12.673267326732674,52.4215461427837,-1.393623762376237,505,4042,26,5,104.740099009901,341,67.52475247524752,67.57870897798254,-0.053956502735019285,20.21598187813703,54.785206944940896,00-0023436,Alexander,Smith,11,A.Smith
2017,REG,0,Aaron Rodgers,QB,GB,2.645168776371308,5.0303246753246755,6.975907172995781,-1.9455824976711051,14.705882352941178,48.31401556484413,-1.3996202531645572,238,1675,16,6,97.23389355742297,154,64.70588235294117,65.94818979814774,-1.2423074452065634,20.740787722399794,53.98849970132529,00-0023459,Aaron,Rodgers,12,A.Rodgers
2017,REG,0,Eli Manning,QB,NYG,2.50283887915937,5.054005681818182,7.244701754385965,-2.190696072567783,19.614711033274958,46.197793237339816,-1.132491228070175,571,3468,19,13,80.36704611792177,352,61.646234676007005,64.73394765725747,-3.087712981250469,19.343896008042435,52.34033339595765,00-0022803,Elisha,Manning,10,E.Manning
2017,REG,0,Ben Roethlisberger,QB,PIT,2.5649425493716334,5.906305555555556,9.185170556552963,-3.278865000997407,19.073083778966133,54.874418447943484,0.4221543985637338,561,4251,28,14,93.37121212121212,360,64.1711229946524,64.12124820186386,0.04987479278854323,21.641241601022095,57.32065683503635,00-0022924,Ben,Roethlisberger,7,B.Roethlisberger
2017,REG,0,Marcus Mariota,QB,TEN,2.675232300884956,6.696832740213522,8.800685840707967,-2.1038531004944447,14.56953642384106,50.882512713111964,-0.37409292035398223,453,3232,13,15,79.27244297277409,281,62.03090507726269,64.46099316919218,-2.430088091929491,21.58795625839517,52.135505176415045,00-0032268,Marcus,Mariota,8,M.Mariota
2018,REG,0,Ben Roethlisberger,QB,PIT,2.552903273809524,4.809579646017699,7.670119047619047,-2.860539401601348,16.88888888888889,52.86311473986375,-0.8938690476190474,675,5130,34,16,96.46604938271604,452,66.96296296296296,66.43375580288746,0.5292071600755008,20.321761963535433,59.28813118997765,00-0022924,Ben,Roethlisberger,7,B.Roethlisberger
2018,REG,0,Tom Brady,QB,NE,2.615713028169014,5.644293333333333,7.653932980599647,-2.0096396472663143,13.859649122807017,49.899188370152885,-1.1009171075837736,570,4355,29,11,97.6608187134503,375,65.78947368421053,67.3524461640862,-1.5629724798756683,20.759877126824012,56.62442759092581,00-0019596,Tom,Brady,12,T.Brady
2018,REG,0,Dak Prescott,QB,DAL,2.8239980988593154,5.502359550561797,7.573047619047619,-2.070688068485822,17.680608365019012,48.22041476387361,-1.5202857142857145,526,3885,22,8,96.86311787072243,356,67.68060836501901,65.40388483837417,2.276723526644844,20.953584885404787,60.99462025457656,00-0033077,Rayne,Prescott,4,D.Prescott
2018,REG,0,Alex Smith,QB,WAS,2.7897638036809815,5.695170731707317,8.068707692307692,-2.373536960600375,17.682926829268293,48.93451951332516,-0.9128307692307694,328,2180,10,5,85.67073170731709,205,62.5,61.88505316073666,0.6149468392633395,20.41906738513108,55.014474459000326,00-0023436,Alex,Smith,11,A.Smith
2018,REG,0,Jameis Winston,QB,TB,2.8013740053050395,8.431475409836064,10.855305039787797,-2.423829629951733,20.37037037037037,54.84538722627455,1.5582228116710874,378,2992,19,14,90.17857142857143,244,64.55026455026454,62.38560002376005,2.1646645265044953,22.527064094539497,60.277794418840514,00-0031503,Jameis,Winston,3,J.Winston
2018,REG,0,Cam Newton,QB,CAR,2.693275641025641,5.039562500000001,7.100942184154176,-2.0613796841541756,17.197452229299362,40.48215656310814,-1.6720770877944329,471,3395,24,13,94.21886058032554,320,67.94055201698514,64.95887806318747,2.9816739537976673,21.049674602023114,51.45441866351227,00-0027939,Cameron,Newton,1,C.Newton
2018,REG,0,Ryan Fitzpatrick,QB,TB,2.645369918699187,8.843963414634146,10.194227642276424,-1.3502642276422776,20.32520325203252,53.715014660707304,1.169837398373984,246,2366,17,12,100.42344173441732,164,66.66666666666666,62.464548982074106,4.202117684592551,22.35241219476082,54.49125617931743,00-0023682,Ryan,Fitzpatrick,14,R.Fitzpatrick
2018,REG,0,Aaron Rodgers,QB,GB,2.9496672268907567,5.983252688172043,8.795344537815126,-2.8120918496430827,13.735343383584588,61.410319165430174,-0.1643193277310926,597,4442,25,2,97.57467895030709,372,62.311557788944725,63.35338901516231,-1.0418312262175817,23.270196305162184,63.00048571241336,00-0023459,Aaron,Rodgers,12,A.Rodgers
2018,REG,0,Nick Foles,QB,PHI,2.6806217616580312,4.6466666666666665,6.655181347150259,-2.008514680483593,14.871794871794872,55.58309095399427,-2.500259067357513,195,1413,7,4,95.9508547008547,141,72.3076923076923,67.13969996342293,5.167992344269379,19.645747393093046,56.88527489605724,00-0029567,Nick,Foles,9,N.Foles
2018,REG,0,Cody Kessler,QB,JAX,2.9151679389312983,4.197411764705882,6.6806106870229005,-2.483198922317018,12.213740458015266,44.620942392558234,-2.7239694656488553,131,709,2,2,77.43320610687023,85,64.8854961832061,62.9184108796238,1.9670853035823015,20.256626893555268,50.06102276222491,00-0033104,Cody,Kessler,6,C.Kessler
2018,REG,0,Andy Dalton,QB,CIN,2.608201657458564,6.150221238938053,8.367611111111112,-2.217389872173059,17.26027397260274,47.45602701448995,-0.6073888888888891,365,2566,21,11,89.5947488584475,226,61.917808219178085,62.49198523592459,-0.5741770167465035,21.673413552413102,55.22472815686828,00-0027973,Andy,Dalton,14,A.Dalton
2018,REG,0,C.J. Beathard,QB,SF,2.6115147928994085,5.0081372549019605,6.806568047337278,-1.7984307924353171,14.792899408284024,48.55542194235367,-2.30585798816568,169,1252,8,7,81.76775147928993,102,60.35502958579882,67.86661650213969,-7.511586916340875,19.697560638137084,53.60633171557255,00-0033936,Casey,Beathard,3,C.Beathard
2018,REG,0,Case Keenum,QB,DEN,2.6845205479452052,5.569013698630137,7.453825042881647,-1.88481134425151,16.040955631399317,55.2887294120601,-1.4998627787307035,586,3890,18,15,81.22155858930604,365,62.28668941979522,63.794611128994326,-1.5079217091991026,20.74204495683441,55.2887294120601,00-0028986,Casey,Keenum,4,C.Keenum
2018,REG,0,Kirk Cousins,QB,MIN,2.7371227197346597,5.563905882352941,7.435688225538974,-1.871782343186033,12.871287128712872,62.87184823114396,-1.1911774461028193,606,4298,30,10,99.70434543454346,425,70.13201320132013,65.17666907575314,4.955344125566995,20.94533058528548,62.87184823114396,00-0029604,Kirk,Cousins,8,K.Cousins
2018,REG,0,Eli Manning,QB,NYG,2.646937391304348,5.26921052631579,7.197756521739132,-1.9285459954233417,18.75,55.42572056365167,-1.9952869565217386,576,4299,21,11,92.35387731481482,380,65.97222222222221,67.42147792489655,-1.4492557026743356,20.14173076186197,58.44469265895749,00-0022803,Elisha,Manning,10,E.Manning
2018,REG,0,Blake Bortles,QB,JAX,2.7661215880893297,4.917119341563786,6.9758312655086865,-2.0587119239449008,16.87344913151365,46.829893230713225,-1.592406947890819,403,2718,13,11,79.81286186931348,243,60.297766749379655,67.22558497014471,-6.9278182207650545,18.413028039080153,49.135343694737706,00-0031407,Robby,Bortles,5,B.Bortles
2018,REG,0,Mitchell Trubisky,QB,CHI,2.6597251732101617,6.039342560553633,8.781131639722863,-2.74178907916923,17.741935483870968,60.7021449373908,0.07905311778290991,434,3223,24,12,95.43010752688174,289,66.58986175115207,65.3425079774678,1.2473537736842673,22.043666002854895,63.77694332593873,00-0033869,Mitchell,Trubisky,10,M.Trubisky
2018,REG,0,Joe Flacco,QB,BAL,2.7133590425531913,5.927844827586207,8.402906666666667,-2.4750618390804595,16.886543535620053,50.55363191700474,-0.37309333333333333,379,2465,12,6,84.1523746701847,232,61.21372031662269,63.92292397674816,-2.7092036601254676,21.218163652043486,58.491531865732505,00-0026158,Joseph,Flacco,5,J.Flacco
2018,REG,0,Lamar Jackson,QB,BAL,3.101252941176471,6.497070707070708,8.323392857142858,-1.8263221500721505,17.647058823529413,35.75987276263717,-0.5099404761904762,170,1201,6,3,84.46078431372548,99,58.235294117647065,63.64061746527167,-5.405323347624602,19.636329649030635,58.58355144577699,00-0034796,Lamar,Jackson,8,L.Jackson
2018,REG,0,Nick Mullens,QB,SF,2.697492592592592,5.752784090909092,7.414609665427509,-1.6618255745184172,12.043795620437956,37.78385898766827,-1.4032342007434941,274,2277,13,10,90.84549878345499,176,64.23357664233576,64.57015516399576,-0.3365785216600017,19.681058858368512,54.59738088956283,00-0033319,Nicholas,Mullens,4,N.Mullens
2018,REG,0,Ryan Tannehill,QB,MIA,2.6485531135531133,4.8861931818181805,7.900732600732601,-3.0145394189144206,13.503649635036496,55.29891319004379,-1.4875457875457876,274,1979,17,9,92.7007299270073,176,64.23357664233576,65.2505832744667,-1.0170066321309434,21.36933051589678,57.656800119326775,00-0029701,Ryan,Tannehill,17,R.Tannehill
2018,REG,0,Drew Brees,QB,NO,2.5861881390593044,5.877142857142856,7.113394683026585,-1.2362518258837287,15.541922290388548,45.52012412109616,-1.5716768916155421,489,3992,32,5,115.68251533742331,364,74.43762781186093,67.27855876545233,7.159069046408604,20.191192865277053,51.34780618488,00-0020531,Drew,Brees,9,D.Brees
2018,REG,0,Baker Mayfield,QB,CLE,2.7918861283643888,6.294677419354838,9.044615384615385,-2.749937965260547,15.637860082304528,63.79345185832164,0.044615384615384245,486,3725,27,14,93.68998628257886,310,63.78600823045267,64.13582513461449,-0.34981690416181976,22.097933164465022,63.79345185832164,00-0034855,Baker,Mayfield,6,B.Mayfield
2018,REG,0,Josh Rosen,QB,ARI,2.7658469387755096,5.8518433179723495,8.37413881748072,-2.5222954995083704,21.62849872773537,58.62328888760848,-0.9626221079691516,393,2278,11,14,66.73558100084817,217,55.216284987277355,58.52527080800469,-3.3089858207273366,21.113921522493783,58.62328888760848,00-0034343,Joshua,Rosen,3,J.Rosen
2018,REG,0,Sam Darnold,QB,NYJ,2.907946731234867,6.515020920502093,9.350217917675545,-2.835196997173452,19.565217391304348,54.12780801030095,0.1080871670702181,414,2865,17,15,77.61674718196457,239,57.729468599033815,59.703609021605494,-1.9741404225716792,22.625101388336578,60.788344277501096,00-0034869,Sam,Darnold,14,S.Darnold
2018,REG,0,Josh Allen,QB,BUF,3.2177843749999995,6.47869822485207,11.02934375,-4.550645525147931,13.750000000000002,63.93564576978949,1.40121875,320,2074,10,12,67.890625,169,52.81249999999999,60.91919336002321,-8.106693360023215,23.969448079535997,67.25752299928982,00-0034857,Joshua,Allen,17,J.Allen
2018,REG,0,Patrick Mahomes,QB,KC,2.9096027633851467,6.383550913838121,9.153217391304349,-2.7696664774662274,12.241379310344827,60.69449151282182,0.2488695652173916,580,5097,50,12,113.8433908045977,383,66.0344827586207,64.52183469198644,1.5126480666342559,21.212149417919797,64.93504754753013,00-0033873,Patrick,Mahomes,15,P.Mahomes
2018,REG,0,Matthew Stafford,QB,DET,2.6367870036101078,4.701362397820164,7.003182640144667,-2.301820242324503,16.036036036036037,53.40323960210653,-1.967884267631103,555,3777,21,11,89.89864864864866,367,66.12612612612612,65.79165145184274,0.33447467428338484,20.211484982724322,58.42302628245134,00-0026498,John,Stafford,9,M.Stafford
2018,REG,0,Jared Goff,QB,LAR,2.9496153846153845,6.95521978021978,8.809087656529517,-1.853867876309737,13.19073083778966,62.73138369269404,0.08994633273703032,561,4688,32,12,101.07323232323233,364,64.88413547237076,64.66970227512658,0.2144331972441762,21.90746624402537,62.73138369269404,00-0033106,Jared,Goff,16,J.Goff
2018,REG,0,Philip Rivers,QB,LAC,2.617966535433071,6.257319884726225,7.9059251968503945,-1.64860531212417,15.748031496062993,55.34068033553617,-1.1413188976377953,508,4308,32,12,105.495406824147,347,68.30708661417323,65.79071116875711,2.5163754454161165,20.208580317572956,57.14835518192978,00-0022942,Philip,Rivers,17,P.Rivers
2018,REG,0,Marcus Mariota,QB,TEN,2.683184290030212,5.249254385964912,7.475438066465257,-2.2261836805003448,12.084592145015106,51.052568985311595,-1.3281873111782478,331,2528,11,8,92.31495468277947,228,68.8821752265861,68.73386596354834,0.14830926303775982,19.817302097459546,55.559734520604025,00-0032268,Marcus,Mariota,8,M.Mariota
2018,REG,0,Andrew Luck,QB,IND,2.631750392464678,6.069046511627907,7.600377358490568,-1.5313308468626605,17.996870109546165,51.65994967090076,-1.1622012578616354,639,4593,39,15,98.67305685967658,430,67.2926447574335,66.01567921958899,1.2769655378445037,20.02166713142942,61.802020193517954,00-0029668,Andrew,Luck,12,A.Luck
2018,REG,0,Brock Osweiler,QB,MIA,2.770401129943503,4.818407079646017,7.801931818181817,-2.9835247385357997,8.98876404494382,45.78010921786885,-0.22647727272727322,178,1247,6,4,86.04868913857678,113,63.48314606741573,64.13116591532578,-0.6480198479100494,20.514018600210775,56.550694071779525,00-0029682,Brock,Osweiler,8,B.Osweiler
2018,REG,0,Derek Carr,QB,LV,2.5574212454212457,4.978372703412075,6.731724770642201,-1.7533520672301268,13.200723327305605,49.66691051394278,-1.993045871559633,553,4049,19,10,93.92329716696807,381,68.89692585895118,67.71559104538956,1.1813348135616195,19.40066887403654,60.40514713168075,00-0031280,Derek,Carr,4,D.Carr
2018,REG,0,Russell Wilson,QB,SEA,3.016260143198091,7.334749999999999,9.242511961722487,-1.9077619617224881,14.285714285714285,54.39899723340496,0.02720095693779907,427,3448,35,7,110.86553473848555,280,65.57377049180327,61.52743051478539,4.046339977017887,22.51102634239591,64.5129831894325,00-0029263,Russell,Wilson,3,R.Wilson
2018,REG,0,Matt Ryan,QB,ATL,2.6803855024711694,6.547085308056872,8.50196046128501,-1.954875153228139,16.776315789473685,54.893239110112646,-0.5458154859967052,608,4924,35,8,107.37390350877192,422,69.4078947368421,64.73715826715832,4.670736469683774,20.901730653458774,59.291903325833616,00-0026143,Matthew,Ryan,2,M.Ryan
2018,REG,0,Carson Wentz,QB,PHI,2.663390977443609,5.799172661870503,7.786256281407034,-1.9870836195365316,15.96009975062344,54.98367212182177,-1.0856030150753768,401,3074,21,7,102.18724023275145,279,69.57605985037407,66.2238423586823,3.3522174916917606,20.51338795384944,59.077068309116356,00-0032950,Carson,Wentz,11,C.Wentz
2018,REG,0,Jeff Driskel,QB,CIN,2.5575454545454543,4.628095238095239,7.768750000000001,-3.140654761904762,21.022727272727273,44.853767957664374,-1.8392045454545454,176,1003,6,2,82.17329545454545,105,59.65909090909091,62.5591629862108,-2.9000720771198942,20.8612909272299,51.39127163244746,00-0032436,Jeffrey,Driskel,6,J.Driskel
2018,REG,0,Deshaun Watson,QB,HOU,3.011364729458918,6.772115942028986,8.765230460921844,-1.9931145188928578,14.455445544554454,61.27838281155925,-0.21272545090180345,505,4165,26,9,103.11468646864688,345,68.31683168316832,64.7156846323189,3.60114705084942,21.221334877654602,63.813078596789225,00-0033537,Derrick,Watson,4,D.Watson
2019,REG,0,David Blough,QB,DET,2.8757126436781606,6.824574468085106,8.528690476190476,-1.7041160081053706,19.54022988505747,50.22092193498642,-0.19154761904761908,174,984,4,6,63.96072796934865,94,54.02298850574713,61.98420330625156,-7.961214800504429,21.92887654230121,50.22092193498642,00-0035040,David,Blough,10,D.Blough
2019,REG,0,Deshaun Watson,QB,HOU,2.8163874239350912,6.464834834834835,8.82078512396694,-2.355950289132106,15.757575757575756,59.37895671026901,0.21954545454545432,495,3852,26,12,97.97558922558922,333,67.27272727272727,66.56564617962248,0.7070810931047902,20.80701435904155,63.14766899894248,00-0033537,Derrick,Watson,4,D.Watson
2019,REG,0,Russell Wilson,QB,SEA,2.8504385964912284,6.847947214076245,9.439107505070993,-2.5911602909947478,18.6046511627907,58.08258689142556,0.24438133874239368,516,4110,31,5,106.33074935400518,341,66.08527131782945,61.48296320384961,4.602308113979845,22.87906352267657,62.37438977657417,00-0029263,Russell,Wilson,3,R.Wilson
2019,REG,0,Sam Darnold,QB,NYJ,2.920507972665148,5.593186813186813,8.585966183574879,-2.9927793703880656,17.913832199546487,46.187708321587024,0.01833333333333317,441,3024,19,13,84.32067271352986,273,61.904761904761905,61.32945336587304,0.5753085388888621,21.629626080930038,54.92943928350262,00-0034869,Sam,Darnold,14,S.Darnold
2019,REG,0,Devlin Hodges,QB,PIT,2.8417375,4.5437,7.220694444444446,-2.6769944444444453,10.625,46.94606479780814,-1.97375,160,1063,5,8,71.43229166666667,100,62.5,62.235238654538996,0.2647613454610038,21.49937843203348,56.027564644556875,00-0035577,Devlin,Hodges,6,D.Hodges
2019,REG,0,Drew Lock,QB,DEN,2.829083333333333,4.640700000000001,6.945065789473685,-2.3043657894736844,14.102564102564102,46.85520888866039,-1.9365131578947363,156,1020,7,3,89.69017094017096,100,64.1025641025641,66.45993237885145,-2.357368276287346,20.81635350474495,58.205983369409715,00-0035704,Drew,Lock,3,D.Lock
2019,REG,0,Dak Prescott,QB,DAL,2.876715966386555,7.5865979381443305,9.420258620689655,-1.8336606825453243,17.953020134228186,56.2247712311931,0.5702586206896559,596,4902,30,11,99.69239373601789,388,65.1006711409396,62.24205094302111,2.8586201979184835,22.348836195906216,67.26060139487308,00-0033077,Rayne,Prescott,4,D.Prescott
2019,REG,0,Gardner Minshew,QB,JAX,2.851820895522388,5.90021052631579,7.513849557522122,-1.6136390312063327,15.53191489361702,53.997290672773566,-1.7803982300884962,470,3271,21,6,91.18794326241137,285,60.63829787234043,65.39812817139195,-4.759830299051515,20.046510504086314,53.997290672773566,00-0035289,Gardner,Minshew,15,G.Minshew II
2019,REG,0,Teddy Bridgewater,QB,NO,2.8167908163265305,4.611804511278195,6.16860962566845,-1.5568051143902553,13.77551020408163,45.40443260299594,-3.312673796791443,196,1384,9,2,99.10714285714285,133,67.85714285714286,66.97441597222065,0.8827268849222065,19.2342804904763,46.24818807261534,00-0031237,Theodore,Bridgewater,5,T.Bridgewater
2019,REG,0,Baker Mayfield,QB,CLE,2.7849041353383455,6.261356466876971,8.723696498054476,-2.462340031177505,18.91385767790262,58.05954529618709,-0.391089494163424,534,3827,22,21,78.7609238451935,317,59.36329588014981,62.11999604820312,-2.7567001680533068,21.735868004849895,66.64941260056236,00-0034855,Baker,Mayfield,6,B.Mayfield
2019,REG,0,Matthew Stafford,QB,DET,2.6852076124567468,8.343582887700535,10.896013986013987,-2.552431098313452,23.367697594501717,58.47010347177436,2.0848251748251747,291,2499,19,5,106.0209049255441,187,64.26116838487972,60.658168482923834,3.60299990195589,23.741557399157795,60.75476689116665,00-0026498,Matthew,Stafford,9,M.Stafford
2019,REG,0,Derek Carr,QB,LV,2.8157103718199616,4.927700831024931,6.487246376811593,-1.559545545786662,11.695906432748536,47.45761582717783,-2.098674948240165,513,4054,21,8,100.80003248862897,361,70.37037037037037,68.1013500161803,2.2690203541900615,18.900497935006346,55.69296993337669,00-0031280,Derek,Carr,4,D.Carr
2019,REG,0,Marcus Mariota,QB,TEN,2.837386075949367,6.245052631578947,7.4841891891891885,-1.2391365576102418,15.0,48.08704815228316,-2.150945945945946,160,1203,7,2,92.265625,95,59.375,61.83610383886844,-2.461103838868439,19.771132263634602,48.81942236446474,00-0032268,Marcus,Mariota,8,M.Mariota
2019,REG,0,Ryan Fitzpatrick,QB,MIA,2.6088597194388776,7.131479099678456,9.025050709939148,-1.8935716102606914,20.916334661354583,52.393551129886205,-0.02160243407707939,502,3529,20,13,85.49136786188579,311,61.952191235059765,62.57538763227394,-0.6231963972141727,20.710044317200506,59.28662665390907,00-0023682,Ryan,Fitzpatrick,14,R.Fitzpatrick
2019,REG,0,Aaron Rodgers,QB,GB,2.882102112676056,5.388243626062324,8.946493506493505,-3.5582498804311813,14.235500878734623,54.93627581116143,0.13758812615955474,569,4002,26,4,95.39030462800234,353,62.038664323374334,64.18786603345262,-2.1492017100782874,23.20529210199112,60.48820463528406,00-0023459,Aaron,Rodgers,12,A.Rodgers
2019,REG,0,Andy Dalton,QB,CIN,2.510345489443378,5.956656050955413,8.093611111111112,-2.1369550601556995,20.833333333333336,52.29328541983186,-0.9143253968253967,528,3494,16,14,78.26704545454545,314,59.46969696969697,61.59611501498148,-2.1264180452845096,21.44696892968383,57.288225666361846,00-0027973,Andrew,Dalton,14,A.Dalton
2019,REG,0,Mason Rudolph,QB,PIT,2.799120141342756,4.494147727272727,8.027299270072993,-3.5331515428002653,18.021201413427562,50.07564278169576,-1.20992700729927,283,1765,13,9,81.95671378091873,176,62.19081272084806,61.9582884895612,0.23252423128685962,20.753311672492018,56.15936253199461,00-0034771,Mason,Rudolph,2,M.Rudolph
2019,REG,0,Daniel Jones,QB,NYG,2.843729847494554,5.6770774647887325,8.194330357142857,-2.517252892354124,22.440087145969496,47.415407833319335,-0.6895982142857144,459,3027,24,12,87.65885984023237,284,61.87363834422658,61.27174056169612,0.6018977825304574,21.31537677458142,53.40647619905287,00-0035710,Daniel,Jones,8,D.Jones
2019,REG,0,Case Keenum,QB,WAS,2.754848979591836,5.478375000000001,6.914666666666667,-1.4362916666666665,17.408906882591094,50.193736661061614,-1.9144999999999996,247,1707,11,5,91.27024291497975,160,64.77732793522267,63.91406065901282,0.8632672762098537,19.424552407486544,50.193736661061614,00-0028986,Casey,Keenum,8,C.Keenum
2019,REG,0,Carson Wentz,QB,PHI,2.709925742574258,5.490902061855669,8.089266666666665,-2.598364604810996,15.980230642504118,58.416012359626194,-0.4657333333333332,607,4039,27,7,93.09788577704558,388,63.92092257001647,64.76423682390269,-0.8433142538862199,20.858554995507212,64.69578425214428,00-0032950,Carson,Wentz,11,C.Wentz
2019,REG,0,Drew Brees,QB,NO,2.5701313672922255,5.240569395017794,6.661424657534247,-1.4208552625164526,13.756613756613756,42.794799917747014,-2.0125479452054793,378,2979,27,4,116.26984126984128,281,74.33862433862434,67.65803442233138,6.680589916292959,19.894050169660638,53.064437243788795,00-0020531,Drew,Brees,9,D.Brees
2019,REG,0,Eli Manning,QB,NYG,2.6575510204081634,6.671318681318682,8.505985915492957,-1.8346672341742751,19.047619047619047,47.453920807452775,-0.4940140845070425,147,1042,6,5,82.63888888888889,91,61.904761904761905,64.71471733787433,-2.809955433112428,21.24161958221315,55.49851169175621,00-0022803,Elisha,Manning,10,E.Manning
2019,REG,0,Joe Flacco,QB,DEN,2.624540229885057,5.054385964912281,6.7566,-1.702214035087719,12.213740458015266,50.63829578490967,-2.2074,262,1822,6,5,85.13040712468192,171,65.2671755725191,65.36349649078973,-0.09632091827063505,19.82166855208053,51.696345131933654,00-0026158,Joe,Flacco,5,J.Flacco
2019,REG,0,Philip Rivers,QB,LAC,2.6278214285714285,5.985846153846153,8.593368421052633,-2.6075222672064795,17.089678510998308,56.50273002253962,-0.7031228070175438,591,4615,23,20,88.48350253807106,390,65.98984771573603,63.765565824715424,2.2242818910206097,21.32791711972939,57.69915250677431,00-0022942,Philip,Rivers,17,P.Rivers
2019,REG,0,Lamar Jackson,QB,BAL,2.918694235588972,6.516515151515151,8.786917098445596,-2.270401946930445,14.713216957605985,51.500300969994335,0.0511658031088084,401,3127,36,6,113.33645054031587,265,66.08478802992519,65.91888694604859,0.16590108387660507,20.816635547366925,55.851918498830464,00-0034796,Lamar,Jackson,8,L.Jackson
2019,REG,0,Patrick Mahomes,QB,KC,2.8167644628099175,6.248150470219436,8.637680851063832,-2.3895303808443966,12.190082644628099,55.10829520135785,-0.6750851063829789,484,4031,26,5,105.3116391184573,319,65.9090909090909,67.06356537097311,-1.1544744618822023,21.904431808755128,59.2587790964343,00-0033873,Patrick,Mahomes,15,P.Mahomes
2019,REG,0,Matt Ryan,QB,ATL,2.77389918699187,6.788774509803921,8.283915254237288,-1.4951407444333666,16.558441558441558,52.18394101637016,-1.187271186440678,616,4466,26,14,92.08603896103895,408,66.23376623376623,64.00536036983665,2.2284058639295807,20.02656674595581,55.55143652508007,00-0026143,Matthew,Ryan,2,M.Ryan
2019,REG,0,Jimmy Garoppolo,QB,SF,2.6529662447257385,5.375775075987843,6.509225806451614,-1.133450730463771,15.336134453781513,57.15890569281396,-2.4520645161290324,476,3978,27,13,102.03081232492997,329,69.11764705882352,67.09069852871788,2.026948530105642,19.31193467359257,57.15890569281396,00-0031345,James,Garoppolo,10,J.Garoppolo
2019,REG,0,Dwayne Haskins,QB,WAS,2.8733960396039606,6.375798319327731,8.731785714285715,-2.3559873949579844,22.660098522167488,52.82795188155604,-0.7018877551020405,203,1365,7,7,76.07758620689654,119,58.620689655172406,63.01443336412237,-4.3937437089499625,21.587642359423704,55.9348201034025,00-0035232,Dwayne,Haskins,7,D.Haskins
2019,REG,0,Josh Allen,QB,BUF,2.856982532751091,6.243653136531365,9.397603686635946,-3.1539505501045815,15.40130151843818,50.14178397304986,0.07963133640553031,461,3089,20,9,85.31724511930587,271,58.78524945770065,62.86881921041167,-4.083569752711021,22.218533733063133,58.103307995328464,00-0034857,Joshua,Allen,17,J.Allen
2019,REG,0,Kyle Allen,QB,CAR,2.7104610655737704,5.292574257425743,8.283088552915768,-2.9905142954900246,16.56441717791411,56.375775826147176,-0.47501079913606903,489,3322,17,16,79.98040218132242,303,61.963190184049076,63.31137151691628,-1.348181332867206,21.198514683357363,57.55441338420538,00-0034577,Kyle,Allen,7,K.Allen
2019,REG,0,Tom Brady,QB,NE,2.745391517128874,5.571967654986521,7.577750865051904,-2.005783210065383,15.171288743882544,50.875046928725276,-1.5935294117647059,613,4057,24,8,87.97920065252855,373,60.848287112561174,63.84532841164099,-2.997041299079818,20.48426898258742,53.187765510500626,00-0019596,Tom,Brady,12,T.Brady
2019,REG,0,Mitchell Trubisky,QB,CHI,2.6393138401559453,5.119447852760736,8.014314115308151,-2.8948662625474153,17.829457364341085,56.34174739924207,-1.0831013916500993,516,3138,17,10,82.9780361757106,326,63.17829457364341,63.930223232352176,-0.7519286587087635,21.273028868315215,59.01006778508224,00-0033869,Mitchell,Trubisky,10,M.Trubisky
2019,REG,0,Ryan Tannehill,QB,TEN,2.9031236749116607,7.516965174129353,9.649892086330935,-2.132926912201582,19.58041958041958,60.083632546642846,0.552769784172662,286,2742,22,6,117.49708624708626,201,70.27972027972028,61.750087623933815,8.529632655786465,21.93741236367539,60.083632546642846,00-0029701,Ryan,Tannehill,17,R.Tannehill
2019,REG,0,Jameis Winston,QB,TB,2.7714278846153846,8.192394736842104,10.534148760330579,-2.341754023488475,16.773162939297126,58.19321266264649,1.3804297520661157,626,5109,33,30,84.27848775292864,380,60.70287539936102,60.36959494949101,0.33328044987000993,22.944933887189183,64.2075268173444,00-0031503,Jameis,Winston,3,J.Winston
2019,REG,0,Kirk Cousins,QB,MIN,3.0060225225225223,5.998534201954398,8.005545023696683,-2.007010821742285,13.063063063063062,60.50721114049135,-0.9897156398104263,444,3603,26,6,107.4042792792793,307,69.14414414414415,62.98312403320394,6.161020110940207,20.860700606315696,60.50721114049135,00-0029604,Kirk,Cousins,8,K.Cousins
2019,REG,0,Jared Goff,QB,LAR,2.8004656000000003,5.904822335025381,7.799390444810543,-1.8945681097851619,12.779552715654951,60.46097915184636,-1.2022570016474465,626,4638,22,16,86.46831735889243,394,62.939297124600635,66.13768161461947,-3.1983844900188316,21.056644748367642,60.46097915184636,00-0033106,Jared,Goff,16,J.Goff
2019,REG,0,Jacoby Brissett,QB,IND,2.9272837837837833,5.081029411764707,7.889716312056738,-2.808686900292031,17.002237136465325,57.94138848871332,-1.4838061465721042,447,2942,18,6,88.04530201342281,272,60.85011185682326,64.44010922322737,-3.5899973664041056,21.265342297314824,65.18283362972186,00-0033119,Jacoby,Brissett,7,J.Brissett
2019,REG,0,Kyler Murray,QB,ARI,2.7276765799256504,5.081060171919771,7.116808510638299,-2.035748338718528,14.022140221402212,55.123973913352806,-1.8619148936170213,542,3722,20,12,87.43081180811808,349,64.39114391143912,67.16352242880201,-2.7723785173628954,20.95449242009165,55.331980806763106,00-0035228,Kyler,Murray,1,K.Murray
2020,REG,0,Justin Herbert,QB,LAC,2.6873045685279187,5.216843434343434,7.5023448275862075,-2.2855013932427735,17.983193277310924,63.16346095647388,-1.2735172413793099,595,4336,31,10,98.27380952380952,396,66.55462184873949,64.138552873638,2.4160689751014814,20.84259542791322,63.16346095647388,00-0036355,Justin,Herbert,10,J.Herbert
2020,REG,0,Nick Mullens,QB,SF,2.6316625766871162,5.621563981042655,6.633949843260188,-1.012385862217533,14.417177914110429,54.12670505397497,-2.491442006269592,326,2437,12,12,84.1002044989775,211,64.7239263803681,66.94677393266394,-2.222847552295846,18.728682575360995,54.12670505397497,00-0033319,Nicholas,Mullens,4,N.Mullens
2020,REG,0,Baker Mayfield,QB,CLE,3.050419958419958,7.35767213114754,9.03644591611479,-1.67877378496725,13.786008230452676,53.37575854261932,0.41613686534216315,486,3563,26,8,95.90192043895748,305,62.757201646090536,62.25208239764283,0.5051192484477056,21.873965060755314,68.10220627850467,00-0034855,Baker,Mayfield,6,B.Mayfield
2020,REG,0,Ryan Fitzpatrick,QB,MIA,2.380627819548872,6.455300546448087,7.887234848484849,-1.4319343020367619,21.34831460674157,51.3839994550833,-0.6582196969696971,267,2091,13,8,95.57584269662921,183,68.53932584269663,63.685696055826625,4.853629786870002,19.598042802771236,55.29841317795656,00-0023682,Ryan,Fitzpatrick,14,R.Fitzpatrick
2020,REG,0,Joe Burrow,QB,CIN,2.648600997506234,5.727537878787879,8.78208651399491,-3.0545486352070315,21.534653465346533,45.59974232383337,-0.14412213740458038,404,2688,13,5,89.83085808580859,264,65.34653465346535,60.85804798455891,4.488486668906447,21.045765376754474,65.75714790043742,00-0036442,Joe,Burrow,9,J.Burrow
2020,REG,0,Aaron Rodgers,QB,GB,2.7242447418738047,5.483064516129032,8.075329341317365,-2.592264825188334,11.216730038022813,60.299924543899714,-0.4156886227544909,526,4299,48,5,121.53041825095056,372,70.72243346007605,67.37027852282552,3.352154937250532,22.43210150037125,65.19601598257367,00-0023459,Aaron,Rodgers,12,A.Rodgers
2020,REG,0,Dwayne Haskins,QB,WAS,2.552485477178423,3.610472972972973,6.86818565400844,-3.257712681035467,17.42738589211618,50.209665404182886,-2.0938396624472575,241,1439,5,7,72.95124481327801,148,61.41078838174274,68.4293075654022,-7.018519183659457,20.52960532671917,51.64047346800763,00-0035232,Dwayne,Haskins,7,D.Haskins
2020,REG,0,Mike Glennon,QB,JAX,2.5754858757062147,5.92054054054054,8.323099415204679,-2.4025588746641384,22.3463687150838,45.03151785138937,-0.0979532163742685,179,1072,7,5,80.10940409683425,111,62.01117318435754,62.560217498734005,-0.5490443143764665,20.959487849783226,54.93319033152908,00-0030520,Michael,Glennon,2,M.Glennon
2020,REG,0,Cam Newton,QB,NE,2.8388989071038253,5.621611570247933,7.022760563380284,-1.4011489931323506,12.771739130434783,58.01708455274187,-2.273014084507042,368,2657,8,10,82.89175724637681,242,65.76086956521739,67.75425761816618,-1.993388052948788,19.379567973269243,58.01708455274187,00-0027939,Cameron,Newton,1,C.Newton
2020,REG,0,Ryan Tannehill,QB,TEN,2.6889168399168404,7.250222222222221,8.422586206896549,-1.1723639846743277,18.711018711018713,54.642555760139906,-0.09034482758620709,481,3819,33,7,106.5445252945253,315,65.48856548856548,62.183320741488636,3.3052447470768485,20.67042806187256,55.51398022120193,00-0029701,Ryan,Tannehill,17,R.Tannehill
2020,REG,0,Jared Goff,QB,LAR,2.759096363636364,4.769486486486486,6.548133333333333,-1.778646846846847,12.681159420289855,56.68256257439318,-1.9128190476190476,552,3952,20,13,90.03623188405797,370,67.02898550724638,66.52933832703401,0.49964718021236365,20.01481779134753,61.93545753443661,00-0033106,Jared,Goff,16,J.Goff
2020,REG,0,Matt Ryan,QB,ATL,2.8736848,7.160982800982801,8.909620462046204,-1.7486376610634036,14.696485623003195,56.680742761541154,0.2677062706270626,626,4581,26,11,93.27742279020234,407,65.01597444089457,64.0423074376564,0.9736670032381625,21.391967029079215,56.680742761541154,00-0026143,Matthew,Ryan,2,M.Ryan
2020,REG,0,Dak Prescott,QB,DAL,2.770990950226245,6.785496688741722,7.963196347031964,-1.1776996582902424,15.315315315315313,50.81186967628725,-0.5801826484018267,222,1856,9,4,99.60585585585586,151,68.01801801801803,64.0815034307338,3.936514587284222,21.054673526696085,52.262036891035926,00-0033077,Rayne,Prescott,4,D.Prescott
2020,REG,0,Daniel Jones,QB,NYG,2.758139013452915,6.436571428571428,7.703518518518519,-1.2669470899470907,17.633928571428573,50.93934530399855,-1.490925925925926,448,2943,11,10,80.42224702380952,280,62.5,61.35124901525809,1.148750984741909,20.22875853066249,59.12279425061031,00-0035710,Daniel,Jones,8,D.Jones
2020,REG,0,Philip Rivers,QB,IND,2.520629629629629,5.15048780487805,7.414402277039849,-2.263914472161799,15.837937384898712,53.25372475235887,-1.779146110056926,543,4169,24,11,96.99585635359117,369,67.95580110497238,66.30705623282034,1.6487448721520366,20.53239519869907,55.515287984482256,00-0022942,Philip,Rivers,17,P.Rivers
2020,REG,0,Kirk Cousins,QB,MIN,2.8840701754385965,6.814383954154729,8.288090349075976,-1.4737063949212468,16.27906976744186,55.6250060674154,-0.5804928131416839,516,4265,35,13,104.9983850129199,349,67.63565891472868,62.15519273162696,5.4804661831017185,20.73965300247932,57.09544027328276,00-0029604,Kirk,Cousins,8,K.Cousins
2020,REG,0,Deshaun Watson,QB,HOU,2.8523247232472326,7.298062827225131,8.981166347992353,-1.6831035207672222,14.705882352941178,63.44103482762556,0.2431166347992351,544,4823,33,7,112.40042892156863,382,70.22058823529412,65.39163614849231,4.828952086801806,20.330951286779495,63.44103482762556,00-0033537,Derrick,Watson,4,D.Watson
2020,REG,0,Drew Brees,QB,NO,2.6612706185567014,5.424254545454546,6.3014511873350925,-0.8771966418805466,12.307692307692308,50.80396145971296,-2.3027704485488134,390,2942,24,6,106.37820512820512,275,70.51282051282051,69.04155339186008,1.4712671209604338,19.463589749286207,50.80396145971296,00-0020531,Drew,Brees,9,D.Brees
2020,REG,0,Joe Flacco,QB,NYJ,2.877111940298507,6.948378378378379,10.912741935483872,-3.964363557105493,19.402985074626866,52.73067513317082,2.2272580645161297,134,864,6,3,80.56592039800995,74,55.223880597014926,57.32232542958722,-2.098444832572291,23.627851355509748,54.345952011166396,00-0026158,Joseph,Flacco,5,J.Flacco
2020,REG,0,Drew Lock,QB,DEN,2.872619047619048,6.11964566929134,9.224660421545668,-3.105014752254328,19.63882618510158,51.21718656857285,0.4541686182669793,443,2933,16,15,75.38092550790068,254,57.33634311512416,60.998567941327394,-3.6622248262032358,22.643613119969014,59.381495434183876,00-0035704,Drew,Lock,3,D.Lock
2020,REG,0,Gardner Minshew,QB,JAX,2.7672607361963197,5.6218055555555555,8.1884142394822,-2.5666086839266438,17.12538226299694,50.62544123264508,-0.2646601941747573,327,2259,16,5,95.85244648318043,216,66.05504587155964,62.696176012038094,3.3588698595215476,20.87500077032244,52.39628231086629,00-0035289,Gardner,Minshew,15,G.Minshew II
2020,REG,0,Tua Tagovailoa,QB,MIA,2.54508362369338,5.321720430107527,7.664270462633452,-2.3425500325259243,20.344827586206897,44.55983168729433,-0.7556583629893237,290,1814,11,5,87.05459770114942,186,64.13793103448275,65.27664558127009,-1.138714546787341,20.22609893448868,55.51441254305047,00-0036212,Tua,Tagovailoa,1,T.Tagovailoa
2020,REG,0,Jalen Hurts,QB,PHI,3.113176870748299,7.7848051948051955,9.735925925925926,-1.9511207311207306,14.18918918918919,50.74208509708682,0.3951851851851849,148,1061,6,4,77.56193693693695,77,52.02702702702703,55.65535621214155,-3.6283291851145165,24.25898485276439,53.816336738949445,00-0036389,Jalen,Hurts,2,J.Hurts
2020,REG,0,Tom Brady,QB,TB,2.5707062706270625,7.0241147132169575,9.304830508474577,-2.2807157952576196,14.754098360655737,55.48301091325163,0.5421186440677965,610,4633,40,12,102.17213114754098,401,65.73770491803279,64.11071002208551,1.626994895947277,22.136343190350146,57.605029294324645,00-0019596,Tom,Brady,12,T.Brady
2020,REG,0,Russell Wilson,QB,SEA,2.9731490125673252,6.222656249999999,8.618348968105066,-2.3956927181050665,11.29032258064516,64.4453729913948,0.07801125703564735,558,4212,40,13,105.07019115890084,384,68.81720430107528,64.85349272534678,3.963711575728496,21.69667239574319,64.4453729913948,00-0029263,Russell,Wilson,3,R.Wilson
2020,REG,0,Alex Smith,QB,WAS,2.63011507936508,3.753154761904762,5.049495798319327,-1.2963410364145656,13.492063492063492,43.997238549708996,-3.9841176470588238,252,1582,6,8,78.50529100529101,168,66.66666666666666,67.36771448973626,-0.7010478230696009,18.490895360617543,53.63875091759689,00-0023436,Alexander,Smith,11,A.Smith
2020,REG,0,Teddy Bridgewater,QB,CAR,2.6027020408163257,5.14964705882353,7.277611940298507,-2.127964881474977,12.195121951219512,51.39765947978566,-1.6818763326226012,492,3733,15,11,92.13245257452573,340,69.10569105691057,66.68135018269645,2.424340874214124,19.755922699015454,56.47975300937496,00-0031237,Theodore,Bridgewater,5,T.Bridgewater
2020,REG,0,Kyler Murray,QB,ARI,2.7374545454545456,5.878640000000002,7.987215909090909,-2.1085759090909075,13.261648745519713,56.154234034487544,-0.9029356060606056,558,3971,26,12,94.3100358422939,375,67.20430107526882,65.26216053233672,1.9421405429320941,21.53884909422216,58.252774182866176,00-0035228,Kyler,Murray,1,K.Murray
2020,REG,0,Andy Dalton,QB,DAL,2.4992672672672676,5.166157407407407,6.975566037735848,-1.8094086303284413,15.015015015015015,48.31966576871161,-1.5999056603773583,333,2170,14,8,87.29354354354354,216,64.86486486486487,64.60019022159211,0.26467464327275536,20.622340353059137,48.31966576871161,00-0027973,Andrew,Dalton,14,A.Dalton
2020,REG,0,Brandon Allen,QB,CIN,2.5057746478873244,3.954,6.9656115107913665,-3.0116115107913664,19.718309859154928,43.385233663079426,-1.7034532374100717,142,925,5,4,82.04225352112677,90,63.38028169014085,64.63314680986001,-1.2528651197191607,20.561375139958418,48.72127358762289,00-0032434,Brandon,Allen,8,B.Allen
2020,REG,0,Ben Roethlisberger,QB,PIT,2.3001052631578944,4.612882205513784,7.139933993399341,-2.527051787885557,17.269736842105264,51.86488793008233,-1.3056105610561053,608,3803,33,10,94.0720942982456,399,65.625,66.9266151319454,-1.3016151319453968,20.323293056011735,56.46870460706532,00-0022924,Ben,Roethlisberger,7,B.Roethlisberger
2020,REG,0,Jimmy Garoppolo,QB,SF,2.571657142857143,3.8740425531914897,6.242536231884059,-2.368493678692569,13.571428571428571,43.068178508035366,-2.5907971014492754,140,1096,7,5,92.44047619047619,94,67.14285714285714,70.50876724932876,-3.365910106471617,19.617585674684744,57.004073538651596,00-0031345,James,Garoppolo,10,J.Garoppolo
2020,REG,0,Derek Carr,QB,LV,2.7825769980506823,5.940632183908046,8.222118126272912,-2.281485942364866,16.247582205029012,56.76691465986151,-0.022281059063136162,517,4103,27,9,101.39829142488716,348,67.31141199226306,64.15014605810667,3.16126593415639,20.84006484467098,57.05333382020721,00-0031280,Derek,Carr,4,D.Carr
2020,REG,0,Mitchell Trubisky,QB,CHI,2.6610875420875417,5.0590954773869345,7.932150170648465,-2.8730546932615306,21.21212121212121,56.40938928937273,-0.11563139931740618,297,2055,16,8,93.48344556677888,199,67.003367003367,65.0817494359562,1.9216175674108058,20.874529189667065,58.55181722201284,00-0033869,Mitchell,Trubisky,10,M.Trubisky
2020,REG,0,Carson Wentz,QB,PHI,2.910649082568807,6.342470119521912,9.099016786570745,-2.756546667048833,18.993135011441648,57.443065725986465,-0.07124700239808163,437,2620,16,15,72.83085430968725,251,57.43707093821511,61.48737423565214,-4.050303297437033,22.594017443603082,64.4560136837518,00-0032950,Carson,Wentz,11,C.Wentz
2020,REG,0,Lamar Jackson,QB,BAL,2.9778471849865946,6.581115702479339,8.88771349862259,-2.306597796143251,14.361702127659576,53.0640264209191,-0.2500275482093665,376,2757,26,9,99.34618794326241,242,64.36170212765957,66.11321146471148,-1.751509337051914,20.428805795705937,55.27787260740052,00-0034796,Lamar,Jackson,8,L.Jackson
2020,REG,0,Patrick Mahomes,QB,KC,2.888555366269165,6.318179487179487,8.506438596491227,-2.1882591093117405,11.394557823129253,60.947922852218674,-0.26022807017543875,588,4740,38,6,108.23412698412697,390,66.3265306122449,67.66553713629642,-1.339006524051527,21.169003523564367,64.46434053024974,00-0033873,Patrick,Mahomes,15,P.Mahomes
2020,REG,0,Josh Allen,QB,BUF,3.0434510489510487,6.864318181818181,8.765255474452555,-1.9009372926343744,13.111888111888112,62.84170748794148,-0.3843795620437956,572,4544,37,10,107.15326340326341,396,69.23076923076923,65.07481634616852,4.155952884600708,21.989904308540222,65.2045803605851,00-0034857,Joshua,Allen,17,J.Allen
2020,REG,0,Nick Foles,QB,CHI,2.514331189710611,5.313564356435644,7.814866666666667,-2.501302310231023,20.833333333333336,52.86544429019773,-0.9551333333333334,312,1852,10,8,80.76923076923079,202,64.74358974358975,62.357593491339145,2.3859962522506066,21.237683090541122,56.34777191690902,00-0029567,Nick,Foles,9,N.Foles
2020,REG,0,Matthew Stafford,QB,DET,2.654399232245681,6.783333333333334,9.045166340508807,-2.261833007175473,16.856060606060606,61.806629094297,0.22129158512720143,528,4084,26,10,96.33838383838383,339,64.20454545454545,65.4255821186146,-1.2210366640691461,21.495461273976066,65.09961597428975,00-0026498,John,Stafford,9,M.Stafford
2020,REG,0,Sam Darnold,QB,NYJ,2.8532825484764546,4.659170506912443,7.9267846607669625,-3.2676141538545194,13.461538461538462,47.56262398144156,-0.9699705014749262,364,2208,9,11,72.68772893772893,217,59.61538461538461,62.41124270811349,-2.795858092728878,21.448941052870623,52.981996942357696,00-0034869,Sam,Darnold,14,S.Darnold
2021,REG,0,Taylor Heinicke,QB,WAS,2.972771894093686,5.153676012461058,7.917276507276507,-2.7636004948154493,18.016194331983808,58.4738437252076,-1.1866735966735968,494,3419,20,15,85.91430499325236,321,64.97975708502024,65.45266956241748,-0.4729124773972444,21.756949458956417,62.03438562603807,00-0031800,Taylor,Heinicke,4,T.Heinicke
2021,REG,0,Mike Glennon,QB,NYG,2.70590243902439,3.8687777777777783,7.497987012987013,-3.629209235209235,16.16766467065868,36.45754791534944,-1.2812337662337656,167,790,4,10,49.73802395209581,90,53.89221556886228,62.116367998951205,-8.224152430088928,20.526046453547405,57.59008682056314,00-0030520,Michael,Glennon,2,M.Glennon
2021,REG,0,Kirk Cousins,QB,,2.755751798561151,6.449005376344085,7.979366852886406,-1.5303614765423204,15.86452762923351,55.15767217713235,-1.4191433891992549,561,4221,33,7,103.1008615567439,372,66.31016042780749,62.85035012426011,3.4598103035473784,20.912712292780192,57.83003112570492,00-0029604,Kirk,Cousins,8,K.Cousins
2021,REG,0,Tyler Huntley,QB,BAL,2.6177783783783783,5.010409836065573,7.816538461538462,-2.8061286254728888,17.5531914893617,42.965374431046214,-1.0515934065934058,188,1081,3,4,76.57358156028367,122,64.8936170212766,65.06661855159922,-0.17300153032262244,20.815513722873806,59.02150455554314,00-0035993,Tyler,Huntley,2,T.Huntley
2021,REG,0,Teddy Bridgewater,QB,DEN,2.913776995305164,5.64740350877193,8.073111111111112,-2.425707602339182,12.676056338028168,55.39913446977309,-1.1417037037037037,426,3052,18,7,94.92370892018779,285,66.90140845070422,64.14366781213124,2.757740638572983,20.741481329406493,56.54288460982514,00-0031237,Theodore,Bridgewater,5,T.Bridgewater
2021,REG,0,Josh Allen,QB,BUF,2.9004891640866877,6.456063569682151,8.625709624796087,-2.1696460551139367,11.455108359133128,55.077327458764735,-0.242153344208809,646,4407,36,15,92.16976264189887,409,63.31269349845201,64.74132418100324,-1.4286306825512227,21.70048424902993,64.41987271021264,00-0034857,Joshua,Allen,17,J.Allen
2021,REG,0,Justin Fields,QB,CHI,2.9120970149253727,7.110188679245283,9.518275862068966,-2.4080871828236834,17.037037037037038,52.45881622758943,0.1581226053639845,270,1870,7,10,73.22530864197532,159,58.88888888888889,61.6741855332145,-2.785296644325605,22.288834518554886,63.82929813181404,00-0036945,Justin,Fields,1,J.Fields
2021,REG,0,Joe Burrow,QB,CIN,2.690293436293436,6.386639344262296,8.338122529644268,-1.9514831853819725,19.423076923076923,55.608145086848566,-0.6006126482213439,520,4611,34,14,108.26121794871794,366,70.38461538461539,64.30331715096075,6.0812982336546355,21.259807184517044,57.32549345622766,00-0036442,Joe,Burrow,9,J.Burrow
2021,REG,0,Ben Roethlisberger,QB,PIT,2.380759535655058,4.432384615384615,6.735553691275167,-2.303169075890552,17.85123966942149,53.063241514253534,-1.9171308724832212,605,3740,22,10,86.79407713498622,390,64.46280991735537,67.35045830449782,-2.8876483871424483,19.875862052385546,53.063241514253534,00-0022924,Ben,Roethlisberger,7,B.Roethlisberger
2021,REG,0,Aaron Rodgers,QB,,2.6304602272727275,4.942158469945355,7.642172211350295,-2.7000137414049403,16.195856873822976,58.349225359039686,-0.627886497064579,531,4115,37,4,111.89971751412429,366,68.92655367231639,66.15290876316597,2.77364490915042,21.665165179339294,72.39160517629098,00-0023459,Aaron,Rodgers,12,A.Rodgers
2021,REG,0,Jacoby Brissett,QB,MIA,2.8299419642857138,5.130780141843972,7.49405529953917,-2.363275157695198,18.22222222222222,53.499926168173346,-0.7271428571428572,225,1283,5,4,78.06481481481482,141,62.66666666666667,63.79529009924995,-1.1286234325832751,20.257505243504514,59.407482693680926,00-0033119,Jacoby,Brissett,14,J.Brissett
2021,REG,0,Jalen Hurts,QB,PHI,3.122611627906977,6.351396226415094,9.027726161369193,-2.676329934954099,16.203703703703702,52.31324306521246,0.03750611246943771,432,3144,16,9,87.19135802469137,265,61.342592592592595,61.429656011535336,-0.08706341894274061,22.647069583193836,60.89694984151505,00-0036389,Jalen,Hurts,1,J.Hurts
2021,REG,0,Justin Herbert,QB,,2.8251371087928465,5.8275846501128665,7.645266362252665,-1.8176817121397981,17.559523809523807,63.7785183270982,-0.9255098934550988,672,5014,38,15,97.65624999999999,443,65.92261904761905,65.79390846792437,0.12871057969468325,21.433520806098567,65.96525297457745,00-0036355,Justin,Herbert,10,J.Herbert
2021,REG,0,Zach Wilson,QB,NYJ,2.9997722513089,5.7909389671361495,7.699426229508196,-1.9084872623720468,12.793733681462141,56.846257572508684,-1.4945628415300547,383,2334,9,11,69.68559617058312,213,55.61357702349869,66.31299438582387,-10.699417362325178,21.318333685126074,58.73272086324624,00-0037013,Zachary,Wilson,2,Z.Wilson
2021,REG,0,Trevor Lawrence,QB,JAX,2.868449081803005,5.440139275766017,8.055576592082618,-2.6154373163166005,13.2890365448505,50.96534214542271,-0.7895180722891565,602,3641,12,17,71.85769656699888,359,59.63455149501661,64.93877046664193,-5.304218971625318,21.385783516626823,58.72971479583397,00-0036971,Trevor,Lawrence,16,T.Lawrence
2021,REG,0,Ryan Tannehill,QB,TEN,2.6815811320754714,5.359467787114847,7.511560693641618,-2.1520929065267715,15.44256120527307,53.00763058277554,-1.2244701348747589,531,3734,21,14,89.60687382297552,357,67.2316384180791,66.06435111483555,1.1672873032435547,19.64178702326313,57.61050598632162,00-0029701,Ryan,Tannehill,17,R.Tannehill
2021,REG,0,Tua Tagovailoa,QB,MIA,2.5235167958656333,5.135475285171104,6.990026315789474,-1.85455103061837,19.329896907216497,55.076849946234226,-1.4362894736842104,388,2653,16,10,90.06658075601374,263,67.78350515463917,66.77222758766801,1.0112775669711596,20.32032868935021,55.076849946234226,00-0036212,Tua,Tagovailoa,1,T.Tagovailoa
2021,REG,0,Jimmy Garoppolo,QB,SF,2.6681438356164375,5.929435215946844,7.43169014084507,-1.5022549248982262,15.646258503401361,53.07661726221821,-1.866431924882629,441,3810,20,12,98.73866213151928,301,68.25396825396825,67.22021742202257,1.0337508319456816,19.35807455778025,60.72433202596798,00-0031345,James,Garoppolo,10,J.Garoppolo
2021,REG,0,Carson Wentz,QB,IND,2.8343139534883726,5.956366459627328,7.897690763052207,-1.9413243034248788,16.472868217054263,58.183971160449346,-1.2870481927710844,516,3563,27,7,94.64631782945737,322,62.4031007751938,64.59946245143502,-2.1963616762412173,20.871168692739477,61.53067690185116,00-0032950,Carson,Wentz,2,C.Wentz
2021,REG,0,Jared Goff,QB,DET,2.7730940695296526,4.324698795180723,6.628758029978586,-2.3040592347978635,10.728744939271255,44.81760591553279,-2.1806638115631696,494,3245,19,8,91.53171390013496,332,67.20647773279353,66.24928910948849,0.9571886233050435,20.19728294433283,56.835131740851985,00-0033106,Jared,Goff,16,J.Goff
2021,REG,0,Daniel Jones,QB,NYG,2.782413888888889,5.6287931034482765,7.233304597701151,-1.6045114942528746,17.72853185595568,53.477346605829275,-1.9678448275862068,361,2428,10,7,84.81648199445982,232,64.26592797783933,63.573261104792444,0.6926668730468819,20.20455829565707,57.31272982505719,00-0035710,Daniel,Jones,8,D.Jones
2021,REG,0,Matt Ryan,QB,ATL,2.7728640429338105,5.742346666666665,7.212996323529412,-1.4706496568627463,16.071428571428573,51.964077014799365,-1.2778125000000002,560,3968,20,12,90.38690476190476,375,66.96428571428571,65.55753717332013,1.4067485409655802,19.22363208075057,51.964077014799365,00-0026143,Matthew,Ryan,2,M.Ryan
2021,REG,0,Derek Carr,QB,LV,2.8206982343499196,5.559227166276346,8.04630615640599,-2.4870789901296435,13.578274760383385,55.57078099145269,-0.7573544093178037,626,4804,23,14,93.96299254526092,428,68.370607028754,66.63547540440584,1.7351316243481563,21.219853661815552,68.09950513770272,00-0031280,Derek,Carr,4,D.Carr
2021,REG,0,Trevor Siemian,QB,NO,2.892143617021277,6.0775,7.765942857142858,-1.6884428571428582,16.48936170212766,42.43050317872745,-1.3940571428571429,188,1154,11,3,88.38652482269505,108,57.446808510638306,60.57969610097798,-3.132887590339678,21.74027280767022,45.367870789800136,00-0032156,Trevor,Siemian,15,T.Siemian
2021,REG,0,Kyler Murray,QB,,2.773259875259875,5.756846846846846,7.886681127982647,-2.1298342811358006,11.85031185031185,54.28251468014355,-1.0721041214750542,481,3787,24,10,100.55006930006928,333,69.23076923076923,65.94804915020595,3.28272008056328,21.21636393567702,54.28251468014355,00-0035228,Kyler,Murray,1,K.Murray
2021,REG,0,Sam Darnold,QB,CAR,2.876544334975369,4.479341563786008,7.3625974025974035,-2.8832558388113956,13.793103448275861,50.498123727520806,-1.8348051948051947,406,2527,9,13,71.94170771756978,243,59.85221674876847,64.21007426923572,-4.357857520467249,20.167503765005385,57.27575839742325,00-0034869,Sam,Darnold,14,S.Darnold
2021,REG,0,Andy Dalton,QB,CHI,2.6433021276595743,4.89006711409396,7.1657268722466965,-2.2756597581527362,11.864406779661017,47.81615312841466,-1.662466960352423,236,1515,8,9,76.85381355932202,149,63.13559322033898,67.1903391352902,-4.054745914951219,20.343793519900082,50.67709541794991,00-0027973,Andrew,Dalton,14,A.Dalton
2021,REG,0,Russell Wilson,QB,,2.7976375,6.543320463320463,9.885155440414508,-3.3418349770940443,15.5,61.984780390028,1.056139896373057,400,3113,25,6,103.05208333333333,259,64.75,65.46225255751051,-0.7122525575105101,23.1433816740727,61.984780390028,00-0029263,Russell,Wilson,3,R.Wilson
2021,REG,0,Dak Prescott,QB,DAL,2.745936241610739,5.891219512195123,7.973549488054608,-2.0823299758594844,15.268456375838927,50.97972930489138,-0.38822525597269636,596,4449,37,10,104.21560402684564,410,68.79194630872483,66.51439298656862,2.2775533221562085,21.55152571870751,60.89105024549996,00-0033077,Rayne,Prescott,4,D.Prescott
2021,REG,0,Patrick Mahomes,QB,,2.8400759878419453,4.818853211009174,7.335498392282958,-2.516645181273784,8.662613981762918,54.69403075290758,-1.238456591639871,658,4839,37,13,98.4549138804458,436,66.26139817629179,68.66074939142335,-2.39935121513156,19.51568495062031,65.09267393493678,00-0033873,Patrick,Mahomes,15,P.Mahomes
2021,REG,0,Baker Mayfield,QB,CLE,2.818795673076923,6.185691699604742,8.649799999999999,-2.4641083003952566,16.267942583732058,66.42546650193735,-0.4176999999999998,418,3010,17,13,83.12400318979267,253,60.526315789473685,64.9750463931897,-4.448730603716015,21.68460109797013,66.42546650193735,00-0034855,Baker,Mayfield,6,B.Mayfield
2021,REG,0,Davis Mills,QB,HOU,2.672637755102041,5.428060836501902,7.366047745358092,-1.9379869088561898,14.213197969543149,50.43897401811421,-1.6206896551724137,394,2664,16,10,88.84306260575295,263,66.75126903553299,65.84153672912497,0.9097323064080172,20.502766245071765,62.24357958858086,00-0036898,Davis,Mills,10,D.Mills
2021,REG,0,Mac Jones,QB,NE,2.7075923076923085,5.708806818181818,8.075176470588236,-2.3663696524064175,14.971209213051823,52.16924860490134,-0.8758039215686275,521,3801,22,13,92.462412028151,352,67.56238003838772,66.44157892497053,1.120801113417187,20.98298107312964,57.64841801819023,00-0036972,Michael,Jones,10,M.Jones
2021,REG,0,Tyrod Taylor,QB,HOU,2.786046979865772,5.169010989010989,7.499172413793103,-2.330161424782114,16.666666666666664,56.43558540495527,-0.7422068965517242,150,966,5,5,76.69444444444444,91,60.66666666666667,64.42224940781792,-3.755582741151244,20.68104596578032,57.14784335388344,00-0028118,Tyrod,Taylor,5,T.Taylor
2021,REG,0,Lamar Jackson,QB,,2.957595238095238,7.020121951219513,9.574420485175203,-2.5542985339556896,13.089005235602095,60.7998758222416,0.2914016172506738,382,2882,16,13,86.96553228621292,246,64.3979057591623,66.45030567315237,-2.0523999139900724,22.05545793666264,60.7998758222416,00-0034796,Lamar,Jackson,8,L.Jackson
2021,REG,0,Matthew Stafford,QB,LAR,2.7973311148086517,6.730247524752474,8.488628762541808,-1.758381237789334,12.146422628951747,58.401523952718904,0.11739130434782602,601,4886,41,17,102.92914586799779,404,67.22129783693843,68.32238061449641,-1.101082777557977,22.042810835553247,64.1409978095134,00-0026498,John,Stafford,9,M.Stafford
2021,REG,0,Tom Brady,QB,,2.49865829846583,5.494453608247421,7.970468085106382,-2.4760144768589605,14.464534075104313,51.75656576705993,-0.3883971631205674,719,5316,43,12,102.08333333333333,485,67.4547983310153,68.58664326970782,-1.1318449386925238,20.6809624639474,64.5196473952,00-0019596,Tom,Brady,12,T.Brady
2021,REG,0,Jameis Winston,QB,NO,3.023006211180124,6.487684210526316,9.007712418300653,-2.5200282077743363,11.801242236024844,58.999474573931586,-0.24065359477124207,161,1170,14,3,102.75621118012424,95,59.006211180124225,64.67890358350662,-5.672692403382399,21.76919137424218,58.999474573931586,00-0031503,Jameis,Winston,2,J.Winston
2022,REG,0,Sam Darnold,QB,CAR,3.2368905109489052,6.852073170731708,9.097983193277312,-2.245910022545604,15.0,58.45946715460208,0.6442016806722688,140,1143,7,3,92.64880952380953,82,58.57142857142858,56.159409657120705,2.412018914307872,22.87446561744136,58.45946715460208,00-0034869,Sam,Darnold,14,S.Darnold
2022,REG,0,Deshaun Watson,QB,CLE,3.27127380952381,5.595454545454546,7.3583974358974364,-1.7629428904428908,13.529411764705882,36.74653725182823,-1.782628205128205,170,1102,7,5,79.09313725490196,99,58.235294117647065,61.543355489916664,-3.3080613722695986,20.094903770528944,61.74682582934932,00-0033537,Derrick,Watson,4,D.Watson
2022,REG,0,Zach Wilson,QB,NYJ,3.126942148760331,6.334696969696969,9.19518018018018,-2.8604832104832116,15.702479338842975,58.333137237765634,-0.24626126126126133,242,1688,6,7,72.8133608815427,132,54.54545454545454,60.742664892103306,-6.197210346648767,22.898192870219603,58.333137237765634,00-0037013,Zachary,Wilson,2,Z.Wilson
2022,REG,0,Davis Mills,QB,HOU,2.782920502092051,5.354965753424658,7.876745689655172,-2.521779936230514,15.24008350730689,52.89276888195588,-1.1857543103448271,479,3118,17,15,78.78827418232429,292,60.96033402922756,63.62243589939305,-2.662101870165486,21.61013269474199,69.05052135936411,00-0036898,Davis,Mills,10,D.Mills
2022,REG,0,Josh Allen,QB,BUF,2.871190812720848,7.437520891364902,9.40659926470588,-1.9690783733409782,12.345679012345679,62.16356247835222,0.691525735294118,567,4283,35,14,96.6086125808348,359,63.31569664902999,64.68616607426493,-1.370469425234944,22.457279702757038,69.31845136758321,00-0034857,Joshua,Allen,17,J.Allen
2022,REG,0,Jimmy Garoppolo,QB,SF,2.657233766233766,4.669323671497584,6.836633986928105,-2.1673103154305213,13.96103896103896,44.605973815174124,-2.124150326797386,308,2437,16,4,102.96266233766234,207,67.20779220779221,69.75085535751921,-2.543063149727004,19.68235887752545,57.60115623839508,00-0031345,James,Garoppolo,10,J.Garoppolo
2022,REG,0,Jalen Hurts,QB,PHI,2.7551260869565217,6.121503267973855,8.311382488479262,-2.189879220505407,14.782608695652174,58.74971489292522,-0.8452995391705069,460,3701,22,6,101.54891304347827,306,66.52173913043478,64.12973836955169,2.392000760883093,21.906999891315916,59.85104510365712,00-0036389,Jalen,Hurts,1,J.Hurts
2022,REG,0,Tua Tagovailoa,QB,MIA,2.5983483709273183,8.542625482625482,9.607364341085272,-1.0647388584597905,14.499999999999998,56.07863407751654,0.6926356589147289,400,3548,25,8,105.5,259,64.75,65.99652623105794,-1.246526231057942,21.979241222459862,56.07863407751654,00-0036212,Tua,Tagovailoa,1,T.Tagovailoa
2022,REG,0,Ryan Tannehill,QB,TEN,2.734271604938271,6.28245283018868,7.922996845425865,-1.640544015237185,18.153846153846153,61.70894424635703,-0.9476656151419557,325,2536,13,6,94.59615384615384,212,65.23076923076923,63.37438675990471,1.8563824708645171,20.723947887762108,61.70894424635703,00-0029701,Ryan,Tannehill,17,R.Tannehill
2022,REG,0,Lamar Jackson,QB,BAL,2.9992769230769225,6.087044334975369,8.79348387096774,-2.706439535992372,11.349693251533742,63.21107814299641,-0.38393548387096804,326,2242,17,7,91.0659509202454,203,62.26993865030674,64.71554369671397,-2.4456050464072234,22.12948420035277,63.94826189975769,00-0034796,Lamar,Jackson,8,L.Jackson
2022,REG,0,Daniel Jones,QB,NYG,2.8993297644539617,4.852397476340694,6.333182844243792,-1.4807853679030982,13.771186440677965,55.47727823172295,-2.815801354401806,472,3205,15,5,92.52295197740112,317,67.16101694915254,65.20988323125924,1.951133717893299,18.48603553257807,56.1503561876503,00-0035710,Daniel,Jones,8,D.Jones
2022,REG,0,Kirk Cousins,QB,MIN,2.8307953124999994,6.072169811320757,7.682630718954248,-1.6104609076334908,14.774494556765164,50.5362493661728,-0.9824019607843137,643,4547,29,14,92.46047174701918,424,65.94090202177294,63.40663994533556,2.534262076437379,21.412405945387967,58.55660253122615,00-0029604,Kirk,Cousins,8,K.Cousins
2022,REG,0,Cooper Rush,QB,DAL,2.569223602484472,6.339574468085106,8.22076433121019,-1.8811898631250852,20.37037037037037,47.203687355968285,-0.39070063694267476,162,1051,5,3,80.0411522633745,94,58.0246913580247,63.2043329131159,-5.179641555091202,22.171649163534923,49.63249943333501,00-0033662,Cooper,Rush,10,C.Rush
2022,REG,0,Derek Carr,QB,LV,2.926735059760956,6.4207213114754085,9.284937238493724,-2.864215927018315,18.92430278884462,56.058969844263096,-0.21506276150627593,502,3522,24,14,86.26328021248341,305,60.756972111553786,61.55794135691872,-0.8009692453649322,21.862367875298705,59.803093565467,00-0031280,Derek,Carr,4,D.Carr
2022,REG,0,Matt Ryan,QB,IND,2.686480434782609,5.222038834951456,6.38867881548975,-1.166639980538294,16.052060737527114,51.879788935576826,-2.597653758542142,461,3057,14,13,83.94342010122921,309,67.02819956616052,65.51759500872674,1.5106045574337799,18.847318443270876,51.879788935576826,00-0026143,Matthew,Ryan,2,M.Ryan
2022,REG,0,Dak Prescott,QB,DAL,2.7212588832487308,6.189348659003832,8.331958762886597,-2.142610103882765,19.796954314720814,62.14152959173116,-0.39742268041237117,394,2860,23,15,91.12732656514382,261,66.24365482233503,64.63207090793527,1.611583914399759,20.66193076433199,62.14152959173116,00-0033077,Rayne,Prescott,4,D.Prescott
2022,REG,0,Brock Purdy,QB,SF,2.836564705882353,5.892456140350877,6.718795180722893,-0.8263390403720159,9.411764705882353,44.462079348586464,-2.1065060240963858,170,1374,13,4,107.32843137254902,114,67.05882352941175,69.19028476757163,-2.131461238159872,19.45079046988073,44.462079348586464,00-0037834,Brock,Purdy,13,B.Purdy
2022,REG,0,Mitchell Trubisky,QB,PIT,2.760055865921788,7.420683760683762,9.733932584269661,-2.3132488235858997,24.444444444444443,52.72532693118176,0.7844943820224721,180,1252,4,5,81.06481481481481,117,65.0,59.572335264335074,5.427664735664926,24.042933854998143,65.27113450829548,00-0033869,Mitchell,Trubisky,10,M.Trubisky
2022,REG,0,Justin Herbert,QB,LAC,2.862355810616929,4.529182389937107,6.664053254437869,-2.134870864500762,14.592274678111588,57.202688747995055,-1.9261834319526632,699,4739,25,10,93.1598712446352,477,68.24034334763948,66.33198707523051,1.908356272408966,20.35774442493015,60.91193068685313,00-0036355,Justin,Herbert,10,J.Herbert
2022,REG,0,Patrick Mahomes,QB,KC,2.8926805555555553,5.447425287356322,7.458756137479542,-2.01133085012322,10.185185185185185,52.54472475900887,-0.8472995090016368,648,5250,41,12,105.15689300411523,435,67.12962962962963,67.81398359410188,-0.6843539644722512,19.753396035863265,57.63386851496262,00-0033873,Patrick,Mahomes,15,P.Mahomes
2022,REG,0,Baker Mayfield,QB,LAR,2.8183922155688625,4.961094527363184,6.760714285714285,-1.7996197583511009,13.432835820895523,54.658197006487505,-2.397670807453416,335,2163,10,8,78.98631840796021,201,60.0,67.24144785929082,-7.241447859290815,20.80303589190261,56.811446909931796,00-0034855,Baker,Mayfield,17,B.Mayfield
2022,REG,0,Matthew Stafford,QB,LAR,2.717838283828383,4.643252427184467,6.6889864864864865,-2.0457340593020197,13.531353135313532,58.661275983394695,-1.716418918918919,303,2087,10,8,87.43811881188118,206,67.98679867986799,68.22872912824745,-0.24193044837946331,20.685234639286396,58.661275983394695,00-0026498,John,Stafford,9,M.Stafford
2022,REG,0,Trevor Lawrence,QB,JAX,2.5876151202749136,5.114883720930233,7.4547069271758435,-2.339823206245611,10.616438356164384,50.120560651293594,-1.428063943161634,584,4113,25,8,95.21261415525115,387,66.26712328767124,66.91022241035196,-0.6430991226807237,20.62182317621929,57.04481220934994,00-0036971,Trevor,Lawrence,16,T.Lawrence
2022,REG,0,Mac Jones,QB,NE,2.6939522727272727,5.185381944444444,7.791132075471698,-2.6057501310272544,13.800904977375566,51.53006209971031,-1.307924528301887,442,2997,14,11,84.82277526395174,288,65.15837104072398,66.96454420930742,-1.8061731685834417,21.617358282729704,55.8698818684987,00-0036972,Michael,Jones,10,M.Jones
2022,REG,0,Aaron Rodgers,QB,GB,2.6966314814814814,4.933171428571428,8.006884615384616,-3.0737131868131877,15.129151291512915,56.333806013796014,-0.4969615384615386,542,3695,26,12,91.06703567035672,350,64.57564575645756,66.21122832832741,-1.635582571869847,21.555614268885428,63.44977620133897,00-0023459,Aaron,Rodgers,12,A.Rodgers
2022,REG,0,Geno Smith,QB,SEA,2.8113922942206653,6.31907268170426,7.969057971014493,-1.6499852893102327,13.111888111888112,51.802123508597596,-1.155942028985507,572,4282,30,11,100.87412587412588,399,69.75524475524476,65.00034941803221,4.754895337212545,21.823115777726937,59.96819240230607,00-0030565,Eugene,Smith,7,G.Smith
2022,REG,0,Justin Fields,QB,CHI,3.1218616352201254,6.462395833333333,8.94384868421053,-2.4814528508771962,9.119496855345911,58.97400274697318,-0.3752302631578949,318,2242,17,11,85.1808176100629,192,60.37735849056604,65.92499819882917,-5.547639708263134,21.95199136298398,58.97400274697318,00-0036945,Justin,Fields,1,J.Fields
2022,REG,0,Andy Dalton,QB,NO,2.6231005291005287,6.01892857142857,7.8339010989011,-1.8149725274725297,15.079365079365079,50.98793778924579,-0.7924725274725276,378,2871,18,9,95.23809523809523,252,66.66666666666666,65.64979480786455,1.016871858802105,21.166712112103696,54.07825533428385,00-0027973,Andrew,Dalton,14,A.Dalton
2022,REG,0,Tom Brady,QB,TB,2.448895890410959,4.60665306122449,6.987782485875705,-2.381129424651215,14.870395634379264,57.63242229856385,-1.4698446327683614,733,4694,25,9,90.72589813551616,490,66.84856753069577,68.05588638493829,-1.2073188542425157,20.110868443631734,59.5078356185133,00-0019596,Tom,Brady,12,T.Brady
2022,REG,0,Kenny Pickett,QB,PIT,2.9818067010309277,5.464979591836735,7.805081081081082,-2.340101489244347,15.424164524421593,47.254665378140174,-1.1624864864864868,389,2404,7,9,76.67630676949443,245,62.98200514138818,63.53687945906561,-0.5548743176774309,21.52218864568091,67.63178542667642,00-0038102,Kenny,Pickett,8,K.Pickett
2022,REG,0,Kyler Murray,QB,ARI,2.6532687338501297,4.05984555984556,6.6745430107526875,-2.6146974509071272,12.82051282051282,38.988774025352484,-2.1184677419354845,390,2368,14,7,87.21153846153845,259,66.41025641025641,67.55259953821316,-1.1423431279567495,19.87810619406357,55.36181084466077,00-0035228,Kyler,Murray,1,K.Murray
2022,REG,0,Jacoby Brissett,QB,CLE,2.8896174863387976,6.543093220338982,9.1334375,-2.590344279661017,15.989159891598916,55.884428063638616,0.3521875000000001,369,2608,12,6,88.89453477868113,236,63.956639566395665,60.651200804556524,3.3054387618391416,22.123768650712247,65.16033916424931,00-0033119,Jacoby,Brissett,7,J.Brissett
2022,REG,0,Marcus Mariota,QB,ATL,2.9343716216216214,6.990597826086956,10.231344827586208,-3.240747001499251,17.333333333333336,46.615539254630534,1.2623793103448278,300,2219,15,9,88.18055555555556,184,61.33333333333333,63.12484233826399,-1.79150900493066,21.748795377429822,57.99404969477472,00-0032268,Marcus,Mariota,1,M.Mariota
2022,REG,0,Joe Flacco,QB,NYJ,2.7471675392670156,5.530181818181817,8.168241758241757,-2.6380599400599403,15.18324607329843,55.95724260540364,-1.0185714285714282,191,1051,5,3,75.18542757417103,110,57.59162303664922,62.09538698157403,-4.503763944924813,21.738940804436435,55.95724260540364,00-0026158,Joseph,Flacco,19,J.Flacco
2022,REG,0,Russell Wilson,QB,DEN,2.979948132780083,5.9655136986301365,8.752092511013217,-2.7865788123830804,14.906832298136646,54.09541385367155,-0.7677312775330397,483,3524,16,11,84.41597653554176,292,60.45548654244306,64.69976922485584,-4.244282682412781,21.341078978982857,63.36538881755559,00-0029263,Russell,Wilson,3,R.Wilson
2022,REG,0,Carson Wentz,QB,WAS,2.5987934782608693,5.298895348837209,7.897777777777778,-2.598882428940569,17.02898550724638,54.51264899085349,-0.9318518518518514,276,1755,11,9,80.20833333333334,172,62.31884057971014,65.76253418486728,-3.4436936051571365,21.677132111598414,61.72135124898028,00-0032950,Carson,Wentz,11,C.Wentz
2022,REG,0,Joe Burrow,QB,CIN,2.549519008264463,5.622971014492753,7.190661016949154,-1.5676900024564002,15.676567656765677,50.203716993864106,-1.4161186440677966,606,4475,35,12,100.78382838283828,414,68.31683168316832,65.47292770246173,2.8439039807065853,20.5093159138784,56.90867244981207,00-0036442,Joe,Burrow,9,J.Burrow
2022,REG,0,Mike White,QB,NYJ,2.803314285714286,5.7053398058252425,7.594733727810652,-1.88939392198541,20.57142857142857,38.34318322727001,-1.6242011834319527,175,1192,3,4,75.70238095238095,103,58.857142857142854,62.08365933597088,-3.2265164788280245,21.3139439097158,46.83647830484269,00-0034401,Michael,White,5,M.White
2022,REG,0,Jared Goff,QB,DET,2.7519488054607515,5.640183246073299,7.177953736654804,-1.5377704905815053,12.776831345826235,58.18869305973456,-1.3416192170818508,587,4438,29,7,99.31501987507097,382,65.07666098807495,67.13598643126541,-2.0593254431904597,20.19075119088297,58.18869305973456,00-0033106,Jared,Goff,16,J.Goff
2022,REG,0,Taylor Heinicke,QB,WAS,2.9458054474708173,6.7032298136645965,8.974650205761318,-2.2714203920967213,16.216216216216218,58.09785021840308,0.3779423868312758,259,1859,12,6,89.58333333333334,161,62.16216216216216,60.553443228329705,1.6087189338324563,22.689970229715325,58.09785021840308,00-0031800,Taylor,Heinicke,4,T.Heinicke
2023,REG,0,Jake Browning,QB,CIN,2.7286131687242796,4.683040935672515,6.3211489361702125,-1.6381080004976978,16.46090534979424,53.43437563965729,-2.478851063829787,243,1936,12,7,98.37962962962963,171,70.37037037037037,67.08378143026015,3.286588940110221,20.291303400501107,53.43437563965729,00-0035100,Jake,Browning,6,J.Browning
2023,REG,0,Desmond Ridder,QB,ATL,2.695108808290155,6.240160642570281,8.147813333333334,-1.9076526907630527,14.948453608247423,53.703370471507654,-0.6708533333333332,388,2836,12,12,83.44072164948454,249,64.17525773195877,65.62366954905471,-1.4484118170959448,20.83863308732594,58.87000339731602,00-0038122,Desmond,Ridder,9,D.Ridder
2023,REG,0,Gardner Minshew,QB,IND,2.7341408163265313,5.573049180327868,7.509376344086024,-1.9363271637581558,15.714285714285714,51.17056380381205,-1.2239569892473114,490,3305,15,9,84.60884353741497,305,62.244897959183675,63.80917969825012,-1.5642817390664447,19.673528750503376,51.685297716081685,00-0035289,Gardner,Minshew,10,G.Minshew
2023,REG,0,Will Levis,QB,TEN,2.845932806324111,6.7208053691275165,10.509716599190284,-3.7889112300627676,15.686274509803921,56.103648722698956,1.3720647773279353,255,1808,8,4,84.24019607843137,149,58.43137254901961,61.612325307054846,-3.1809527580352324,24.085588478983205,60.23613948453204,00-0039152,Will,Levis,8,W.Levis
2023,REG,0,Jalen Hurts,QB,PHI,3.031875464684015,6.172329545454545,8.789141716566865,-2.6168121711123202,15.427509293680297,54.63564587336733,-0.1050698602794411,538,3858,23,15,89.11864931846344,352,65.4275092936803,61.297435812707505,4.130073480972797,22.78051324349975,62.04444294213624,00-0036389,Jalen,Hurts,1,J.Hurts
2023,REG,0,Daniel Jones,QB,NYG,2.7349875,4.137314814814814,6.772875816993464,-2.63556100217865,10.0,50.9718137797744,-2.5931372549019613,160,909,2,6,70.54687500000001,108,67.5,67.02376523055136,0.47623476944863796,19.828676645013136,55.47096177280506,00-0035710,Daniel,Jones,8,D.Jones
2023,REG,0,Kenny Pickett,QB,PIT,2.810829721362229,4.873482587064676,7.139322580645161,-2.265839993580485,20.061728395061728,48.87507851656097,-1.496161290322581,324,2070,6,4,81.43004115226337,201,62.03703703703704,61.72918349527466,0.3078535417623769,21.575618524569368,54.874926879222365,00-0038102,Kenny,Pickett,8,K.Pickett
2023,REG,0,Brock Purdy,QB,SF,2.8775656108597287,7.221785714285716,8.321775700934579,-1.099989986648863,12.837837837837837,48.77232206897679,-0.8254205607476635,444,4280,31,11,113.00675675675676,308,69.36936936936937,66.84468423203475,2.5246851373346146,20.632524758206657,57.54080725884893,00-0037834,Brock,Purdy,13,B.Purdy
2023,REG,0,Ryan Tannehill,QB,TEN,2.6920175438596496,5.1991946308724835,7.8987387387387376,-2.699544107866254,13.91304347826087,62.2146132351556,-1.1012612612612611,230,1616,4,7,78.46014492753622,149,64.78260869565217,64.43159413321511,0.351014562437058,20.62846685583519,62.2146132351556,00-0029701,Ryan,Tannehill,17,R.Tannehill
2023,REG,0,Geno Smith,QB,SEA,2.8358363636363633,5.950371517027864,7.744173728813561,-1.7938022117856969,14.629258517034069,50.38978567130446,-1.1181144067796607,499,3624,20,9,92.13009352037407,323,64.72945891783567,62.52710808774005,2.202350830095625,22.06525665529092,56.50538469915943,00-0030565,Eugene,Smith,7,G.Smith
2023,REG,0,Dak Prescott,QB,DAL,2.7137779661016945,6.307731707317074,7.924258620689656,-1.6165269133725824,18.305084745762713,54.949658779650306,-0.6291896551724138,590,4516,36,9,105.86864406779661,410,69.49152542372882,64.83484497767384,4.6566804460549776,20.69840134674139,62.44577968125628,00-0033077,Rayne,Prescott,4,D.Prescott
2023,REG,0,Tyrod Taylor,QB,NYG,2.8041724137931032,6.239137931034483,8.753353658536586,-2.514215727502103,11.11111111111111,62.056752251467366,-0.6551829268292683,180,1341,5,3,89.14351851851853,116,64.44444444444444,62.54700369719002,1.8974407472544215,21.434486980169208,62.056752251467366,00-0028118,Tyrod,Taylor,2,T.Taylor
2023,REG,0,Easton Stick,QB,LAC,2.8234161849710984,4.689099099099099,7.042899408284022,-2.3538003091849227,16.091954022988507,58.520589539067366,-1.8683431952662721,174,1129,3,1,85.63218390804597,111,63.793103448275865,65.67869926963387,-1.8855958213580024,20.82135491442832,58.520589539067366,00-0035282,Easton,Stick,2,E.Stick
2023,REG,0,Josh Allen,QB,BUF,2.8837850953206248,5.924831168831169,8.560585009140766,-2.6357538403095973,14.853195164075995,54.93502070628535,-0.2529433272394879,579,4306,29,18,92.22438111686816,385,66.49395509499136,64.6254756145295,1.8684794804618576,21.795651133709388,61.89247531000841,00-0034857,Joshua,Allen,17,J.Allen
2023,REG,0,Aidan O'Connell,QB,LV,2.80093567251462,5.3081220657277,7.423250773993808,-2.1151287082661083,15.743440233236154,56.65432375379658,-1.5705572755417956,343,2218,12,7,83.93464528668609,213,62.09912536443149,64.42048090887486,-2.321355544443378,20.88012507397083,57.49154459570555,00-0038579,Aidan,O'Connell,4,A.O'Connell
2023,REG,0,Tyson Bagent,QB,CHI,2.886426573426574,3.678617021276596,6.156086956521738,-2.4774699352451424,12.587412587412588,52.65639942115298,-2.235217391304347,143,859,3,6,71.40151515151516,94,65.73426573426573,67.63104386367165,-1.8967781294059165,20.934213283862714,53.53291417436566,00-0038416,Tyson,Bagent,17,T.Bagent
2023,REG,0,Tua Tagovailoa,QB,MIA,2.3633458781362013,6.112989690721649,7.814327808471456,-1.7013381177498061,12.5,53.078135799969466,-0.9315285451197056,560,4624,29,14,101.07142857142857,388,69.28571428571428,67.80266541388951,1.4830488718247636,20.755919871435047,54.386561759316976,00-0036212,Tua,Tagovailoa,1,T.Tagovailoa
2023,REG,0,Sam Howell,QB,WAS,2.816995098039216,4.874639175257731,7.367318339100347,-2.492679163842616,15.032679738562091,46.86968849907155,-1.2849307958477507,612,3946,21,21,78.92156862745097,388,63.39869281045751,63.23055606700626,0.16813674345124952,20.314760829401038,54.77643380140769,00-0037077,Sam,Howell,14,S.Howell
2023,REG,0,Deshaun Watson,QB,CLE,3.057511764705882,5.588952380952382,9.107272727272726,-3.518320346320344,15.789473684210526,48.769519169251616,-0.43212121212121235,171,1115,7,4,84.32017543859651,105,61.40350877192983,64.23508286563276,-2.8315740937029332,22.209575953715333,61.645448331567835,00-0033537,Derrick,Watson,4,D.Watson
2023,REG,0,Kyler Murray,QB,ARI,2.799786516853933,4.470170454545454,7.070570342205324,-2.6003998876598695,15.298507462686567,53.27156183180666,-2.336273764258556,268,1799,10,5,89.443407960199,176,65.67164179104478,68.61360355266439,-2.941961761619609,19.802322942232898,56.881780914454495,00-0035228,Kyler,Murray,1,K.Murray
2023,REG,0,Jimmy Garoppolo,QB,LV,2.9377440476190477,6.565636363636364,8.061393939393941,-1.495757575757577,15.976331360946746,36.72245362172849,-0.9143636363636358,169,1205,7,9,77.65039447731755,110,65.08875739644971,65.99653875069505,-0.9077813542453441,20.354648061948847,54.708876793441846,00-0031345,James,Garoppolo,10,J.Garoppolo
2023,REG,0,Joe Flacco,QB,CLE,3.013539215686275,7.51349593495935,9.254568527918781,-1.7410725929594317,19.11764705882353,54.74095815748935,0.37131979695431433,204,1616,13,8,90.23692810457517,123,60.29411764705882,61.33740050992107,-1.0432828628622488,23.11093434802842,56.76396480162393,00-0026158,Joseph,Flacco,15,J.Flacco
2023,REG,0,Patrick Mahomes,QB,KC,2.970268907563025,3.9728678304239406,6.595577264653641,-2.6227094342297,9.715242881072026,46.099050966370235,-2.4204085257548846,597,4183,27,14,92.55653266331659,401,67.16917922948073,68.91589700189768,-1.7467177724169431,19.771490928149955,55.18545551139358,00-0033873,Patrick,Mahomes,15,P.Mahomes
2023,REG,0,Trevor Lawrence,QB,JAX,2.5098102836879432,5.939432432432433,8.230471014492753,-2.2910385820603203,14.00709219858156,52.184298404788386,-0.45612318840579696,564,4016,21,14,88.48995271867612,370,65.60283687943263,66.15071950756106,-0.5478826281284341,21.95794475107106,54.24517029192553,00-0036971,Trevor,Lawrence,16,T.Lawrence
2023,REG,0,Mac Jones,QB,NE,2.461666666666667,4.006517857142857,7.010383480825959,-3.003865623683102,18.55072463768116,37.84780046449199,-1.7241297935103246,345,2120,10,12,76.96256038647343,224,64.92753623188405,65.51823545193326,-0.5906992200492169,20.34267237165574,62.250925294327956,00-0036972,Michael,Jones,10,M.Jones
2023,REG,0,Joshua Dobbs,QB,MIN,2.9532470023980815,5.453893129770993,7.600050125313284,-2.146156995542291,15.587529976019185,43.276702739464795,-1.3197493734335837,417,2464,13,10,79.46143085531574,262,62.829736211031175,63.18177927365834,-0.35204306262716756,20.685115748183488,55.77200821200542,00-0033949,Robert,Dobbs,15,J.Dobbs
2023,REG,0,Nick Mullens,QB,MIN,3.065013605442177,8.1991,9.784722222222221,-1.5856222222222218,16.89189189189189,50.18370452646955,0.38194444444444414,148,1306,7,8,88.40090090090091,100,67.56756756756756,62.16199420191146,5.405573365656103,23.20041896955893,50.18370452646955,00-0033319,Nicholas,Mullens,12,N.Mullens
2023,REG,0,Trevor Siemian,QB,NYJ,2.526712418300653,2.6498837209302324,5.736319444444444,-3.0864357235142115,16.99346405228758,42.00813373621828,-3.798402777777779,153,724,2,4,62.105119825708066,86,56.209150326797385,64.99705975936129,-8.787909432563907,18.615065476164506,48.6692027878,00-0032156,Trevor,Siemian,14,T.Siemian
2023,REG,0,Matthew Stafford,QB,LAR,2.6840888030888035,6.240306748466257,7.765858585858587,-1.5255518373923298,12.859884836852206,53.93152695780085,-0.8341414141414137,521,3965,24,11,92.49440179142675,326,62.571976967370446,63.823898690404114,-1.2519217230336679,21.81188027632997,56.4089673722184,00-0026498,John,Stafford,9,M.Stafford
2023,REG,0,Derek Carr,QB,NO,2.6946897810218977,5.7949600000000006,8.037284894837477,-2.242324894837476,14.78102189781022,57.69340516904857,-0.6854684512428295,548,3878,25,8,97.71897810218978,375,68.43065693430657,64.43832131428984,3.992335620016732,21.25828598185423,67.45939964156219,00-0031280,Derek,Carr,4,D.Carr
2023,REG,0,Zach Wilson,QB,NYJ,2.9054986301369863,5.049547511312216,7.489040697674419,-2.4394931863622027,18.75,48.95927389167449,-1.9440988372093022,368,2271,8,7,77.16259057971016,221,60.05434782608695,61.60349465208128,-1.5491468259943275,20.946391468527576,63.71952604971258,00-0037013,Zachary,Wilson,2,Z.Wilson
2023,REG,0,Tommy DeVito,QB,NYG,2.987988764044944,4.523245614035085,6.4502976190476184,-1.9270520050125333,10.112359550561797,51.12104263412475,-3.7818452380952388,178,1101,8,3,89.18539325842696,114,64.04494382022472,67.6083736875084,-3.5634298672836877,21.64697338286383,53.11201464828839,00-0038476,Tommy,DeVito,15,T.DeVito
2023,REG,0,Justin Fields,QB,CHI,3.2297918918918924,5.829603524229076,8.523508771929826,-2.6939052477007506,12.162162162162163,59.378898608849255,-0.7571929824561406,370,2562,16,9,86.34009009009009,227,61.35135135135135,60.98823872671739,0.3631126246339562,22.67947018307225,59.378898608849255,00-0036945,Justin,Fields,1,J.Fields
2023,REG,0,Justin Herbert,QB,LAC,2.796739035087719,5.081144781144781,7.870765765765766,-2.789620984620985,16.666666666666664,51.48303506981693,-0.7666216216216217,456,3134,20,7,93.22002923976608,297,65.13157894736842,64.65635887763807,0.475220069730355,21.689016110330154,58.57031500683601,00-0036355,Justin,Herbert,10,J.Herbert
2023,REG,0,Bailey Zappe,QB,NE,2.7442654028436015,4.77031496062992,7.722885572139303,-2.9525706115093824,19.81132075471698,50.21835919262995,-1.2771144278606965,212,1272,6,9,68.75,127,59.905660377358494,62.115487561754456,-2.2098271843959623,20.832729019513764,56.33804398450482,00-0038108,Bailey,Zappe,4,B.Zappe
2023,REG,0,Taylor Heinicke,QB,ATL,2.8820298507462687,5.001621621621623,8.436953125,-3.435331503378378,13.23529411764706,36.76650921694906,-0.4067968749999999,136,890,5,4,74.69362745098039,74,54.41176470588235,63.12028652276186,-8.70852181687951,22.211836899399326,61.54499167275921,00-0031800,Taylor,Heinicke,4,T.Heinicke
2023,REG,0,Joe Burrow,QB,CIN,2.5382170329670326,4.483483606557377,6.496818181818181,-2.013334575260804,11.506849315068493,58.11515637077818,-1.77875,365,2309,15,6,90.9988584474886,244,66.84931506849315,65.59025877499826,1.2590562934948935,20.498287168650787,58.11515637077818,00-0036442,Joe,Burrow,9,J.Burrow
2023,REG,0,C.J. Stroud,QB,HOU,3.0369837728194717,7.36780564263323,9.208067226890758,-1.8402615842575285,13.827655310621243,59.188745551836114,0.34042016806722697,499,4108,23,5,100.84752839011355,319,63.92785571142284,62.99605558333332,0.9318001280895203,21.790941334259372,61.42237377373168,00-0039163,Coleridge,Stroud,7,C.Stroud
2023,REG,0,Baker Mayfield,QB,TB,2.7054540636042397,5.641895604395605,8.578287795992717,-2.936392191597112,16.784452296819786,60.082147098784674,-0.13573770491803294,566,4044,28,10,94.57449941107186,364,64.31095406360424,64.15228359960678,0.15867046399746698,21.53761189199299,61.258446764507504,00-0034855,Baker,Mayfield,6,B.Mayfield
2023,REG,0,Lamar Jackson,QB,BAL,2.9540131578947366,6.259185667752442,8.726122448979593,-2.466936781227151,11.37855579868709,52.73663811810533,-0.466621315192744,457,3678,24,7,102.72155361050326,307,67.17724288840262,65.47205862334442,1.7051842650581932,21.523656313908617,57.53399690617713,00-0034796,Lamar,Jackson,8,L.Jackson
2023,REG,0,Kirk Cousins,QB,MIN,2.858812297734628,6.119861111111111,7.247052980132451,-1.12719186902134,13.826366559485532,47.7241427371933,-1.3092384105960269,311,2331,18,5,103.78483386923902,216,69.45337620578779,64.89432010068963,4.559056105098165,20.241085422648332,47.7241427371933,00-0029604,Kirk,Cousins,8,K.Cousins
2023,REG,0,Jordan Love,QB,GB,2.7743032928942806,6.006344086021505,8.541967799642219,-2.535623713620714,16.234887737478413,57.610111959620426,-0.017960644007155392,579,4159,32,11,96.06001727115716,372,64.24870466321244,65.64931289609747,-1.400608232885034,22.953544130991947,58.458027677984475,00-0036264,Jordan,Love,10,J.Love
2023,REG,0,Jared Goff,QB,DET,2.7206905158069885,5.844692874692875,7.008586387434555,-1.16389351274168,12.892561983471074,57.006753985821724,-1.6266666666666667,605,4575,30,12,97.91666666666666,407,67.27272727272727,66.21534864456693,1.0573786281603361,20.00465424178275,57.006753985821724,00-0033106,Jared,Goff,16,J.Goff
2023,REG,0,Russell Wilson,QB,DEN,3.06003611738149,4.578552188552189,7.4723501199040765,-2.8937979313518873,12.304250559284116,60.75518825581894,-1.4676978417266184,447,3070,26,8,98.00055928411633,297,66.44295302013423,65.1055154709408,1.3374375491934245,20.721406237657753,61.200657676204756,00-0029263,Russell,Wilson,3,R.Wilson
2023,REG,0,Bryce Young,QB,CAR,2.900344106463878,4.890412698412699,7.4117016806722695,-2.5212889822595708,11.57495256166983,48.248908795951024,-1.4727521008403361,527,2877,11,10,73.6914927261227,315,59.772296015180274,61.34646153660665,-1.574165521426373,21.44947059772697,54.73553233503809,00-0039150,Bryce,Young,9,B.Young
2024,REG,0,Justin Herbert,QB,LAC,2.9105389221556877,6.499307228915664,8.66098969072165,-2.1616824618059853,15.873015873015872,51.55884017314587,-0.46478350515463907,504,3870,23,3,101.70304232804233,332,65.87301587301587,63.481448412698406,2.391567460317468,21.99489564132035,56.04886796359049,00-0036355,Justin,Herbert,10,J.Herbert
2024,REG,0,Caleb Williams,QB,CHI,2.91939247311828,4.5894301994302,7.868505747126436,-3.2790755476962365,12.099644128113878,57.29503294352836,-1.2483524904214562,562,3541,20,6,87.79655990510085,351,62.45551601423488,63.58186832740215,-1.126352313167267,21.315495150221473,58.66084383982215,00-0039918,Caleb,Williams,18,C.Williams
2024,REG,0,Jalen Hurts,QB,PHI,3.1312999999999995,6.20201612903226,7.991676646706586,-1.789660517674326,16.343490304709142,59.287983605449085,-0.8825748502994011,361,2903,18,5,103.68767313019391,248,68.69806094182826,62.39260387811636,6.3054570637118985,21.781763451784727,59.287983605449085,00-0036389,Jalen,Hurts,1,J.Hurts
2024,REG,0,Sam Darnold,QB,MIN,3.0833952205882347,6.935817174515236,8.884582524271845,-1.9487653497566093,13.944954128440369,54.327452544731,-0.10765048543689322,545,4319,35,12,102.53440366972477,361,66.23853211009174,63.43946788990825,2.7990642201834888,22.13820743196185,55.646284691792324,00-0034869,Sam,Darnold,14,S.Darnold
2024,REG,0,Kirk Cousins,QB,ATL,2.708489977728285,5.832706270627063,7.801693363844392,-1.9689870932173292,19.646799116997794,49.963083371625494,-1.4340045766590388,453,3508,18,16,88.61754966887418,303,66.88741721854305,63.44540838852096,3.4420088300220897,21.18921077458155,54.51371662251621,00-0029604,Kirk,Cousins,18,K.Cousins
2024,REG,0,Drake Maye,QB,NE,2.7382640949554897,4.619644444444445,7.328571428571429,-2.7089269841269843,15.384615384615385,51.708732337971696,-1.612422360248447,338,2276,15,10,88.0793885601578,225,66.5680473372781,63.581153846153846,2.986893491124256,20.43768737310061,57.22598797749149,00-0039851,Drake,Maye,10,D.Maye
2024,REG,0,Bryce Young,QB,CAR,2.793119791666666,6.067863247863247,8.690417827298052,-2.622554579434805,19.791666666666664,48.934292679060974,0.021894150417827496,384,2403,15,9,82.19401041666666,234,60.9375,58.8590625,2.0784374999999997,22.52232763511682,56.49459531672034,00-0039150,Bryce,Young,9,B.Young
2024,REG,0,Matthew Stafford,QB,LAR,2.779197674418605,5.840382352941177,7.707020000000001,-1.8666376470588242,13.152804642166343,55.93206057352081,-0.7889800000000002,517,3762,20,8,93.65328820116054,340,65.76402321083172,66.38253875968991,-0.6185155488581842,21.616272102392443,62.018340835594756,00-0026498,John,Stafford,9,M.Stafford
2024,REG,0,Aidan O'Connell,QB,LV,2.9156404958677684,5.638636363636364,7.744655172413794,-2.1060188087774305,20.98765432098765,50.386824666771766,-1.2251724137931028,243,1612,8,4,86.65123456790124,154,63.37448559670782,62.600288065843614,0.7741975308642068,21.214374847414923,52.57286847795163,00-0038579,Aidan,O'Connell,12,A.O'Connell
2024,REG,0,Patrick Mahomes,QB,KC,2.806379965457685,3.9933673469387765,6.304520795660036,-2.3111534487212593,10.327022375215146,62.15029686172062,-2.219891500904159,581,3928,26,11,93.50616752725186,392,67.46987951807229,68.62087779690191,-1.1509982788296185,18.923943155421547,62.15029686172062,00-0033873,Patrick,Mahomes,15,P.Mahomes
2024,REG,0,Deshaun Watson,QB,CLE,2.9389768518518515,3.8535036496350368,7.149142857142858,-3.2956392075078216,16.666666666666664,43.003583571604814,-2.9699047619047616,216,1148,5,3,79.01234567901234,137,63.42592592592593,66.03291666666667,-2.6069907407407342,19.757464820963303,58.67543693914857,00-0033537,Derrick,Watson,4,D.Watson
2024,REG,0,Jayden Daniels,QB,WAS,2.684671548117154,5.434954682779456,7.6367099567099554,-2.201755273930499,14.374999999999998,65.91713737716466,-1.3438095238095236,480,3568,25,9,100.06944444444446,331,68.95833333333333,68.2519375,0.7063958333333318,21.290682372078347,65.91713737716466,00-0039910,Jayden,Daniels,5,J.Daniels
2024,REG,0,Mason Rudolph,QB,TEN,2.804813333333333,5.865890410958903,7.319065420560747,-1.4531750096018445,12.280701754385964,48.073561340928336,-1.3444859813084113,228,1530,9,9,80.11695906432749,146,64.03508771929825,62.40096491228071,1.6341228070175333,19.815991802631604,53.55587736187318,00-0034771,Mason,Rudolph,11,M.Rudolph
2024,REG,0,Cooper Rush,QB,DAL,2.5497133550488598,4.905294117647059,7.113795379537953,-2.208501261890894,19.805194805194805,52.51897276223137,-1.740990099009901,308,1844,12,5,83.84740259740259,187,60.71428571428571,66.30461038961039,-5.5903246753246805,20.1345008690244,52.51897276223137,00-0033662,Cooper,Rush,10,C.Rush
2024,REG,0,Russell Wilson,QB,PIT,2.860523952095808,5.929579439252338,7.7159803921568635,-1.7864009529045255,13.095238095238097,56.21895054161008,-1.4082026143790847,336,2482,16,5,95.61011904761905,214,63.69047619047619,62.62770833333333,1.062767857142859,21.0007942797337,57.56759939410363,00-0029263,Russell,Wilson,3,R.Wilson
2024,REG,0,Mac Jones,QB,JAX,2.712778625954199,4.338479532163742,7.226640000000001,-2.8881604678362587,13.358778625954198,43.2516647078468,-1.98936,262,1672,8,8,80.51844783715013,171,65.2671755725191,66.71862595419847,-1.4514503816793791,21.74205145395891,62.26355595370377,00-0036972,Michael,Jones,10,M.Jones
2024,REG,0,Jacoby Brissett,QB,NE,2.874425,4.091263157894736,7.110794701986755,-3.019531544092019,18.012422360248447,42.910074574626414,-1.9289403973509933,161,826,2,1,74.18478260869564,95,59.006211180124225,60.97745341614906,-1.9712422360248354,19.92874578565419,60.834786101374604,00-0033119,Jacoby,Brissett,7,J.Brissett
2024,REG,0,Kyler Murray,QB,ARI,2.8093018518518518,5.0405376344086035,7.080499040307103,-2.0399614058984996,16.820702402957487,44.77267581907519,-1.6392706333973128,541,3851,21,11,93.51124460874925,372,68.76155268022181,66.60388170055452,2.1576709796672873,20.132569639327286,52.50219233517778,00-0035228,Kyler,Murray,1,K.Murray
2024,REG,0,Lamar Jackson,QB,BAL,3.1442686567164175,6.774335443037975,9.010726872246696,-2.2363914292087212,10.970464135021098,58.257684471664334,-0.3901541850220263,474,4172,41,4,119.62904360056257,316,66.66666666666666,66.86130801687763,-0.19464135021097206,22.24436737423046,58.71810793954451,00-0034796,Lamar,Jackson,8,L.Jackson
2024,REG,0,C.J. Stroud,QB,HOU,2.9764371482176366,6.11577380952381,8.33913725490196,-2.2233634453781503,15.413533834586465,59.83259980980267,-0.919686274509804,532,3727,20,12,87.03790726817043,336,63.1578947368421,62.99513157894736,0.16276315789474438,21.582655030092294,66.87622372712144,00-0039163,Coleridge,Stroud,7,C.Stroud
2024,REG,0,Joe Flacco,QB,IND,2.6931411290322584,6.7048148148148154,8.738264462809918,-2.033449647995102,15.725806451612904,54.68328172302756,-0.2617355371900826,248,1761,12,7,90.47379032258064,162,65.32258064516128,63.76842741935484,1.5541532258064379,21.972965641289765,64.46446618098997,00-0026158,Joseph,Flacco,15,J.Flacco
2024,REG,0,Jameis Winston,QB,CLE,2.788023728813559,7.395027624309393,9.240833333333335,-1.8458057090239413,17.56756756756757,50.15894835420694,0.5047222222222223,296,2121,13,12,80.6447072072072,181,61.14864864864865,63.425135135135136,-2.2764864864864833,22.312211333402065,62.31048467152218,00-0031503,Jameis,Winston,5,J.Winston
2024,REG,0,Jordan Love,QB,GB,2.876075294117647,6.192500000000001,8.865655339805826,-2.6731553398058256,17.647058823529413,60.769900444216624,0.07439320388349538,425,3389,25,11,96.68137254901961,268,63.05882352941177,64.27936470588234,-1.2205411764705758,23.117729181085085,60.769900444216624,00-0036264,Jordan,Love,10,J.Love
2024,REG,0,Spencer Rattler,QB,NO,2.8174537444933923,5.144846153846153,7.760046728971962,-2.615200575125809,8.771929824561402,51.34738357501773,-1.833411214953271,228,1317,4,5,70.37646198830409,130,57.01754385964912,65.60846491228072,-8.5909210526316,21.153384017281407,56.049989295271054,00-0039376,Spencer,Rattler,18,S.Rattler
2024,REG,0,Andy Dalton,QB,CAR,2.5494562499999995,4.89622641509434,6.717307692307693,-1.8210812772133531,15.0,42.89284439157655,-2.0198717948717944,160,989,7,6,82.00520833333333,106,66.25,65.4763125,0.7736874999999941,21.228521887936985,52.184542730582585,00-0027973,Andrew,Dalton,14,A.Dalton
2024,REG,0,Daniel Jones,QB,MIN,2.707498516320475,5.003611111111111,7.303396226415093,-2.2997851153039823,14.95601173020528,53.62881688047947,-1.6557232704402516,341,2070,8,7,79.42937438905182,216,63.34310850439883,64.60451612903226,-1.261407624633435,20.595763920123957,63.512519238336,00-0035710,Daniel,Jones,13,D.Jones
2024,REG,0,Baker Mayfield,QB,TB,2.69820035149385,5.023832923832924,6.8207295373665495,-1.796896613533626,10.87719298245614,43.82396718691725,-2.1739323843416365,570,4500,41,16,106.76169590643276,407,71.40350877192982,69.23243859649124,2.1710701754385866,20.319178002988984,59.21030484636943,00-0034855,Baker,Mayfield,6,B.Mayfield
2024,REG,0,Trevor Lawrence,QB,JAX,2.6904718309859157,6.772732558139535,9.26466911764706,-2.4919365595075247,11.619718309859154,57.18604724930725,0.7168750000000005,284,2045,11,7,85.19659624413146,172,60.56338028169014,63.87841549295774,-3.315035211267606,23.05065639347859,59.15219860664521,00-0036971,Trevor,Lawrence,16,T.Lawrence
2024,REG,0,Tua Tagovailoa,QB,MIA,2.4164760705289674,3.751374570446736,5.574704370179949,-1.8233297997332127,12.280701754385964,43.78730523793398,-3.0088431876606685,399,2867,19,7,101.36278195488721,291,72.93233082706767,71.235664160401,1.6966666666666725,18.664926355799068,57.89467160283405,00-0036212,Tua,Tagovailoa,1,T.Tagovailoa
2024,REG,0,Joe Burrow,QB,CIN,2.7109508448540702,5.929173913043479,7.434674085850556,-1.5055001728070776,15.797546012269938,54.143222105818566,-0.6877424483306839,652,4918,43,9,108.53783231083847,460,70.5521472392638,66.030245398773,4.5219018404907985,20.038424341747948,56.051164127072326,00-0036442,Joe,Burrow,9,J.Burrow
2024,REG,0,Justin Fields,QB,PIT,3.0368000000000004,5.286698113207547,7.666381578947369,-2.379683465739822,11.801242236024844,46.24891133853856,-1.9454605263157887,161,1106,5,1,93.33592132505176,106,65.83850931677019,65.42919254658385,0.4093167701863365,21.284936065010136,48.62681770381442,00-0036945,Justin,Fields,2,J.Fields
2024,REG,0,Drew Lock,QB,NYG,2.8436222222222223,4.194485981308412,7.0648275862068965,-2.870341604898485,17.12707182320442,45.98921286562753,-2.3202298850574716,181,1071,6,5,75.54097605893188,107,59.11602209944752,61.97685082872928,-2.8608287292817636,20.84631379056828,53.176431809590234,00-0035704,Drew,Lock,2,D.Lock
2024,REG,0,Derek Carr,QB,NO,2.7589175627240143,5.69026455026455,8.398664122137404,-2.708399571872854,11.11111111111111,54.94541473134952,-0.6776717557251908,279,2145,15,5,101.02299880525688,189,67.74193548387096,64.51921146953406,3.2227240143369045,21.823394735832,58.26653413409793,00-0031280,Derek,Carr,4,D.Carr
2024,REG,0,Dak Prescott,QB,DAL,2.7880280701754394,5.409891891891892,7.817220216606498,-2.407328324714606,21.328671328671327,50.813404727492916,-1.0672563176895307,286,1978,11,8,85.97027972027972,185,64.6853146853147,62.742902097902096,1.9424125874125977,20.34889705529311,52.92090796651169,00-0033077,Rayne,Prescott,4,D.Prescott
2024,REG,0,Josh Allen,QB,BUF,2.886883817427386,5.442508143322477,8.32202614379085,-2.879518000468374,16.77018633540373,53.29973076855079,-0.6322222222222221,483,3731,28,6,101.38457556935816,307,63.56107660455487,62.77993788819876,0.7811387163561108,21.568974857792725,60.45899271407025,00-0034857,Joshua,Allen,17,J.Allen
2024,REG,0,Brock Purdy,QB,SF,2.934611111111111,7.404666666666666,8.73934090909091,-1.334674242424244,17.802197802197803,52.41416793196283,-0.2561136363636363,455,3864,20,12,96.07600732600736,300,65.93406593406593,62.950989010989,2.983076923076929,21.125447386467176,52.41416793196283,00-0037834,Brock,Purdy,13,B.Purdy
2024,REG,0,Will Levis,QB,TEN,2.6770033222591367,5.822947368421052,8.617610921501706,-2.794663553080654,18.6046511627907,54.80265048334798,-1.0649829351535838,301,2091,13,12,81.41611295681064,190,63.12292358803987,64.76235880398671,-1.6394352159468468,22.482237683507773,58.32717719896961,00-0039152,Will,Levis,8,W.Levis
2024,REG,0,Geno Smith,QB,SEA,2.832303819444444,5.1437837837837845,7.172274368231046,-2.028490584447262,12.45674740484429,56.40374544301114,-2.217617328519855,578,4320,21,15,93.20213379469435,407,70.41522491349481,66.56076124567474,3.8544636678200703,20.684551033659535,56.40374544301114,00-0030565,Eugene,Smith,7,G.Smith
2024,REG,0,Anthony Richardson,QB,IND,2.950442748091603,7.959126984126985,12.027560000000003,-4.068433015873018,15.909090909090908,65.25772368080271,2.65556,264,1814,8,12,61.64772727272728,126,47.72727272727273,58.901287878787876,-11.17401515151515,24.954572868891272,65.25772368080271,00-0039164,Anthony,Richardson,5,A.Richardson
2024,REG,0,Aaron Rodgers,QB,NYJ,2.6881369863013695,4.517228260869564,6.724348591549296,-2.2071203306797313,14.04109589041096,61.43847735743457,-1.7826936619718312,584,3897,28,11,90.53224885844747,368,63.013698630136986,67.72717465753423,-4.713476027397249,20.216732639107423,61.43847735743457,00-0023459,Aaron,Rodgers,8,A.Rodgers
2024,REG,0,Jared Goff,QB,DET,2.787294776119403,5.115358974358974,6.8317416829745605,-1.716382708615587,11.50278293135436,56.3963261214771,-1.5694324853228965,539,4629,37,12,111.76948051948052,390,72.35621521335807,67.30133580705011,5.054879406307961,19.63895399753302,56.3963261214771,00-0033106,Jared,Goff,16,J.Goff
2024,REG,0,Gardner Minshew,QB,LV,2.706112211221122,4.372364532019704,6.030533807829183,-1.6581692758094793,17.320261437908496,51.18499877893913,-2.734590747330961,306,2013,9,10,80.9640522875817,203,66.33986928104575,64.78241830065357,1.5574509803921757,19.25814647084652,51.98859971185991,00-0035289,Gardner,Minshew,15,G.Minshew
2024,REG,0,Bo Nix,QB,DEN,2.906321554770318,4.495797872340425,7.3869287020109695,-2.8911308296705442,13.051146384479717,66.95446213658953,-1.5381170018281538,567,3775,29,12,93.31643151087596,376,66.31393298059965,68.88306878306878,-2.569135802469134,21.310807354987926,68.4640066020095,00-0039732,Bo,Nix,10,B.Nix
