season,season_type,week,player_display_name,player_position,team_abbr,avg_cushion,avg_separation,avg_intended_air_yards,percent_share_of_intended_air_yards,receptions,targets,catch_percentage,yards,rec_touchdowns,avg_yac,avg_expected_yac,avg_yac_above_expectation,player_gsis_id,player_first_name,player_last_name,player_jersey_number,player_short_name
2016,REG,0,Tyreek Hill,WR,KC,7.822638888888889,3.51871428008136,7.870602409638554,16.708057853881865,61,83,73.49397590361446,599.0,6,4.670655737704918,5.3315702868677315,-0.6609145491628139,00-0033040,Tyreek,Hill,10,T.Hill
2016,REG,0,Richard Rodgers,TE,GB,7.60578947368421,2.6938820804794577,8.38127659574468,6.884246030705778,30,47,63.829787234042556,271.0,2,3.347666666666666,3.2744280250080995,0.07323864165856664,00-0031384,Richard,Rodgers,82,
2016,REG,0,Travis Benjamin,WR,LAC,7.601111111111111,3.0174261849707245,13.329866666666668,19.536130722888036,47,75,62.66666666666667,677.0,4,5.679361702127658,4.96871083642785,0.7106508656998081,00-0029269,Travis,Benjamin,12,
2016,REG,0,Cordarrelle Patterson,WR,MIN,7.466268656716418,3.23044503445249,5.564,9.530008221430528,52,70,74.28571428571429,453.0,2,6.278461538461538,5.619059983353808,0.6594015551077295,00-0030578,Cordarrelle,Patterson,84,C.Patterson
2016,REG,0,DeSean Jackson,WR,WAS,7.295833333333334,2.8862852196325024,16.035399999999996,28.085914306381916,56,100,56.00000000000001,1005.0,4,4.867142857142858,5.051773002105554,-0.18463014496269547,00-0026189,DeSean,Jackson,11,D.Jackson
2016,REG,0,Albert Wilson,WR,KC,7.21409090909091,3.505559892066392,7.72607843137255,10.077880225584105,31,51,60.78431372549019,279.0,2,5.222580645161289,5.1966671712968076,0.025913473864481062,00-0030669,Albert,Wilson,12,A.Wilson
2016,REG,0,Brandin Cooks,WR,NO,7.149210526315788,2.8473033548769573,13.449059829059827,30.874066051359332,78,117,66.66666666666666,1173.0,8,4.596923076923077,4.10761506025108,0.4893080166719974,00-0031236,Brandin,Cooks,10,B.Cooks
2016,REG,0,Rishard Matthews,WR,TEN,7.1388461538461545,2.167099764435854,13.507592592592593,29.932126325465358,65,108,60.18518518518518,945.0,9,3.8590769230769237,3.9598145537373233,-0.10073763066039954,00-0029580,Rishard,Matthews,18,R.Matthews
2016,REG,0,Taylor Gabriel,WR,ATL,7.0809999999999995,3.158981834854208,11.190999999999999,11.637507903231173,35,50,70.0,579.0,6,7.892,6.3763773191361715,1.515622680863829,00-0031228,Taylor,Gabriel,18,T.Gabriel
2016,REG,0,Phillip Dorsett,WR,IND,7.072542372881356,2.902843283586208,13.835423728813561,15.613272687627438,33,59,55.932203389830505,528.0,2,4.325151515151516,4.658525747314787,-0.3333742321632709,00-0032208,Phillip,Dorsett,15,P.Dorsett
2016,REG,0,Chris Conley,WR,KC,7.053676470588236,2.905711445551097,10.583478260869564,18.677442868652246,44,69,63.76811594202898,530.0,0,3.0490909090909084,4.017353781923293,-0.9682628728323848,00-0032128,Christian,Conley,17,C.Conley
2016,REG,0,Tavon Austin,WR,LAR,6.977173913043478,3.1914531897961886,7.548396226415094,18.746749138961125,58,106,54.71698113207547,509.0,3,4.558620689655172,4.734016339324913,-0.1753956496697402,00-0030525,Tavon,Austin,11,T.Austin
2016,REG,0,Tyler Lockett,WR,SEA,6.808750000000001,3.353730466559719,10.760909090909092,13.854518002368197,41,66,62.121212121212125,597.0,1,5.339756097560975,5.551802066768878,-0.21204596920790308,00-0032211,Tyler,Lockett,16,
2016,REG,0,Ted Ginn,WR,CAR,6.765000000000001,2.9929793347602143,13.388736842105263,20.933328944553253,54,95,56.84210526315789,752.0,4,3.4033333333333333,4.053028916864917,-0.6496955835315834,00-0025396,Ted,Ginn,19,T.Ginn
2016,REG,0,Sammie Coates,WR,PIT,6.759795918367347,2.5239471768132433,22.00857142857143,19.283670695944497,21,49,42.857142857142854,435.0,2,5.73142857142857,6.2511791416574765,-0.519750570228906,00-0032166,Sammie,Coates,14,S.Coates
2016,REG,0,Jamison Crowder,WR,WAS,6.732235294117647,3.5934765911806594,8.656161616161617,15.00960694712764,67,99,67.67676767676768,847.0,7,5.612388059701491,5.668837136562553,-0.05644907686106215,00-0031941,Jamison,Crowder,80,J.Crowder
2016,REG,0,Cole Beasley,WR,DAL,6.70641304347826,3.4045226093913414,6.840102040816326,15.97115171557707,75,98,76.53061224489795,833.0,5,4.960799999999999,5.173482953247786,-0.2126829532477874,00-0029000,Cole,Beasley,11,C.Beasley
2016,REG,0,Doug Baldwin,WR,SEA,6.618867924528302,3.0698670212862265,9.402640000000002,22.927586724850627,94,125,75.2,1128.0,7,4.890212765957448,5.133962746947246,-0.24374998098979805,00-0028434,Doug,Baldwin,89,D.Baldwin
2016,REG,0,Brian Quick,WR,LAR,6.5464864864864865,2.1667962782834436,12.272597402597402,22.14076521168669,41,77,53.246753246753244,564.0,3,4.0407317073170725,2.8924003875388005,1.148331319778272,00-0029640,Brian,Quick,83,B.Quick
2016,REG,0,Allen Hurns,WR,JAX,6.539999999999999,2.5354071227099957,10.768552631578947,14.977015028072408,35,76,46.05263157894737,477.0,3,5.987714285714287,6.157138161146571,-0.1694238754322841,00-0030821,Allen,Hurns,88,
2016,REG,0,Marquise Goodwin,WR,BUF,6.535909090909091,2.8395524838599293,15.823235294117648,22.866335707849508,29,68,42.64705882352941,413.0,3,2.337241379310345,2.2694511989066894,0.06779018040365559,00-0030068,Marquise,Goodwin,88,M.Goodwin
2016,REG,0,Quincy Enunwa,WR,NYJ,6.523205128205127,2.4327383067130066,9.661142857142856,19.326371861479288,58,105,55.23809523809524,857.0,4,6.23448275862069,5.823938358795723,0.4105443998249667,00-0031023,Onachie,Enunwa,81,Q.Enunwa
2016,REG,0,Jeremy Kerley,WR,SF,6.517843137254903,3.1494108707836843,9.171478260869563,24.796345623517404,64,115,55.65217391304348,667.0,3,3.1635937500000004,4.814907075876471,-1.6513133258764707,00-0028091,Jeremy,Kerley,17,J.Kerley
2016,REG,0,Adam Humphries,WR,TB,6.508181818181818,3.4168422148766115,5.731686746987951,7.788076824852172,55,83,66.26506024096386,622.0,2,7.180363636363635,6.426137826286846,0.7542258100767896,00-0032009,Adam,Humphries,11,A.Humphries
2016,REG,0,Steve Smith,WR,BAL,6.503258426966291,2.659959570292205,9.094158415841585,17.493096158607425,70,101,69.3069306930693,799.0,5,3.815857142857143,3.1583797895749326,0.6574773532822102,00-0020337,Steve,Smith,89,S.Smith Sr.
2016,REG,0,Larry Fitzgerald,WR,ARI,6.482462686567165,2.361345376740551,7.994866666666669,18.06210727346118,107,150,71.33333333333334,1023.0,6,3.4297196261682235,3.6251963890891172,-0.19547676292089378,00-0022921,Larry,Fitzgerald,11,L.Fitzgerald
2016,REG,0,Kenny Stills,WR,MIA,6.459189189189189,2.4815387079464912,15.291234567901233,31.584033945588118,42,81,51.85185185185185,726.0,9,4.216904761904761,3.9911371753431104,0.22576758656165063,00-0030085,Kenny,Stills,10,K.Stills
2016,REG,0,Delanie Walker,TE,TEN,6.436708860759493,2.872385966301858,10.074803921568629,21.084952890581405,65,102,63.725490196078425,800.0,7,4.013538461538461,4.14262644665172,-0.1290879851132587,00-0024389,Delanie,Walker,82,D.Walker
2016,REG,0,Tajae Sharpe,WR,TEN,6.3984337349397595,2.1180075594954255,13.749999999999996,23.416212534059948,41,83,49.39759036144578,522.0,2,2.0763414634146344,2.5077315510770437,-0.43139008766240927,00-0032778,Tajae,Sharpe,19,T.Sharpe
2016,REG,0,Quinton Patton,WR,SF,6.387096774193547,3.2223971831420024,9.913809523809523,14.683568706462632,37,63,58.730158730158735,408.0,0,5.382702702702702,5.607346103801891,-0.2246434010991889,00-0030450,Quinton,Patton,11,
2016,REG,0,Julian Edelman,WR,NE,6.381911764705882,2.688326466364714,9.4888679245283,33.82833029892644,98,159,61.63522012578616,1106.0,3,4.936836734693878,4.691841914336041,0.24499482035783693,00-0027150,Julian,Edelman,11,J.Edelman
2016,REG,0,Kyle Rudolph,TE,MIN,6.34868686868687,2.8626669857194025,7.253636363636364,23.428140782210388,83,132,62.878787878787875,840.0,7,4.387710843373493,5.252803831760446,-0.8650929883869534,00-0027981,Kyle,Rudolph,82,K.Rudolph
2016,REG,0,Zach Ertz,TE,PHI,6.3401369863013715,3.2354824947331964,8.420849056603773,18.376216180606164,78,106,73.58490566037736,816.0,4,3.41025641025641,3.96175422677523,-0.55149781651882,00-0030061,Zach,Ertz,86,Z.Ertz
2016,REG,0,Torrey Smith,WR,SF,6.306530612244898,2.3446615726191293,13.832857142857142,15.935234969542943,20,49,40.816326530612244,267.0,3,2.8299999999999996,3.82771820449765,-0.9977182044976503,00-0027996,James,Smith,82,T.Smith
2016,REG,0,Vernon Davis,TE,WAS,6.29711111111111,3.1570746620527532,9.72406779661017,10.04867403111705,44,59,74.57627118644068,581.0,2,5.239318181818178,5.863518022682522,-0.6241998408643434,00-0024221,Vernon,Davis,85,V.Davis
2016,REG,0,Marqise Lee,WR,JAX,6.254466019417476,2.5639410991592992,11.866952380952378,22.802519562846324,63,105,60.0,851.0,3,5.495238095238096,5.377943992085825,0.11729410315227096,00-0031431,Marqise,Lee,11,M.Lee
2016,REG,0,Robert Woods,WR,BUF,6.24958904109589,3.5252452115320008,11.175394736842104,18.04965232322889,51,76,67.10526315789474,613.0,1,2.693921568627452,3.551595990561848,-0.8576744219343961,00-0030431,Robert,Woods,10,R.Woods
2016,REG,0,Nelson Agholor,WR,PHI,6.24939393939394,2.292221220614623,11.44768115942029,16.261513313652102,36,69,52.17391304347826,365.0,2,3.022777777777778,3.3085145548319144,-0.2857367770541366,00-0031549,Nelson,Agholor,17,N.Agholor
2016,REG,0,Corey Brown,WR,CAR,6.243829787234042,3.172532643566693,10.083396226415093,8.795444446273102,27,53,50.943396226415096,271.0,1,4.285555555555555,5.136149336896962,-0.8505937813414075,00-0031118,Corey,Brown,10,C.Brown
2016,REG,0,Terrance Williams,WR,DAL,6.2410000000000005,2.736280469136144,12.339180327868853,17.933444996938384,44,61,72.1311475409836,594.0,4,3.530227272727274,3.8783758620246136,-0.3481485892973395,00-0030542,Terrance,Williams,83,T.Williams
2016,REG,0,Devin Funchess,WR,CAR,6.2188888888888885,2.0438195354467976,14.91310344827586,14.235447079541153,23,58,39.6551724137931,371.0,4,4.440869565217391,3.7156218601263045,0.7252477050910868,00-0032055,Devin,Funchess,17,D.Funchess
2016,REG,0,Martellus Bennett,TE,NE,6.202258064516126,3.8483187480973937,5.981095890410959,9.789773899317483,55,73,75.34246575342466,701.0,7,7.634545454545455,6.570549241761674,1.0639962127837803,00-0026201,Martellus,Bennett,88,M.Bennett
2016,REG,0,Dontrelle Inman,WR,LAC,6.201666666666666,2.8140294668635586,11.41278350515464,21.63290271017061,58,97,59.79381443298969,810.0,4,3.697241379310345,4.522543615677569,-0.8253022363672242,00-0028411,Dontrelle,Inman,15,D.Inman
2016,REG,0,Willie Snead,WR,NO,6.160833333333334,3.1229062747689325,7.415192307692308,15.131145225089476,72,104,69.23076923076923,895.0,4,5.490555555555555,5.8987406910284435,-0.4081851354728885,00-0030663,Willie,Snead,83,W.Snead
2016,REG,0,Kendall Wright,WR,TEN,6.113947368421054,2.9236142763626627,10.670930232558138,9.41470240635567,29,43,67.44186046511628,416.0,3,4.282068965517243,4.2750160008886615,0.007052964628581293,00-0029708,Kendall,Wright,13,
2016,REG,0,Jeremy Maclin,WR,KC,6.089722222222221,2.359351389758836,11.47078947368421,22.297019067227644,44,76,57.89473684210527,536.0,2,3.0922727272727273,4.092893911358023,-1.0006211840852957,00-0026995,Jeremy,Maclin,19,J.Maclin
2016,REG,0,Dorial Green-Beckham,WR,PHI,6.060675675675677,2.563052271581774,10.718243243243242,16.328627131275447,36,74,48.64864864864865,392.0,2,3.972777777777779,4.521596847706784,-0.5488190699290048,00-0032218,Dorial,Green-Beckham,18,D.Green-Beckham
2016,REG,0,Antonio Gates,TE,LAC,6.002941176470588,2.780626610006133,8.80032258064516,15.993113677089296,53,93,56.98924731182796,548.0,7,3.593962264150945,4.03212116479877,-0.43815890064782526,00-0021547,Antonio,Gates,85,A.Gates
2016,REG,0,Eddie Royal,WR,CHI,6.001538461538462,3.4033791125456756,6.278604651162791,5.112608816684247,33,43,76.74418604651163,369.0,2,5.806969696969698,4.812983622153232,0.9939860748164655,00-0026182,William,Royal,19,
2016,REG,0,Michael Crabtree,WR,LV,5.976,2.2610439900519386,11.564206896551722,33.81708470556441,89,145,61.37931034482759,1003.0,8,2.8544943820224717,2.9213318859195905,-0.06683750389711873,00-0026986,Michael,Crabtree,15,M.Crabtree
2016,REG,0,Will Tye,TE,NYG,5.958979591836734,3.1137151586508343,6.310428571428572,9.017087823369351,48,70,68.57142857142857,395.0,1,3.900208333333333,4.710295345632935,-0.810087012299602,00-0032004,Will,Tye,45,W.Tye
2016,REG,0,John Brown,WR,ARI,5.953538461538462,3.0329399275355704,14.793150684931504,16.26482796845536,39,73,53.42465753424658,517.0,2,2.543589743589744,2.9881372626622,-0.44454751907245615,00-0031051,John,Brown,12,Jo.Brown
2016,REG,0,Will Fuller,WR,HOU,5.9513043478260865,2.4641349009064295,16.31815217391304,27.547906570489577,47,92,51.08695652173913,630.0,2,4.40531914893617,3.8330119462709957,0.5723072026651739,00-0033127,Will,Fuller,15,W.Fuller
2016,REG,0,Julius Thomas,TE,JAX,5.937297297297298,2.7815903034858867,7.500392156862744,7.00016836125934,30,51,58.82352941176471,281.0,4,3.4149999999999996,5.014092823864234,-1.5990928238642348,00-0028067,Julius,Thomas,80,J.Thomas
2016,REG,0,Victor Cruz,WR,NYG,5.933239436619719,2.302431165814381,12.060833333333333,17.726345786017426,39,72,54.166666666666664,586.0,1,5.034102564102564,4.363149423630718,0.6709531404718456,00-0027265,Victor,Cruz,80,V.Cruz
2016,REG,0,Charles Clay,TE,BUF,5.91469696969697,2.9838895011323423,8.386436781609195,15.505618932657816,57,87,65.51724137931035,552.0,4,3.301578947368421,4.227583791080095,-0.9260048437116737,00-0028112,Charles,Clay,85,C.Clay
2016,REG,0,J.J. Nelson,WR,ARI,5.903783783783784,2.930463344543924,18.28689189189189,20.381566026255072,34,74,45.94594594594595,568.0,6,4.763529411764705,3.560307056586412,1.2032223551782932,00-0032112,J.J.,Nelson,14,J.Nelson
2016,REG,0,Travis Kelce,TE,KC,5.856979166666666,2.951007312146734,6.951452991452991,20.80182104172794,85,117,72.64957264957265,1125.0,4,7.808235294117647,6.626935864786441,1.1812994293312062,00-0030506,Travis,Kelce,87,T.Kelce
2016,REG,0,Jarvis Landry,WR,MIA,5.838512396694215,2.8540156097702063,6.477022900763359,21.636487427229405,94,131,71.7557251908397,1136.0,4,6.5420212765957455,4.765788367723645,1.7762329088721005,00-0031382,Jarvis,Landry,14,J.Landry
2016,REG,0,Jimmy Graham,TE,SEA,5.831358024691358,2.7336437460144496,10.235052631578947,18.967592421000067,65,95,68.42105263157895,923.0,6,4.932307692307693,5.363517432030498,-0.43120973972280563,00-0027696,Jimmy,Graham,88,J.Graham
2016,REG,0,Robby Anderson,WR,NYJ,5.827012987012988,2.650123451884849,17.044615384615387,25.32878380000344,42,78,53.84615384615385,587.0,2,2.562380952380952,3.241109425509326,-0.6787284731283738,00-0032688,Robby,Anderson,11,R.Anderson
2016,REG,0,Emmanuel Sanders,WR,DEN,5.801908396946566,2.6294746835319396,13.349635036496348,33.745161206995164,79,137,57.66423357664233,1032.0,5,3.0115189873417716,3.434979642493257,-0.42346065515148545,00-0027685,Emmanuel,Sanders,10,
2016,REG,0,Michael Floyd,WR,NE,5.790800000000001,2.4188990618470334,15.569605263157897,17.82202823112654,37,76,48.68421052631579,488.0,5,1.7421621621621628,3.2119723014238137,-1.469810139261651,00-0029638,Michael,Floyd,14,
2016,REG,0,Mike Wallace,WR,BAL,5.773706896551724,2.713413276296051,12.511896551724137,27.64164778029596,72,116,62.06896551724138,1017.0,4,5.834722222222222,5.248995777631813,0.5857264445904091,00-0026901,Mike,Wallace,17,M.Wallace
2016,REG,0,Eric Ebron,TE,DET,5.77358208955224,2.6384070802981565,8.427529411764706,15.170266836086402,61,85,71.76470588235294,711.0,1,4.204426229508197,4.717125816423376,-0.5126995869151791,00-0031387,Eric,Ebron,85,E.Ebron
2016,REG,0,Trey Burton,TE,PHI,5.773333333333333,3.1869497163075846,7.772166666666667,9.600363979231775,37,60,61.66666666666667,327.0,1,3.4959459459459468,3.971191149853081,-0.47524520390713443,00-0030710,Trey,Burton,47,T.Burton
2016,REG,0,Jordy Nelson,WR,GB,5.76867132867133,2.6681548219983333,13.011644736842106,34.56401114985014,97,152,63.81578947368421,1257.0,14,3.6707216494845354,3.573893585463259,0.0968280640212762,00-0026176,Jordy,Nelson,87,J.Nelson
2016,REG,0,Mike Evans,WR,TB,5.75391812865497,2.163240825809149,15.538265895953751,44.006653089823246,96,173,55.49132947976878,1321.0,12,1.8864583333333333,2.430979800013174,-0.5445214666798408,00-0031408,Mike,Evans,13,M.Evans
2016,REG,0,Breshad Perriman,WR,BAL,5.747812499999999,2.4194923691791534,14.853787878787879,18.67084388748167,33,66,50.0,499.0,3,5.206666666666667,4.576497889828196,0.6301687768384712,00-0032054,Breshad,Perriman,18,B.Perriman
2016,REG,0,Tyler Boyd,WR,CIN,5.739218750000001,2.7718562673303433,9.286666666666667,15.618699583692372,54,81,66.66666666666666,603.0,1,3.802592592592593,4.841715630560274,-1.039123037967681,00-0033009,Tyler,Boyd,83,T.Boyd
2016,REG,0,Brandon LaFell,WR,CIN,5.731634615384616,2.739646945454968,10.949252336448598,24.325861943668702,64,107,59.813084112149525,862.0,6,5.1784375,4.94749617431325,0.23094132568675008,00-0027681,Brandon,LaFell,11,B.LaFell
2016,REG,0,Eli Rogers,WR,PIT,5.7282758620689656,2.9852840665543896,9.673636363636362,11.416565338673912,48,66,72.72727272727273,594.0,3,4.457083333333332,6.358134455460146,-1.9010511221268134,00-0031782,Eli,Rogers,17,E.Rogers
2016,REG,0,Tyrell Williams,WR,LAC,5.72405172413793,2.4904903892016224,12.186218487394958,28.337883178729783,69,119,57.98319327731093,1059.0,7,6.7,7.429491204369463,-0.729491204369463,00-0032160,Tyrell,Williams,16,Ty.Williams
2016,REG,0,Mohamed Sanu,WR,ATL,5.716571428571429,2.8987122296004686,8.604938271604938,14.496189810655219,59,81,72.8395061728395,653.0,4,4.865254237288135,5.714003094942796,-0.8487488576546607,00-0029632,Mohamed,Sanu,12,M.Sanu
2016,REG,0,Kelvin Benjamin,WR,CAR,5.70698275862069,1.8022296689358688,12.72050847457627,24.703675054722606,63,118,53.38983050847458,941.0,7,3.5330158730158736,3.82995638920675,-0.29694051619087647,00-0031359,Kelvin,Benjamin,13,K.Benjamin
2016,REG,0,Cameron Meredith,WR,CHI,5.703894736842104,2.4009852270561303,10.425463917525773,19.15041083801866,66,97,68.04123711340206,888.0,4,4.340606060606061,3.6584089100349226,0.6821971505711382,00-0031912,Cameron,Meredith,81,C.Meredith
2016,REG,0,Dennis Pitta,TE,BAL,5.682278481012659,2.894067678993194,6.427851239669422,14.812691641114517,86,121,71.07438016528926,729.0,2,3.5194186046511624,4.133686698370624,-0.614268093719462,00-0027714,Dennis,Pitta,88,D.Pitta
2016,REG,0,T.Y. Hilton,WR,IND,5.66841059602649,2.596274704554486,13.26425806451613,39.32458331580015,91,155,58.70967741935483,1448.0,6,3.563516483516483,4.440398702765584,-0.8768822192491004,00-0029608,T.Y.,Hilton,13,T.Hilton
2016,REG,0,Donte Moncrief,WR,IND,5.665714285714286,2.3553823686399866,11.061428571428573,11.848100103668965,30,56,53.57142857142857,307.0,7,2.541333333333333,2.6691432801091333,-0.12780994677580004,00-0031339,Donte,Moncrief,10,
2016,REG,0,Jermaine Kearse,WR,SEA,5.618837209302327,2.4438431252579336,13.240224719101125,22.987084176213898,41,89,46.06741573033708,510.0,1,3.2639024390243914,4.155013396244512,-0.8911109572201208,00-0029159,Jermaine,Kearse,15,J.Kearse
2016,REG,0,Terrelle Pryor,WR,CLE,5.609927536231885,2.752861294475272,14.683214285714286,40.10374905137314,77,140,55.00000000000001,1007.0,4,2.371298701298701,3.3338628825424164,-0.9625641812437156,00-0028825,Terrelle,Pryor,11,T.Pryor Sr.
2016,REG,0,Corey Coleman,WR,CLE,5.606901408450705,2.752814529785125,15.20109589041096,21.64878663553025,33,73,45.20547945205479,413.0,3,2.775151515151515,3.178423348702121,-0.40327183355060603,00-0032966,Corey,Coleman,19,C.Coleman
2016,REG,0,Vance McDonald,TE,SF,5.597692307692308,2.5161572808429864,10.529555555555557,11.139688682106392,24,45,53.333333333333336,391.0,4,8.739583333333334,6.4701951891163745,2.2693881442169594,00-0030470,Vance,McDonald,89,V.McDonald
2016,REG,0,Jordan Reed,TE,WAS,5.590000000000001,3.3045504790509606,8.209438202247192,12.797119141907833,66,89,74.15730337078652,686.0,6,3.847121212121212,4.006414279793896,-0.1592930676726838,00-0030472,Jordan,Reed,86,J.Reed
2016,REG,0,Sammy Watkins,WR,BUF,5.566734693877552,2.4988699799823277,15.061346153846152,16.644069093320184,28,52,53.84615384615385,430.0,2,1.1139285714285716,2.9925420816445425,-1.878613510215971,00-0031325,Sammy,Watkins,14,S.Watkins
2016,REG,0,Jason Witten,TE,DAL,5.555873015873017,2.9891547007342023,6.9331578947368415,15.692866315791981,69,95,72.63157894736842,673.0,3,3.392753623188406,3.6573193414498,-0.2645657182613941,00-0022127,Christopher,Witten,82,J.Witten
2016,REG,0,Lance Kendricks,TE,LAR,5.545692307692308,2.5764107015080966,5.385862068965517,10.978421311590635,50,87,57.47126436781609,499.0,2,5.199200000000001,5.0896807570991855,0.1095192429008156,00-0027985,Lance,Kendricks,88,L.Kendricks
2016,REG,0,Golden Tate,WR,DET,5.496899224806202,2.7148833127247483,8.379999999999999,23.958068614993646,91,135,67.4074074074074,1077.0,4,6.556593406593406,5.65456280937491,0.9020305972184968,00-0027891,Golden,Tate,15,G.Tate
2016,REG,0,Jermaine Gresham,TE,ARI,5.487222222222222,2.978253462705127,8.18360655737705,7.518661099965662,37,61,60.65573770491803,391.0,2,3.81081081081081,3.5292522979748284,0.28155851283598166,00-0027873,Jermaine,Gresham,84,J.Gresham
2016,REG,0,Greg Olsen,TE,CAR,5.4872000000000005,2.7747084955272894,11.45720930232558,24.32448445548954,80,129,62.01550387596899,1073.0,3,4.328875000000001,5.146016252667133,-0.817141252667132,00-0025418,Greg,Olsen,88,G.Olsen
2016,REG,0,Stefon Diggs,WR,MIN,5.461467889908256,2.782359018736615,9.065357142857142,24.84340132325881,84,112,75.0,896.0,3,3.491428571428572,3.766960682954603,-0.2755321115260312,00-0031588,Stefon,Diggs,14,
2016,REG,0,Jordan Matthews,WR,PHI,5.4466363636363635,2.837310301682817,10.720598290598293,25.822556007098424,73,117,62.39316239316239,804.0,3,3.228630136986301,4.4930371308333985,-1.2644069938470976,00-0031299,Jordan,Matthews,81,
2016,REG,0,Coby Fleener,TE,NO,5.438301886792452,2.4901110304010694,9.945925925925925,15.80688453569411,50,81,61.72839506172839,631.0,3,4.138599999999999,4.81539270314684,-0.676792703146841,00-0029697,Coby,Fleener,82,C.Fleener
2016,REG,0,Tyler Eifert,TE,CIN,5.435,2.587399554321117,9.212765957446809,8.990583765040544,29,47,61.702127659574465,394.0,5,5.107586206896552,5.768340081918529,-0.6607538750219772,00-0030549,Tyler,Eifert,85,T.Eifert
2016,REG,0,C.J. Fiedorowicz,TE,HOU,5.4206153846153855,2.2804988632820247,7.329775280898875,11.970449586855713,54,89,60.67415730337079,559.0,4,3.7544444444444443,3.959375774971196,-0.20493133052675194,00-0031302,C.J.,Fiedorowicz,87,C.Fiedorowicz
2016,REG,0,Randall Cobb,WR,GB,5.407361111111111,3.4028029845932326,7.454523809523811,10.943280817189645,60,84,71.42857142857143,610.0,4,5.789500000000001,5.179236787061503,0.6102632129384986,00-0028002,Randall,Cobb,18,R.Cobb
2016,REG,0,Cameron Brate,TE,TB,5.334754098360655,2.5014328310727856,10.218148148148149,13.54961332189561,57,81,70.37037037037037,660.0,8,2.6380701754385965,3.4088178959852806,-0.7707477205466842,00-0031273,Cameron,Brate,84,C.Brate
2016,REG,0,Jesse James,TE,PIT,5.32025,3.4522311293429513,7.0575,7.571883270152349,39,60,65.0,338.0,3,3.4166666666666665,3.9877573198227276,-0.5710906531560611,00-0032135,Jesse,James,81,J.James
2016,REG,0,Adam Thielen,WR,MIN,5.294,2.753091457498803,10.974891304347825,24.705643424813058,69,92,75.0,967.0,5,4.365652173913045,5.12320333873206,-0.7575511648190156,00-0030035,Adam,Thielen,19,A.Thielen
2016,REG,0,Sterling Shepard,WR,NYG,5.260526315789474,2.735273368756398,9.326857142857142,19.990977400634037,65,105,61.904761904761905,683.0,8,4.222615384615385,4.826589307000953,-0.6039739223855678,00-0032385,Sterling,Shepard,87,S.Shepard
2016,REG,0,Zach Miller,TE,CHI,5.250204081632653,2.930819465583042,6.79765625,8.238537912802732,47,64,73.4375,486.0,4,4.684255319148936,4.439855414909532,0.24439990423940383,00-0027125,Zachary,Miller,86,Z.Miller
2016,REG,0,Jack Doyle,TE,IND,5.25,3.3325682856194163,6.818933333333335,9.78198914344954,59,75,78.66666666666666,584.0,5,4.146271186440678,4.778142179070877,-0.6318709926301995,00-0030181,Jack,Doyle,84,J.Doyle
2016,REG,0,Dez Bryant,WR,DAL,5.243936170212765,1.823326953163286,15.482708333333335,35.41324667093943,50,96,52.083333333333336,796.0,8,2.6567999999999996,3.50139038069464,-0.8445903806946404,00-0027902,Dez,Bryant,88,D.Bryant
2016,REG,0,Odell Beckham,WR,NYG,5.242732919254658,2.7587199940426155,11.352544378698225,39.16420518452441,101,169,59.76331360946746,1367.0,10,5.190891089108911,4.599534388815756,0.5913567002931552,00-0031235,Odell,Beckham,13,O.Beckham
2016,REG,0,Kamar Aiken,WR,BAL,5.196666666666666,3.367591061934661,12.121999999999998,11.543222808387451,29,50,57.99999999999999,328.0,1,3.534137931034484,4.679515372065828,-1.1453774410313442,00-0028497,Kamar,Aiken,11,K.Aiken
2016,REG,0,Chris Hogan,WR,NE,5.195178571428571,3.1679604473470047,13.671206896551723,17.778859003219758,38,58,65.51724137931035,680.0,4,6.675263157894738,5.906720445591999,0.7685427123027395,00-0028237,Chris,Hogan,15,C.Hogan
2016,REG,0,Malcolm Mitchell,WR,NE,5.191521739130435,2.5921711474912685,11.125,11.97320155337716,32,48,66.66666666666666,401.0,4,5.099687500000002,4.016661789343438,1.083025710656564,00-0032400,Malcolm,Mitchell,19,M.Mitchell
2016,REG,0,Anquan Boldin,WR,DET,5.176516853932584,2.409151276216126,6.720842105263158,13.521389241846677,67,95,70.52631578947368,584.0,8,3.130298507462687,3.469019497260713,-0.3387209897980261,00-0022084,Anquan,Boldin,80,A.Boldin
2016,REG,0,Gary Barnidge,TE,CLE,5.1667924528301885,2.7431703569961634,7.66158536585366,12.256551621883679,55,82,67.07317073170732,612.0,2,3.707090909090909,4.401377518890787,-0.6942866097998781,00-0026281,Gary,Barnidge,82,G.Barnidge
2016,REG,0,Dwayne Allen,TE,IND,5.1653125,2.9763941399873683,9.40403846153846,9.353350496731176,35,52,67.3076923076923,406.0,6,3.412571428571429,4.324943510057857,-0.9123720814864278,00-0029689,Dwayne,Allen,83,D.Allen
2016,REG,0,Andrew Hawkins,WR,CLE,5.10673469387755,3.0487992565943474,8.578333333333333,9.037170565547433,33,54,61.111111111111114,324.0,3,3.911818181818182,3.618938986099491,0.29287919571869114,00-0027918,Andrew,Hawkins,16,A.Hawkins
2016,REG,0,Ryan Griffin,TE,HOU,5.06811320754717,3.0098689670235728,7.150135135135136,9.709028253086881,50,74,67.56756756756756,442.0,2,3.0128000000000004,4.042194145916739,-1.029394145916739,00-0030108,Ryan,Griffin,84,R.Griffin
2016,REG,0,Pierre Garcon,WR,WAS,5.0678761061946895,2.657758720873211,10.852368421052637,21.668964043570185,79,114,69.2982456140351,1041.0,3,4.329113924050633,4.11357575428638,0.21553816976425288,00-0026345,Pierre,Garcon,88,P.Garcon
2016,REG,0,Antonio Brown,WR,PIT,5.040544217687075,2.9169696345910348,11.055714285714286,30.444531864673486,106,154,68.83116883116884,1284.0,12,3.829056603773585,4.552554466813914,-0.7234978630403295,00-0027793,Antonio,Brown,84,A.Brown
2016,REG,0,Clive Walford,TE,LV,5.014390243902439,3.5711600184714936,9.106153846153846,9.549719974104915,33,52,63.46153846153846,359.0,3,3.9560606060606047,5.289586232467119,-1.3335256264065145,00-0032256,Clive,Walford,88,C.Walford
2016,REG,0,Julio Jones,WR,ATL,4.9568032786885245,2.2447113519127133,14.452790697674418,38.77595587501247,83,129,64.34108527131784,1409.0,6,4.845783132530121,5.186795073706805,-0.3410119411766841,00-0027944,Quintorris,Jones,11,J.Jones
2016,REG,0,DeVante Parker,WR,MIA,4.933139534883721,2.2975543609307754,12.513908045977011,27.762095283266653,56,87,64.36781609195403,744.0,4,4.301964285714285,4.417146072781715,-0.11518178706742965,00-0031547,DeVante,Parker,11,D.Parker
2016,REG,0,Garrett Celek,TE,SF,4.930000000000001,2.5742539432726996,9.5858,11.268052652737845,29,50,57.99999999999999,350.0,3,4.239655172413793,4.3019240868493585,-0.06226891443556504,00-0028903,Garrett,Celek,88,G.Celek
2016,REG,0,Alshon Jeffery,WR,CHI,4.922043010752688,2.239448115425741,14.134787234042552,25.16101176555247,52,94,55.319148936170215,821.0,2,3.7323076923076925,3.5100808212398675,0.22222687106782502,00-0029137,Alshon,Jeffery,17,A.Jeffery
2016,REG,0,Jared Cook,TE,GB,4.90825,2.909890393991396,10.578235294117647,9.428264345820118,30,51,58.82352941176471,377.0,1,4.9110000000000005,5.7934930185483,-0.8824930185482991,00-0027061,Jared,Cook,89,J.Cook
2016,REG,0,Kenny Britt,WR,LAR,4.863513513513513,2.3205808458945043,12.706846846846844,33.04655467303951,68,111,61.261261261261254,1002.0,5,4.133823529411764,4.168005551490561,-0.03418202207879695,00-0027006,Kenneth,Britt,18,
2016,REG,0,Michael Thomas,WR,NO,4.842564102564103,2.444629136885177,8.438099173553718,20.033002134739753,92,121,76.03305785123968,1137.0,9,4.9943478260869565,4.64559421380238,0.34875361228457624,00-0032765,Michael,Thomas,13,M.Thomas
2016,REG,0,Hunter Henry,TE,LAC,4.8405000000000005,2.829411759630422,9.540000000000001,9.880427327211724,36,53,67.9245283018868,478.0,8,5.590555555555555,4.638417559368055,0.9521379961874992,00-0033090,Hunter,Henry,86,H.Henry
2016,REG,0,A.J. Green,WR,CIN,4.7908602150537645,2.4563685374445274,13.404200000000001,27.831774342576548,66,100,66.0,964.0,4,3.9540909090909095,4.78940398069774,-0.8353130716068304,00-0027942,Adriel,Green,18,
2016,REG,0,Seth Roberts,WR,LV,4.735217391304348,2.5376762778991964,9.336753246753247,14.499028934328537,38,77,49.35064935064935,397.0,5,5.338421052631579,4.616605767480974,0.7218152851506057,00-0031166,Seth,Roberts,10,S.Roberts
2016,REG,0,Demaryius Thomas,WR,DEN,4.674265734265734,2.052955232574223,11.125416666666666,29.559720577001848,90,144,62.5,1083.0,5,3.420000000000001,3.5058160461553496,-0.08581604615534877,00-0027874,Demaryius,Thomas,88,D.Thomas
2016,REG,0,Davante Adams,WR,GB,4.64936936936937,2.8902344618586926,12.30917355371901,26.02930767819226,75,121,61.98347107438017,997.0,12,5.3617333333333335,5.291671807148895,0.07006152618443817,00-0031381,Davante,Adams,17,D.Adams
2016,REG,0,Amari Cooper,WR,LV,4.60696,2.617496611570895,10.14189393939394,26.998852468604227,83,132,62.878787878787875,1153.0,5,5.538915662650603,5.403050051755384,0.13586561089521876,00-0031544,Amari,Cooper,89,A.Cooper
2016,REG,0,Allen Robinson,WR,JAX,4.586733333333333,1.9491133659249662,14.099470198675496,38.96135743095358,73,151,48.34437086092716,883.0,6,2.7521917808219176,3.877823378942323,-1.1256315981204055,00-0031428,Allen,Robinson,15,A.Robinson
2016,REG,0,Brandon Marshall,WR,NYJ,4.439596774193548,2.21587312661331,13.628046875,33.23350270247615,59,128,46.09375,788.0,3,2.9649152542372885,4.734115501076712,-1.7692002468394232,00-0024334,Brandon,Marshall,15,
2016,REG,0,DeAndre Hopkins,WR,HOU,4.325436241610738,2.25623885292923,12.691258278145696,35.16506504063548,78,151,51.65562913907284,954.0,4,2.993205128205128,2.7228349277302706,0.2703702004748574,00-0030564,DeAndre,Hopkins,10,D.Hopkins
2016,REG,0,Marvin Jones,WR,DET,3.7646601941747573,2.0481856487819665,14.651747572815532,31.95955103769589,55,103,53.398058252427184,930.0,4,4.29,3.82574507899505,0.46425492100495,00-0029293,Marvin,Jones,11,M.Jones
2017,REG,0,Cooper Kupp,WR,LAR,7.3927272727272735,3.1086459674805704,9.26372340425532,21.247849691941685,62,94,65.95744680851064,869.0,5,6.029193548387098,5.013246041783294,1.015947506603804,00-0033908,Cooper,Kupp,18,C.Kupp
2017,REG,0,Torrey Smith,WR,PHI,7.384626865671642,2.3477742202630605,12.66,16.364144412319863,36,68,52.94117647058824,430.0,2,3.7636111111111115,4.159898451007028,-0.3962873398959168,00-0027996,James,Smith,82,T.Smith
2017,REG,0,Taylor Gabriel,WR,ATL,7.2966,2.9626291314923354,9.963333333333333,10.955823535626426,33,51,64.70588235294117,378.0,1,6.871515151515151,5.828896283550679,1.042618867964472,00-0031228,Taylor,Gabriel,18,T.Gabriel
2017,REG,0,Travis Benjamin,WR,LAC,7.2524999999999995,3.525446042633252,15.276615384615386,20.870526565793924,34,65,52.307692307692314,567.0,4,6.182941176470587,5.374523471764317,0.8084177047062697,00-0029269,Travis,Benjamin,12,T.Benjamin
2017,REG,0,Tyreek Hill,WR,KC,7.158709677419356,3.545983117156239,11.453047619047618,29.5831539587459,75,105,71.42857142857143,1183.0,7,6.3961333333333314,6.0903037926931125,0.30582954064021894,00-0033040,Tyreek,Hill,10,T.Hill
2017,REG,0,DeSean Jackson,WR,TB,7.152325581395349,2.7315331571444235,15.766777777777778,23.409709929507407,50,90,55.55555555555556,668.0,3,3.9657999999999993,4.32703197372434,-0.3612319737243408,00-0026189,DeSean,Jackson,11,D.Jackson
2017,REG,0,Ryan Grant,WR,WAS,7.0327419354838705,2.919001076261157,9.775846153846153,15.084033613445374,45,65,69.23076923076923,573.0,4,5.342,4.5639012125488785,0.7780987874511212,00-0031068,Ryan,Grant,14,R.Grant
2017,REG,0,Tyler Lockett,WR,SEA,6.953529411764706,2.880405207355505,12.681971830985916,16.648946890595322,45,71,63.38028169014085,555.0,2,4.346444444444444,4.122814638095902,0.22362980634854157,00-0032211,Tyler,Lockett,16,T.Lockett
2017,REG,0,Kendall Wright,WR,CHI,6.91046511627907,2.987029595508622,7.57,19.790622243800975,59,91,64.83516483516483,614.0,1,3.706271186440678,3.9883399186344097,-0.28206873219373163,00-0029708,Kendall,Wright,13,K.Wright
2017,REG,0,Aldrick Robinson,WR,SF,6.895227272727272,2.701215840092413,12.24833333333333,12.00233546601121,19,48,39.58333333333333,260.0,2,2.1794736842105267,2.577683469792527,-0.3982097855820004,00-0028116,Aldrick,Robinson,19,A.Robinson
2017,REG,0,Ted Ginn,WR,NO,6.88076923076923,3.5090952492640537,12.004142857142858,25.105916378347054,53,70,75.71428571428571,787.0,4,5.709622641509434,5.368351876316152,0.3412707651932827,00-0025396,Ted,Ginn,19,T.Ginn
2017,REG,0,Adam Humphries,WR,TB,6.8565,3.446208195575016,6.5607228915662645,8.983392255878368,61,83,73.49397590361446,631.0,1,5.038688524590163,4.880365859144369,0.15832266544579365,00-0032009,Adam,Humphries,10,A.Humphries
2017,REG,0,Rishard Matthews,WR,TEN,6.806666666666667,2.5946614040585714,11.698275862068966,23.68347567077002,53,87,60.91954022988506,795.0,4,5.205471698113208,3.9622105709285997,1.2432611271846086,00-0029580,Rishard,Matthews,18,R.Matthews
2017,REG,0,Bruce Ellington,WR,HOU,6.708799999999999,2.9487655762928813,9.77859649122807,10.349604123650085,29,57,50.877192982456144,330.0,2,4.456206896551726,4.771238570059381,-0.31503167350765526,00-0031326,Bruce,Ellington,12,B.Ellington
2017,REG,0,Albert Wilson,WR,KC,6.702592592592593,4.1393853980062545,5.7309677419354825,8.74085189604064,42,62,67.74193548387096,554.0,3,7.98404761904762,7.111362875474986,0.8726847435726341,00-0030669,Albert,Wilson,12,A.Wilson
2017,REG,0,Stefon Diggs,WR,MIN,6.6460215053763445,2.7926906517958847,11.51642105263158,27.38114008414108,64,95,67.36842105263158,849.0,8,4.8296874999999995,3.607028988196868,1.2226585118031315,00-0031588,Stefon,Diggs,14,S.Diggs
2017,REG,0,Martavis Bryant,WR,PIT,6.605662650602408,3.135364019298856,13.98690476190476,22.05950000469391,50,84,59.523809523809526,603.0,3,3.987000000000001,3.9308152806097314,0.05618471939026959,00-0031373,Martavis,Bryant,10,M.Bryant
2017,REG,0,Devin Funchess,WR,CAR,6.5637614678899086,2.5353276833396206,12.913963963963964,34.74103875330214,63,111,56.75675675675676,840.0,8,4.764444444444444,4.287641313700988,0.47680313074345637,00-0032055,Devin,Funchess,17,D.Funchess
2017,REG,0,Jaron Brown,WR,ARI,6.563181818181819,2.3541727063345004,15.319420289855072,18.31672702698019,31,69,44.927536231884055,477.0,4,3.3190322580645164,3.3438379505825133,-0.024805692517996913,00-0030300,Jaron,Brown,13,Ja.Brown
2017,REG,0,Delanie Walker,TE,TEN,6.555473684210525,2.6355919447950096,9.249369369369369,23.891280571521648,74,111,66.66666666666666,807.0,3,3.7456756756756757,3.669894275930758,0.07578139974491771,00-0024389,Delanie,Walker,82,D.Walker
2017,REG,0,Robert Woods,WR,LAR,6.528518518518518,3.029914455303094,10.77235294117647,22.34246324650766,56,85,65.88235294117646,781.0,5,5.466071428571428,5.244595275320342,0.2214761532510856,00-0030431,Robert,Woods,17,R.Woods
2017,REG,0,Ricardo Louis,WR,CLE,6.4935,2.3855079784319613,13.773278688524588,15.658045302232312,27,61,44.26229508196721,357.0,0,3.615185185185186,4.034028258943638,-0.4188430737584521,00-0033079,Ricardo,Louis,80,R.Louis
2017,REG,0,Jamison Crowder,WR,WAS,6.4870652173913035,3.2107090759373773,7.424563106796117,18.15339695200114,66,103,64.07766990291263,789.0,3,5.80621212121212,5.681079215816528,0.12513290539559208,00-0031941,Jamison,Crowder,80,J.Crowder
2017,REG,0,Chris Godwin,WR,TB,6.451153846153847,2.2272316583585043,12.329272727272725,11.186924969026482,34,55,61.81818181818181,525.0,1,5.531176470588235,3.09812887354675,2.4330475970414853,00-0033921,Rod,Godwin,12,C.Godwin
2017,REG,0,Robby Anderson,WR,NYJ,6.437567567567569,3.3971793169598343,12.827105263157895,38.89069148936169,63,114,55.26315789473685,941.0,7,5.072539682539683,4.959886523887713,0.11265315865197056,00-0032688,Robby,Anderson,11,R.Anderson
2017,REG,0,Terrance Williams,WR,DAL,6.343506493506493,3.082489462482682,9.087307692307691,17.213694019248564,53,78,67.94871794871796,568.0,0,4.363584905660377,5.275708949306804,-0.9121240436464264,00-0030542,Terrance,Williams,83,T.Williams
2017,REG,0,Dontrelle Inman,WR,CHI,6.331363636363636,1.9809259042442358,13.100681818181817,16.560321076537218,25,44,56.81818181818182,344.0,1,1.8504000000000012,2.3127623175488496,-0.4623623175488485,00-0028411,Dontrelle,Inman,17,D.Inman
2017,REG,0,J.J. Nelson,WR,ARI,6.325333333333334,2.344859129769805,18.1444262295082,19.179157497097503,29,61,47.540983606557376,508.0,2,2.3851724137931036,2.893991148623085,-0.5088187348299815,00-0032112,Jamarcus,Nelson,14,J.Nelson
2017,REG,0,Eric Ebron,TE,DET,6.308852459016392,3.262112102306113,7.636860465116279,14.386791936194035,53,86,61.627906976744185,574.0,4,5.122075471698114,4.382116176359369,0.7399592953387453,00-0031387,Eric,Ebron,85,E.Ebron
2017,REG,0,Cole Beasley,WR,DAL,6.286724137931034,2.3719835150804145,7.659523809523809,11.718892296932031,36,63,57.14285714285714,314.0,4,3.411666666666667,3.3274295913845027,0.0842370752821644,00-0029000,Cole,Beasley,11,C.Beasley
2017,REG,0,Brandon LaFell,WR,CIN,6.28645569620253,2.695126086315288,8.366179775280898,18.191524189726024,52,89,58.42696629213483,548.0,3,5.101730769230769,4.732267841283237,0.36946292794753166,00-0027681,Brandon,LaFell,11,B.LaFell
2017,REG,0,Josh Bellamy,WR,CHI,6.232790697674418,2.804864797896785,13.032826086956518,17.22338894331459,24,46,52.17391304347826,376.0,1,4.969166666666667,4.111342132750759,0.8578245339159078,00-0029319,Josh,Bellamy,15,J.Bellamy
2017,REG,0,Trent Taylor,WR,SF,6.231785714285714,2.7217175618058813,6.368499999999999,7.800742286225241,43,60,71.66666666666667,430.0,2,4.8860465116279075,4.78468236292405,0.10136414870385746,00-0033292,Trent,Taylor,81,T.Taylor
2017,REG,0,Dede Westbrook,WR,JAX,6.229574468085107,3.0495945791338794,11.088627450980391,14.075084372853345,27,51,52.94117647058824,339.0,1,4.383333333333334,3.8489869741841267,0.534346359149207,00-0033839,Decrick,Westbrook,12,D.Westbrook
2017,REG,0,Mike Wallace,WR,BAL,6.223478260869566,2.6314130442108223,13.010108695652175,32.259307772333536,52,92,56.52173913043478,748.0,4,3.6475000000000004,3.7337696770057076,-0.0862696770057072,00-0026901,Mike,Wallace,17,M.Wallace
2017,REG,0,Tyler Higbee,TE,LAR,6.201842105263158,2.559227923479345,9.977111111111114,10.95516378942232,25,45,55.55555555555556,295.0,1,3.614,2.5432193006316153,1.0707806993683846,00-0033110,Tyler,Higbee,89,T.Higbee
2017,REG,0,Kenny Stills,WR,MIA,6.1790816326530615,2.6946162323092504,14.624476190476189,32.37836789258167,58,105,55.23809523809524,847.0,6,3.17551724137931,2.935830250871248,0.23968699050806208,00-0030085,Kenneth,Stills,10,K.Stills
2017,REG,0,Pierre Garcon,WR,SF,6.178484848484848,2.6648499964966836,9.57910447761194,13.10229096150156,40,67,59.70149253731343,500.0,0,4.801,4.383082947672685,0.417917052327315,00-0026345,Pierre,Garcon,15,P.Garcon
2017,REG,0,Jermaine Gresham,TE,ARI,6.160588235294117,2.9466058887847795,5.949347826086957,4.742241244866484,33,46,71.73913043478261,322.0,2,4.745151515151514,3.9864362435661196,0.7587152715853946,00-0027873,Jermaine,Gresham,84,J.Gresham
2017,REG,0,T.Y. Hilton,WR,IND,6.147641509433961,2.5450238136263827,13.086788990825687,38.3491008610979,57,109,52.293577981651374,966.0,4,5.3864912280701756,4.025975132788312,1.3605160952818638,00-0029608,Eugene,Hilton,13,T.Hilton
2017,REG,0,Travis Kelce,TE,KC,6.140769230769231,2.865382464008998,9.197213114754097,27.60261251399122,83,122,68.0327868852459,1038.0,8,5.455180722891566,4.682318157533983,0.7728625653575829,00-0030506,Travis,Kelce,87,T.Kelce
2017,REG,0,Marquise Goodwin,WR,SF,6.140297029702971,2.2404407149835754,15.13485714285714,32.442562643159576,56,105,53.333333333333336,962.0,2,3.881249999999999,3.059542573805081,0.821707426194918,00-0030068,Marquise,Goodwin,11,M.Goodwin
2017,REG,0,Jesse James,TE,PIT,6.0947619047619055,3.2655966954102627,6.82888888888889,8.077656049041975,43,63,68.25396825396825,372.0,3,4.597441860465117,4.394659405621478,0.20278245484363921,00-0032135,Jesse,James,81,J.James
2017,REG,0,JuJu Smith-Schuster,WR,PIT,6.065064935064935,2.6541022649356774,9.53139240506329,14.137681771669437,58,79,73.41772151898735,917.0,7,7.207586206896553,4.958232242865381,2.2493539640311724,00-0033857,John,Smith-Schuster,19,J.Smith-Schuster
2017,REG,0,Corey Davis,WR,TEN,6.05523076923077,2.7216905761820374,11.423538461538463,17.27898913271124,34,65,52.307692307692314,375.0,0,3.203823529411764,3.2230678078255357,-0.01924427841377163,00-0033871,Corey,Davis,84,C.Davis
2017,REG,0,Keelan Cole,WR,JAX,6.036829268292682,2.515940970973914,12.72277108433735,26.28226826087389,42,83,50.602409638554214,748.0,3,7.494523809523809,5.69079363141544,1.8037301781083688,00-0033681,Keelan,Cole,84,K.Cole
2017,REG,0,Randall Cobb,WR,GB,6.030897435897435,3.7068049564604486,5.758804347826087,13.389792813420875,66,92,71.73913043478261,653.0,4,6.6931818181818175,5.919616293297546,0.7735655248842717,00-0028002,Randall,Cobb,18,R.Cobb
2017,REG,0,Jordy Nelson,WR,GB,6.000952380952381,2.650682435751587,10.821931818181818,24.068064759074204,53,88,60.22727272727273,482.0,6,2.473584905660377,2.9774788603477753,-0.5038939546873982,00-0026176,Jordy,Nelson,87,J.Nelson
2017,REG,0,Larry Fitzgerald,WR,ARI,5.999144736842106,2.55794709461838,8.16391304347826,22.7761700947859,109,161,67.70186335403726,1156.0,6,4.118440366972477,4.1390162060459925,-0.020575839073515567,00-0022921,Larry,Fitzgerald,11,L.Fitzgerald
2017,REG,0,Bennie Fowler,WR,DEN,5.963958333333333,2.451591715606189,10.450000000000001,12.620065299996119,29,56,51.78571428571429,350.0,3,4.029310344827586,3.122143135477613,0.9071672093499727,00-0030670,Bennie,Fowler,16,B.Fowler
2017,REG,0,Eric Decker,WR,TEN,5.959873417721518,2.6431108392835614,9.71855421686747,18.770856118958417,54,83,65.06024096385542,563.0,1,2.6038888888888887,3.150241302752456,-0.5463524138635671,00-0027690,Eric,Decker,87,E.Decker
2017,REG,0,Paul Richardson,WR,SEA,5.92493670886076,2.4377673057632334,15.070375000000002,22.292341173794945,44,80,55.00000000000001,703.0,6,3.338863636363637,2.8412975734827373,0.49756606288089955,00-0031257,Paul,Richardson,10,P.Richardson
2017,REG,0,Benjamin Watson,TE,BAL,5.923207547169812,3.3122971852488967,5.0684810126582285,10.791733372143794,61,79,77.21518987341773,522.0,4,4.63311475409836,4.940303913589628,-0.30718915949126835,00-0022943,Benjamin,Watson,82,B.Watson
2017,REG,0,Evan Engram,TE,NYG,5.91842105263158,2.6482000293851,8.567826086956524,22.584068524643527,64,115,55.65217391304348,722.0,6,4.990156250000001,4.503289093183967,0.4868671568160341,00-0033881,Evan,Engram,88,E.Engram
2017,REG,0,Austin Seferian-Jenkins,TE,NYJ,5.895555555555554,2.94046032473538,6.477837837837837,12.74893617021276,50,74,67.56756756756756,357.0,3,2.7346000000000004,3.3475426224844904,-0.61294262248449,00-0031418,Austin,Seferian-Jenkins,88,A.Seferian-Jenkins
2017,REG,0,Golden Tate,WR,DET,5.892982456140351,2.817113895998982,5.714249999999999,15.020733435704447,92,120,76.66666666666667,1003.0,5,6.97,5.506215799220106,1.4637842007798936,00-0027891,Golden,Tate,15,G.Tate
2017,REG,0,Martellus Bennett,TE,NE,5.875675675675674,3.1092762852335714,5.459068181818181,6.070506113495179,30,44,68.18181818181817,286.0,0,6.032333333333335,4.5773021267272895,1.4550312066060451,00-0026201,Martellus,Bennett,88,M.Bennett
2017,REG,0,Tyrell Williams,WR,LAC,5.8590625,3.1204702324226212,13.486231884057972,19.558368240850303,43,69,62.31884057971014,728.0,4,8.166279069767441,6.729988885239008,1.436290184528433,00-0032160,Tyrell,Williams,16,Ty.Williams
2017,REG,0,Chris Hogan,WR,NE,5.85,2.6755418989389743,13.188644067796615,14.813510405799537,34,59,57.6271186440678,439.0,5,5.337941176470587,5.78229350019722,-0.44435232372663247,00-0028237,Chris,Hogan,15,C.Hogan
2017,REG,0,Jimmy Graham,TE,SEA,5.8476923076923075,2.485260014374699,7.957812499999999,14.125589144033116,57,96,59.375,520.0,10,3.9947368421052634,3.622552063401319,0.3721847787039443,00-0027696,Jimmy,Graham,88,J.Graham
2017,REG,0,Danny Amendola,WR,NE,5.830149253731343,2.8789580449181855,8.03232558139535,13.150600437096891,61,86,70.93023255813954,659.0,2,3.6634426229508192,4.146619574442249,-0.4831769514914295,00-0026035,Daniel,Amendola,80,D.Amendola
2017,REG,0,T.J. Jones,WR,DET,5.821489361702128,2.828333199631988,11.029183673469388,11.838320821714364,30,49,61.224489795918366,399.0,1,2.841333333333332,2.4982110213606443,0.34312231197268783,00-0031189,T.J.,Jones,13,T.Jones
2017,REG,0,Nelson Agholor,WR,PHI,5.787738095238094,3.0052682165941227,10.176947368421054,18.37772797518234,62,95,65.26315789473685,768.0,8,5.284032258064516,4.051893386338525,1.232138871725991,00-0031549,Nelson,Agholor,13,N.Agholor
2017,REG,0,Deonte Thompson,WR,BUF,5.783030303030303,2.5097762482577584,15.100869565217392,25.802010256816626,38,69,55.072463768115945,557.0,2,2.975263157894737,3.444474447812834,-0.46921128991809713,00-0029388,Deonte,Thompson,10,D.Thompson
2017,REG,0,Roger Lewis,WR,NYG,5.780972222222221,2.0829893559415673,10.398333333333335,17.160499769643884,36,72,50.0,416.0,2,2.3825,2.4055210273101637,-0.023021027310163866,00-0032659,Roger,Lewis,18,R.Lewis
2017,REG,0,Marqise Lee,WR,JAX,5.777872340425532,2.6709395257555695,10.932291666666664,26.120740290899676,56,96,58.333333333333336,702.0,3,5.3533928571428575,4.547641278968432,0.8057515781744256,00-0031431,Marqise,Lee,11,M.Lee
2017,REG,0,Ed Dickson,TE,CAR,5.773870967741936,3.870822610039653,9.639999999999999,11.214464021715417,30,48,62.5,437.0,1,7.079,6.331379159969908,0.7476208400300921,00-0027675,Edward,Dickson,84,E.Dickson
2017,REG,0,Kenny Golladay,WR,DET,5.734468085106383,2.1613074853919527,14.769791666666668,15.529814308151654,28,48,58.333333333333336,477.0,3,7.026071428571429,5.431190765953254,1.5948806626181753,00-0033932,Kenneth,Golladay,19,K.Golladay
2017,REG,0,Jarvis Landry,WR,MIA,5.733680555555555,3.1890131567900735,6.096832298136647,20.697384124253045,112,161,69.56521739130434,987.0,9,4.768660714285715,4.226205744267218,0.5424549700184969,00-0031382,Jarvis,Landry,14,J.Landry
2017,REG,0,Jeremy Maclin,WR,BAL,5.727794117647059,2.293963345609278,9.587361111111111,18.604494466814362,40,72,55.55555555555556,440.0,3,3.0595000000000003,3.043527889610809,0.01597211038919122,00-0026995,Jeremy,Maclin,18,J.Maclin
2017,REG,0,Doug Baldwin,WR,SEA,5.7273786407767,2.793624098521866,12.504827586206897,26.82114613360649,75,116,64.65517241379311,991.0,8,3.7008,3.3361116724432405,0.3646883275567596,00-0028434,Doug,Baldwin,89,D.Baldwin
2017,REG,0,Kenny Britt,WR,NE,5.720714285714287,2.299757051179163,12.142093023255814,9.73043792654881,20,43,46.51162790697674,256.0,2,4.2139999999999995,2.943886364735684,1.2701136352643156,00-0027006,Kenneth,Britt,85,K.Britt
2017,REG,0,John Brown,WR,ARI,5.715,2.378357633496812,15.663818181818186,14.92852068134953,21,55,38.18181818181819,299.0,3,2.978095238095238,3.178657116343512,-0.2005618782482741,00-0031051,John,Brown,12,J.Brown
2017,REG,0,Michael Thomas,WR,NO,5.666180555555554,2.5862177227778376,9.338175675675675,41.292448714960955,104,148,70.27027027027027,1245.0,5,4.63201923076923,4.130792209392553,0.5012270213766774,00-0032765,Michael,Thomas,13,M.Thomas
2017,REG,0,Will Fuller,WR,HOU,5.663265306122447,2.705984039935879,15.5922,14.476039453943168,28,50,56.00000000000001,423.0,7,3.914285714285714,4.332863198178983,-0.418577483893269,00-0033127,William,Fuller,15,W.Fuller V
2017,REG,0,Adam Thielen,WR,MIN,5.663257575757576,2.670579420191459,10.801901408450705,38.38830534053112,91,142,64.08450704225352,1276.0,4,4.968021978021977,4.424703580402629,0.5433183976193483,00-0030035,Adam,Thielen,19,A.Thielen
2017,REG,0,Vernon Davis,TE,WAS,5.659803921568627,3.2963730103991913,10.593478260869565,17.351516877937616,43,69,62.31884057971014,648.0,3,7.436279069767441,6.103926854881387,1.3323522148860532,00-0024221,Vernon,Davis,85,V.Davis
2017,REG,0,Charles Clay,TE,BUF,5.653174603174603,3.088536025256968,6.726081081081079,12.3252663875056,49,74,66.21621621621621,558.0,2,5.752448979591837,5.312849029461332,0.43959995013050523,00-0028112,Charles,Clay,85,C.Clay
2017,REG,0,Allen Hurns,WR,JAX,5.648363636363635,2.5082365397118855,9.800357142857141,13.65944229295051,39,56,69.64285714285714,484.0,2,4.870256410256411,4.63035509625081,0.23990131400560166,00-0030821,Allen,Hurns,88,A.Hurns
2017,REG,0,Seth DeValve,TE,CLE,5.643333333333334,2.8659127511961477,8.736551724137932,9.44361821482219,33,58,56.896551724137936,395.0,1,5.288484848484848,5.475104497617057,-0.18661964913220874,00-0033080,Seth,DeValve,87,S.DeValve
2017,REG,0,Donte Moncrief,WR,IND,5.606304347826088,2.246897484139677,14.078085106382979,17.788405960743834,26,47,55.319148936170215,391.0,2,3.1850000000000005,3.1063918177773853,0.07860818222261523,00-0031339,Donte,Moncrief,10,D.Moncrief
2017,REG,0,Davante Adams,WR,GB,5.586637931034483,2.771406813635473,9.447008547008545,27.93404804868555,74,117,63.24786324786324,885.0,10,5.029459459459459,4.211989648088006,0.8174698113714527,00-0031381,Davante,Adams,17,D.Adams
2017,REG,0,Jermaine Kearse,WR,NYJ,5.575567010309279,2.8397812445667885,8.93529411764706,24.239361702127656,65,102,63.725490196078425,810.0,5,5.120923076923077,4.5133445306528515,0.6075785462702257,00-0029159,Jermaine,Kearse,10,J.Kearse
2017,REG,0,Cameron Brate,TE,TB,5.573499999999999,2.6600422787996623,9.347792207792208,11.87436382623156,48,77,62.33766233766234,591.0,6,3.6804166666666673,3.6592106599530836,0.021206006713583747,00-0031273,Cameron,Brate,84,C.Brate
2017,REG,0,Hunter Henry,TE,LAC,5.537924528301887,2.98855544057249,9.301612903225807,12.121122953627822,45,62,72.58064516129032,579.0,4,4.89511111111111,4.215831367755408,0.6792797433557016,00-0033090,Hunter,Henry,86,H.Henry
2017,REG,0,Seth Roberts,WR,LV,5.516166666666666,2.705672461938661,9.445538461538462,13.634920106154993,43,65,66.15384615384615,455.0,1,2.923488372093023,3.122644073665859,-0.19915570157283602,00-0031166,Seth,Roberts,10,S.Roberts
2017,REG,0,Kelvin Benjamin,WR,BUF,5.493333333333333,1.9504383023769225,11.528846153846153,21.7941882164756,48,78,61.53846153846154,692.0,3,3.272708333333332,2.8249237241573755,0.44778460917595675,00-0031359,Kelvin,Benjamin,13,K.Benjamin
2017,REG,0,Keenan Allen,WR,LAC,5.488590604026846,2.7254565036639566,9.463899371069182,31.627156191609156,102,159,64.15094339622641,1393.0,6,5.271960784313726,4.977036013004192,0.29492477130953354,00-0030279,Keenan,Allen,13,K.Allen
2017,REG,0,Emmanuel Sanders,WR,DEN,5.465,2.3506222272271957,10.617173913043478,21.064640095232757,47,92,51.08695652173913,555.0,2,3.9989361702127657,3.082512121445229,0.9164240487675368,00-0027685,Emmanuel,Sanders,10,E.Sanders
2017,REG,0,Tyler Kroft,TE,CIN,5.437021276595744,2.8954494429932303,7.8062903225806455,11.82464952871446,42,62,67.74193548387096,404.0,7,4.889285714285714,3.9561775045269405,0.9331082097587737,00-0032214,Tyler,Kroft,81,T.Kroft
2017,REG,0,Julio Jones,WR,ATL,5.382587412587412,2.4175501485237443,14.415472972972974,46.000314791536866,88,148,59.45945945945946,1444.0,3,5.854545454545454,4.382244076842652,1.4723013777028013,00-0027944,Quintorris,Jones,11,Ju.Jones
2017,REG,0,Zay Jones,WR,BUF,5.338750000000001,2.6575956571781445,13.003243243243242,23.827907356826774,27,74,36.486486486486484,316.0,2,2.911481481481482,2.945204915679708,-0.03372343419822599,00-0033891,Isaiah,Jones,11,Z.Jones
2017,REG,0,Corey Coleman,WR,CLE,5.328771929824562,2.3468480836183008,14.66948275862069,15.856713146742113,23,58,39.6551724137931,305.0,2,1.365652173913043,2.2043838659574555,-0.8387316920444126,00-0032966,Corey,Coleman,19,C.Coleman
2017,REG,0,Mike Evans,WR,TB,5.322615384615383,2.055764188000272,14.164632352941178,31.780065757890206,71,136,52.20588235294118,1004.0,5,2.0833802816901414,2.2858956210030557,-0.2025153393129142,00-0031408,Mike,Evans,13,M.Evans
2017,REG,0,Austin Hooper,TE,ATL,5.233809523809523,3.7041527087827357,6.251538461538463,8.76133842461929,49,65,75.38461538461539,526.0,3,5.690408163265306,4.9591446855198456,0.7312634777454603,00-0032392,Austin,Hooper,81,A.Hooper
2017,REG,0,Jack Doyle,TE,IND,5.223802816901408,3.359864535723192,4.867222222222223,14.131898797473976,80,108,74.07407407407408,690.0,4,4.477625,4.6979451021799274,-0.2203201021799277,00-0030181,John,Doyle,84,J.Doyle
2017,REG,0,Brandin Cooks,WR,NE,5.215982142857143,2.652710996192712,15.142017543859652,32.86203272896187,65,114,57.01754385964912,1082.0,7,3.9243076923076927,4.368593528933371,-0.4442858366256779,00-0031236,Brandin,Cooks,14,B.Cooks
2017,REG,0,DeVante Parker,WR,MIA,5.1961458333333335,2.305629449215283,12.288229166666667,24.874013722488606,57,96,59.375,670.0,1,4.002105263157895,3.5041070600191353,0.49799820313875953,00-0031547,DeVante,Parker,11,D.Parker
2017,REG,0,Sterling Shepard,WR,NYG,5.152317073170732,2.405087116482038,8.786071428571429,16.916391041553496,59,84,70.23809523809523,731.0,2,5.47457627118644,3.473925062860653,2.0006512083257872,00-0032385,Sterling,Shepard,87,S.Shepard
2017,REG,0,Zach Ertz,TE,PHI,5.148829787234043,2.9331736204186303,7.755000000000001,16.2153068847336,74,110,67.27272727272727,824.0,8,3.8504054054054055,4.071207992306777,-0.2208025869013719,00-0030061,Zachary,Ertz,86,Z.Ertz
2017,REG,0,George Kittle,TE,SF,5.1382352941176475,2.9689281601745035,7.101746031746033,9.13383608458307,43,63,68.25396825396825,515.0,2,6.645348837209302,5.1702720569548335,1.4750767802544686,00-0033288,George,Kittle,85,G.Kittle
2017,REG,0,Alshon Jeffery,WR,PHI,5.100769230769232,1.759199985989594,14.499583333333334,33.074055699070655,57,120,47.5,789.0,9,3.948771929824561,2.920116406592894,1.028655523231667,00-0029137,Alshon,Jeffery,17,A.Jeffery
2017,REG,0,Mohamed Sanu,WR,ATL,5.095813953488373,2.745771288449904,7.626770833333333,15.786364351798952,67,96,69.79166666666666,703.0,5,4.052089552238806,3.602217760588583,0.4498717916502235,00-0029632,Mohamed,Sanu,12,M.Sanu
2017,REG,0,Dez Bryant,WR,DAL,5.056384615384615,2.381976065729743,11.793939393939391,37.8074220865481,69,132,52.27272727272727,838.0,6,4.3936231884057975,3.1263327113086166,1.267290477097181,00-0027902,Dez,Bryant,88,D.Bryant
2017,REG,0,Stephen Anderson,TE,HOU,5.0424999999999995,2.255192261324664,9.822692307692307,9.48432091979976,25,52,48.07692307692308,342.0,1,4.3020000000000005,4.6720478139350465,-0.37004781393504604,00-0032725,Stephen,Anderson,89,S.Anderson
2017,REG,0,Kamar Aiken,WR,IND,5.036428571428571,2.1372950325926747,10.07318181818182,11.915573155683171,15,44,34.090909090909086,133.0,0,3.2146666666666674,3.564283167375188,-0.3496165007085206,00-0028497,Kamar,Aiken,17,K.Aiken
2017,REG,0,Jared Cook,TE,LV,5.02661971830986,2.7806130564009,8.954767441860463,17.102723830462928,54,86,62.7906976744186,688.0,2,4.467962962962962,4.429205256220275,0.03875770674268697,00-0027061,Jared,Cook,87,J.Cook
2017,REG,0,Josh Doctson,WR,WAS,5.016578947368421,2.2290052861010374,14.246538461538462,26.378720979917386,35,78,44.871794871794876,502.0,6,4.018857142857144,3.388526128598003,0.6303310142591405,00-0032760,Joshua,Doctson,18,J.Doctson
2017,REG,0,David Njoku,TE,CLE,5.003461538461537,2.5715411998568753,9.730166666666666,10.880325919630844,32,60,53.333333333333336,386.0,4,5.2681249999999995,3.9320121342342187,1.3361128657657808,00-0033885,David,Njoku,85,D.Njoku
2017,REG,0,Demaryius Thomas,WR,DEN,4.982180451127819,2.3382506079590613,9.992857142857142,30.16997839148081,83,140,59.285714285714285,949.0,5,3.8119277108433733,3.707338143462846,0.10458956738052727,00-0027874,Demaryius,Thomas,88,D.Thomas
2017,REG,0,Michael Crabtree,WR,LV,4.980721649484535,2.1840389982293646,10.653366336633663,23.895754910778734,58,101,57.42574257425742,618.0,8,3.5055172413793105,3.0215185562096183,0.48399868516969224,00-0026986,Michael,Crabtree,15,M.Crabtree
2017,REG,0,A.J. Green,WR,CIN,4.909928057553957,2.3535551013233214,13.256293706293707,46.31376036510582,75,143,52.44755244755245,1078.0,8,4.626933333333333,3.758768605970799,0.8681647273625335,00-0027942,Adriel,Green,18,A.Green
2017,REG,0,Marcedes Lewis,TE,JAX,4.885142857142857,3.286086267344464,8.403541666666667,10.039373998227921,24,48,50.0,318.0,5,7.076249999999999,6.802863462036427,0.2733865379635718,00-0024243,Marcedes,Lewis,89,M.Lewis
2017,REG,0,Kyle Rudolph,TE,MIN,4.866428571428572,3.012533303920346,7.495679012345677,15.195198802703919,57,81,70.37037037037037,532.0,8,4.23982456140351,4.211258993971253,0.028565567432257133,00-0027981,Kyle,Rudolph,82,K.Rudolph
2017,REG,0,Jason Witten,TE,DAL,4.8415254237288154,2.477725934231039,7.418505747126437,15.674003268807176,63,87,72.41379310344827,560.0,5,1.7607936507936501,2.1948921814928504,-0.43409853069920024,00-0022127,Christopher,Witten,82,J.Witten
2017,REG,0,Sammy Watkins,WR,LAR,4.797428571428571,2.451605709477323,14.44157142857143,24.666870005490154,39,70,55.714285714285715,593.0,8,5.162307692307692,4.511659458528699,0.650648233778993,00-0031325,Samuel,Watkins,12,S.Watkins
2017,REG,0,Rashard Higgins,WR,CLE,4.7531914893617015,2.9709554834817307,9.7098,9.047959834058306,27,50,54.0,312.0,2,5.344444444444445,4.106988133446449,1.2374563109979961,00-0032977,Rashard,Higgins,81,R.Higgins
2017,REG,0,Antonio Gates,TE,LAC,4.678780487804878,2.644876514759424,8.567115384615388,9.363341537388,30,52,57.692307692307686,316.0,3,3.1759999999999993,3.0197829911558167,0.15621700884418255,00-0021547,Antonio,Gates,85,A.Gates
2017,REG,0,Julius Thomas,TE,MIA,4.674615384615384,3.204689305852042,7.46225806451613,9.755449565426416,41,62,66.12903225806451,388.0,3,4.031463414634145,4.643845454210994,-0.6123820395768487,00-0028067,Julius,Thomas,89,J.Thomas
2017,REG,0,DeAndre Hopkins,WR,HOU,4.634444444444444,2.088425301546051,13.578620689655171,43.87097253375718,96,174,55.172413793103445,1377.0,13,3.662083333333334,3.6404270974097845,0.02165623592354926,00-0030564,DeAndre,Hopkins,10,D.Hopkins
2017,REG,0,Rob Gronkowski,TE,NE,4.581704545454546,2.293365247994735,11.172857142857142,22.333632853846687,69,105,65.71428571428571,1084.0,8,5.9855072463768115,5.331924673379762,0.6535825729970499,00-0027656,Robert,Gronkowski,87,R.Gronkowski
2017,REG,0,Amari Cooper,WR,LV,4.454545454545456,2.637225118082157,11.267291666666667,24.021675161286744,48,96,50.0,680.0,7,6.64375,5.62078395603123,1.0229660439687702,00-0031544,Amari,Cooper,89,A.Cooper
2017,REG,0,Marvin Jones,WR,DET,4.256037735849056,2.1697052297159733,15.27429906542056,35.80104663873003,61,107,57.009345794392516,1101.0,9,3.9049180327868847,2.6806493860094824,1.2242686467774022,00-0029293,Marvin,Jones,11,M.Jones Jr.
2017,REG,0,Antonio Brown,WR,PIT,4.252173913043478,2.633107657030493,13.686012269938649,41.88507430459721,101,163,61.963190184049076,1533.0,9,5.1388118811881185,4.044194729752477,1.0946171514356413,00-0027793,Antonio,Brown,84,A.Brown
2018,REG,0,Josh Reynolds,WR,LAR,7.4906,3.012980894494583,12.90403846153846,13.654205778634232,29,52,55.769230769230774,402.0,5,4.755172413793105,4.231568178941847,0.5236042348512573,00-0033943,Joshua,Reynolds,83,J.Reynolds
2018,REG,0,DeSean Jackson,WR,TB,7.337777777777778,2.7365699466874687,19.107702702702703,21.423041318257088,41,74,55.4054054054054,774.0,4,4.554634146341463,4.29977456773574,0.25485957860572217,00-0026189,DeSean,Jackson,11,D.Jackson
2018,REG,0,Taywan Taylor,WR,TEN,7.127454545454546,3.2227428029791154,13.158928571428573,23.001960270192658,37,56,66.07142857142857,466.0,1,4.674864864864865,4.216796352956733,0.4580685119081327,00-0033911,Taywan,Taylor,13,T.Taylor
2018,REG,0,Taylor Gabriel,WR,CHI,6.972650602409638,3.4677611462782516,11.038494623655913,23.005470236401155,67,93,72.04301075268818,688.0,2,3.5632835820895523,3.8326335765065664,-0.2693499944170141,00-0031228,Taylor,Gabriel,18,T.Gabriel
2018,REG,0,Curtis Samuel,WR,CAR,6.7276923076923065,2.4194832850358883,12.164461538461536,19.152270591312934,39,65,60.0,494.0,5,2.9310256410256406,2.545113781936781,0.3859118590888597,00-0033282,Curtis,Samuel,10,C.Samuel
2018,REG,0,Cooper Kupp,WR,LAR,6.683414634146341,3.5412624492302016,8.598909090909093,9.623731510629163,40,55,72.72727272727273,566.0,6,7.749250000000001,5.7942574876180695,1.9549925123819314,00-0033908,Cooper,Kupp,18,C.Kupp
2018,REG,0,Keelan Cole,WR,JAX,6.647058823529412,2.87739486389453,9.690428571428573,18.319182033250144,38,70,54.285714285714285,491.0,1,3.8863157894736844,4.083272042090175,-0.19695625261649052,00-0033681,Keelan,Cole,84,K.Cole
2018,REG,0,Jordan Reed,TE,WAS,6.627878787878788,3.3169090188726873,6.619761904761904,13.368015905260808,54,84,64.28571428571429,558.0,2,4.490740740740741,4.2320146212128975,0.25872611952784386,00-0030472,Jordan,Reed,86,J.Reed
2018,REG,0,Tyler Lockett,WR,SEA,6.573623188405797,3.339030553751498,13.486999999999998,24.43695530068308,57,70,81.42857142857143,965.0,10,4.189473684210525,3.7110793148231,0.4783943693874253,00-0032211,Tyler,Lockett,16,T.Lockett
2018,REG,0,Maurice Harris,WR,WAS,6.5694871794871785,3.0630757555391246,10.495106382978726,11.858506646023812,28,47,59.57446808510638,304.0,0,3.358571428571428,4.307956177704412,-0.9493847491329839,00-0032362,Maurice,Harris,13,M.Harris
2018,REG,0,Quincy Enunwa,WR,NYJ,6.567777777777777,3.1436705680813573,7.290588235294116,10.727322691697658,38,68,55.88235294117647,450.0,1,7.6899999999999995,5.7990001986039745,1.890999801396025,00-0031023,Quincy,Enunwa,81,Q.Enunwa
2018,REG,0,Adam Humphries,WR,TB,6.538736842105264,3.5643503240060106,6.0735238095238095,9.662087533313231,76,105,72.38095238095238,816.0,5,5.7015789473684215,5.069306980756434,0.6322719666119871,00-0032009,Adam,Humphries,10,A.Humphries
2018,REG,0,Chris Conley,WR,KC,6.50375,3.258717255995559,9.54730769230769,9.40589369820658,32,52,61.53846153846154,334.0,5,4.289375000000001,3.4332824075748185,0.8560925924251821,00-0032128,Christian,Conley,17,C.Conley
2018,REG,0,Rashard Higgins,WR,CLE,6.470980392156863,3.00698939270794,11.221698113207546,11.250269552486126,39,53,73.58490566037736,572.0,4,4.1523076923076925,3.582686211520146,0.5696214807875464,00-0032977,Rashard,Higgins,81,R.Higgins
2018,REG,0,Kendrick Bourne,WR,SF,6.464062500000001,2.80630083086052,9.055074626865672,15.497026728788626,42,67,62.68656716417911,487.0,4,3.6423809523809534,3.648052674596732,-0.005671722215778718,00-0033307,Kendrick,Bourne,84,K.Bourne
2018,REG,0,Robby Anderson,WR,NYJ,6.439239130434784,2.3038998886495157,16.500638297872342,33.562048439132994,50,94,53.191489361702125,752.0,6,3.6433999999999993,3.624238880977121,0.019161119022878204,00-0032688,Robby,Anderson,11,R.Anderson
2018,REG,0,Jamison Crowder,WR,WAS,6.369999999999999,2.8953128855918826,9.103673469387756,10.724030743118984,29,49,59.183673469387756,388.0,2,7.638620689655172,5.028166449214257,2.610454240440915,00-0031941,Jamison,Crowder,80,J.Crowder
2018,REG,0,Robert Woods,WR,LAR,6.365916666666666,2.9766510596485283,11.288846153846151,29.862788468777907,86,130,66.15384615384615,1219.0,6,5.28546511627907,4.764846957742511,0.5206181585365588,00-0030431,Robert,Woods,17,R.Woods
2018,REG,0,Jermaine Kearse,WR,NYJ,6.351126760563381,2.673896583650929,9.326052631578946,15.336678589280032,37,76,48.68421052631579,371.0,1,3.666756756756756,3.1866600283594093,0.4800967283973465,00-0029159,Jermaine,Kearse,10,J.Kearse
2018,REG,0,Larry Fitzgerald,WR,ARI,6.338921568627452,2.2610111086412688,9.596964285714288,27.101045858420825,69,112,61.60714285714286,734.0,6,3.2155072463768106,2.539086636166959,0.6764206102098518,00-0022921,Larry,Fitzgerald,11,L.Fitzgerald
2018,REG,0,Laquon Treadwell,WR,MIN,6.316470588235296,2.8667062142826505,5.962264150943396,7.04771930450608,35,53,66.0377358490566,302.0,1,3.4097142857142866,2.846289917384272,0.5634243683300144,00-0032951,Laquon,Treadwell,11,L.Treadwell
2018,REG,0,Calvin Ridley,WR,ATL,6.315555555555555,3.168861894092877,10.042282608695652,17.68217294611654,64,92,69.56521739130434,821.0,10,5.79203125,5.96529107939447,-0.17325982939447027,00-0034837,Calvin,Ridley,18,C.Ridley
2018,REG,0,Robert Foster,WR,BUF,6.300000000000001,2.713103557130228,20.629069767441862,17.77505700922968,26,43,60.46511627906976,526.0,3,6.511538461538462,5.5715398844625685,0.9399985770758938,00-0034510,Robert,Foster,16,R.Foster
2018,REG,0,Golden Tate,WR,PHI,6.288712871287128,2.97512100877972,6.2765486725663715,17.74602356461754,74,113,65.48672566371681,789.0,4,5.785135135135135,3.9272931408627993,1.857841994272336,00-0027891,Golden,Tate,19,G.Tate
2018,REG,0,Marquez Valdes-Scantling,WR,GB,6.2870833333333325,3.3161160249948374,12.553835616438358,16.2632342971936,38,73,52.054794520547944,581.0,2,6.185789473684211,5.799869463063878,0.38592001062033265,00-0034272,Marquez,Valdes-Scantling,83,M.Valdes-Scantling
2018,REG,0,Danny Amendola,WR,MIA,6.279117647058823,3.2199118670754148,7.03886075949367,15.565813267345574,59,79,74.68354430379746,575.0,1,4.181525423728814,4.462121200735594,-0.28059577700677973,00-0026035,Daniel,Amendola,80,D.Amendola
2018,REG,0,Jimmy Graham,TE,GB,6.2510810810810815,2.9410835550333534,9.28685393258427,14.667842654277386,55,89,61.79775280898876,636.0,2,5.087454545454546,4.40236600819168,0.6850885372628657,00-0027696,Jimmy,Graham,80,J.Graham
2018,REG,0,Chris Godwin,WR,TB,6.244831460674157,2.589310148656954,11.90242105263158,17.131675714331163,59,95,62.10526315789474,842.0,7,4.583898305084746,3.5929689562764504,0.990929348808296,00-0033921,Rod,Godwin,12,C.Godwin
2018,REG,0,Chris Hogan,WR,NE,6.243061224489796,4.085806710119161,12.028727272727274,15.244692078327274,35,55,63.63636363636363,532.0,3,5.9794285714285715,6.091129669889794,-0.11170109846122234,00-0028237,Chris,Hogan,15,C.Hogan
2018,REG,0,Nelson Agholor,WR,PHI,6.238292682926829,3.4452432646504945,10.473711340206185,23.08179901488576,64,97,65.97938144329896,743.0,4,5.975156250000001,5.1817518617759015,0.7934043882240998,00-0031549,Nelson,Agholor,13,N.Agholor
2018,REG,0,Julian Edelman,WR,NE,6.227065217391303,3.253567722120477,7.700925925925926,19.16474258826566,74,108,68.51851851851852,850.0,6,4.979864864864865,4.657301597325515,0.3225632675393504,00-0027150,Julian,Edelman,11,J.Edelman
2018,REG,0,Christian Kirk,WR,ARI,6.217812500000001,2.7124752117236675,9.758676470588236,16.73146551289421,43,68,63.23529411764706,590.0,3,5.437209302325582,4.379806617399019,1.0574026849265623,00-0034775,Christian,Kirk,13,C.Kirk
2018,REG,0,Odell Beckham,WR,NYG,6.211965811965811,2.9700903750109457,11.487016129032257,33.29865672967679,77,124,62.096774193548384,1052.0,6,4.538571428571428,4.449483492944707,0.08908793562672113,00-0031235,Odell,Beckham,13,O.Beckham
2018,REG,0,Zay Jones,WR,BUF,6.180816326530612,2.7567293241341324,12.684117647058825,25.925272822728346,56,102,54.90196078431373,652.0,7,2.5748214285714277,2.3350276007734156,0.23979382779801206,00-0033891,Isaiah,Jones,11,Z.Jones
2018,REG,0,Kenny Stills,WR,MIA,6.1745,2.364326201132394,16.4134375,29.40504649561356,37,64,57.8125,553.0,6,3.6597297297297304,2.8665924552496946,0.7931372744800358,00-0030085,Kenneth,Stills,10,K.Stills
2018,REG,0,Tajae Sharpe,WR,TEN,6.156363636363636,3.0912748421832053,11.235319148936169,16.483125444806532,26,47,55.319148936170215,316.0,2,3.451538461538462,2.8649804684217375,0.5865579931167244,00-0032778,Tajae,Sharpe,19,T.Sharpe
2018,REG,0,Emmanuel Sanders,WR,DEN,6.150212765957448,3.246848462389276,9.338979591836734,20.92940824031704,71,98,72.44897959183673,866.0,4,4.592394366197183,4.130715498728198,0.46167886746898557,00-0027685,Emmanuel,Sanders,10,E.Sanders
2018,REG,0,Dede Westbrook,WR,JAX,6.128426966292135,3.5126726115132967,8.463069306930695,23.08417322919704,66,101,65.34653465346535,715.0,5,5.739848484848484,4.624369947480398,1.1154785373680864,00-0033839,Decrick,Westbrook,12,D.Westbrook
2018,REG,0,Seth Roberts,WR,LV,6.122115384615385,3.2284164571947667,8.56734375,14.92308613481972,45,64,70.3125,494.0,2,5.227333333333333,4.433120034245918,0.7942132990874153,00-0031166,Seth,Roberts,10,S.Roberts
2018,REG,0,D.J. Moore,WR,CAR,6.1129999999999995,2.8879945235781297,9.014024390243902,17.90385714700952,55,82,67.07317073170732,788.0,2,7.929818181818183,4.711260973195302,3.2185572086228804,00-0034827,Denniston,Moore,12,D.Moore
2018,REG,0,Rob Gronkowski,TE,NE,6.083559322033899,2.6262426283317932,12.03375,19.965020945955285,47,72,65.27777777777779,682.0,3,4.641702127659574,4.195671522583348,0.44603060507622594,00-0027656,Robert,Gronkowski,87,R.Gronkowski
2018,REG,0,Evan Engram,TE,NYG,6.080517241379311,4.422359424302674,5.093906250000001,7.621294084093494,45,64,70.3125,577.0,3,8.967333333333334,6.6091049814622655,2.3582283518710687,00-0033881,Evan,Engram,88,E.Engram
2018,REG,0,Zach Ertz,TE,PHI,6.079917355371902,3.241403232048913,7.278653846153846,25.797224595139863,116,156,74.35897435897436,1163.0,8,3.346896551724138,3.8274464688868495,-0.48054991716271145,00-0030061,Zachary,Ertz,86,Z.Ertz
2018,REG,0,Corey Davis,WR,TEN,6.079245283018868,3.0511981039825167,10.254732142857142,35.850782235207454,65,112,58.03571428571429,891.0,4,4.34553846153846,3.659694965550988,0.6858434959874722,00-0033871,Corey,Davis,84,C.Davis
2018,REG,0,Gerald Everett,TE,LAR,6.040750000000001,3.8657170267183245,6.583265306122449,6.5640954681328605,32,49,65.3061224489796,313.0,3,4.467500000000001,4.350000834347496,0.11749916565250551,00-0033895,Gerald,Everett,81,G.Everett
2018,REG,0,Amari Cooper,WR,DAL,5.981960784313726,2.9015131355453416,9.911775700934578,28.86474481797596,75,107,70.09345794392523,1005.0,7,5.7434666666666665,3.778653827782158,1.9648128388845083,00-0031544,Amari,Cooper,19,A.Cooper
2018,REG,0,Ian Thomas,TE,CAR,5.964324324324324,3.4405284318322824,6.286530612244898,7.461413996570132,36,49,73.46938775510205,333.0,2,4.4366666666666665,4.47529019332817,-0.03862352666150315,00-0034365,Ian,Thomas,80,I.Thomas
2018,REG,0,Jarius Wright,WR,CAR,5.955272727272729,3.2343276829872982,5.723220338983051,8.179118504810532,43,59,72.88135593220339,447.0,1,5.013720930232557,4.886592772357037,0.12712815787551968,00-0029572,Jarius,Wright,13,J.Wright
2018,REG,0,Demaryius Thomas,WR,HOU,5.919294117647059,3.021092108367718,10.37561797752809,21.117155931203392,59,89,66.29213483146067,677.0,5,4.931016949152543,4.21439086828141,0.7166260808711327,00-0027874,Demaryius,Thomas,87,De.Thomas
2018,REG,0,Stefon Diggs,WR,MIN,5.915244755244755,2.7294859721141442,8.889664429530203,29.541541398660044,102,149,68.45637583892618,1021.0,9,4.3420588235294115,3.677371442292711,0.6646873812367007,00-0031588,Stefon,Diggs,14,S.Diggs
2018,REG,0,Donte Moncrief,WR,JAX,5.912808988764045,2.246120902864039,12.847191011235953,30.87900098302922,48,89,53.93258426966292,672.0,3,5.139166666666666,3.331130816337429,1.808035850329237,00-0031339,Donte,Moncrief,10,D.Moncrief
2018,REG,0,T.Y. Hilton,WR,IND,5.899745762711864,2.305236259585714,11.323333333333334,27.56058033803697,76,120,63.33333333333333,1270.0,6,6.1763157894736835,5.355797857095663,0.8205179323780207,00-0029608,Eugene,Hilton,13,T.Hilton
2018,REG,0,Cole Beasley,WR,DAL,5.899390243902439,2.8663641794932837,7.404137931034481,16.158332392670353,65,87,74.71264367816092,672.0,3,3.414153846153846,3.86549365790482,-0.45133981175097393,00-0029000,Cole,Beasley,11,C.Beasley
2018,REG,0,Sterling Shepard,WR,NYG,5.886262626262626,3.1383422819390634,10.377009345794391,25.956957373492738,66,107,61.6822429906542,872.0,4,5.155454545454546,4.550699441860211,0.6047551035943348,00-0032385,Sterling,Shepard,87,S.Shepard
2018,REG,0,Tyreek Hill,WR,KC,5.855714285714284,3.1487175958362723,14.804014598540146,38.42517686020561,87,137,63.503649635036496,1479.0,12,6.379655172413794,4.846703825849509,1.5329513465642846,00-0033040,Tyreek,Hill,10,T.Hill
2018,REG,0,Jordy Nelson,WR,LV,5.804216867469879,2.721723652085742,9.045568181818181,21.664616356035534,63,88,71.5909090909091,739.0,3,4.138095238095238,3.6899927388544516,0.44810249924078605,00-0026176,Jordy,Nelson,82,J.Nelson
2018,REG,0,Marquise Goodwin,WR,SF,5.801904761904761,2.9575311744554456,14.221136363636363,15.98337624652608,23,44,52.27272727272727,395.0,4,5.914347826086956,3.8168419844219668,2.0975058416649897,00-0030068,Marquise,Goodwin,11,M.Goodwin
2018,REG,0,Ryan Switzer,WR,PIT,5.791142857142855,3.4665805538720518,3.1693181818181815,2.6693542057881636,36,44,81.81818181818183,253.0,1,4.081111111111111,4.627421632705382,-0.546310521594271,00-0033562,Ryan,Switzer,10,R.Switzer
2018,REG,0,Adam Thielen,WR,MIN,5.770486111111111,2.9030900433731257,9.596928104575163,32.748030653118384,113,153,73.8562091503268,1373.0,9,3.854867256637169,3.4277414371825494,0.42712581945461947,00-0030035,Adam,Thielen,19,A.Thielen
2018,REG,0,Kyle Rudolph,TE,MIN,5.7632258064516115,3.5472514047159645,6.874999999999998,12.573265056693991,64,82,78.04878048780488,634.0,4,4.02765625,3.737677266097048,0.2899789839029516,00-0027981,Kyle,Rudolph,82,K.Rudolph
2018,REG,0,Trey Burton,TE,CHI,5.763050847457627,3.44634933192696,8.054605263157896,13.718169655762797,54,76,71.05263157894737,569.0,6,3.716296296296296,4.309531813804577,-0.5932355175082811,00-0030710,Lawrence,Burton,80,T.Burton
2018,REG,0,Eric Ebron,TE,IND,5.753152173913043,3.3808773927130202,9.858181818181817,21.99491707283433,66,110,60.0,750.0,13,3.8631818181818187,3.750305338074281,0.1128764801075377,00-0031387,Eric,Ebron,85,E.Ebron
2018,REG,0,Chris Herndon,TE,NYJ,5.742619047619048,3.1282313602852265,9.96375,12.073431180987862,39,56,69.64285714285714,502.0,4,5.118461538461538,4.128700066742272,0.989761471719266,00-0034766,Christopher,Herndon,89,C.Herndon
2018,REG,0,Nick Vannett,TE,SEA,5.732777777777778,3.68941833737443,6.093255813953488,6.781902846478592,29,43,67.44186046511628,269.0,3,5.2362068965517246,5.2569083056693895,-0.020701409117664937,00-0032394,Nicholas,Vannett,81,N.Vannett
2018,REG,0,Zach Pascal,WR,IND,5.71047619047619,2.4398537770173276,9.591521739130433,8.94907539810516,27,46,58.69565217391305,268.0,2,3.0996296296296286,3.7306462423783233,-0.6310166127486947,00-0033251,Zachary,Pascal,14,Z.Pascal
2018,REG,0,Mohamed Sanu,WR,ATL,5.71047619047619,3.0317329518106684,7.911170212765957,14.232590363982252,66,94,70.2127659574468,838.0,4,6.136212121212123,4.91092105142604,1.2252910697860822,00-0029632,Mohamed,Sanu,12,M.Sanu
2018,REG,0,Julio Jones,WR,ATL,5.697839506172839,2.4845726567028485,14.02658823529412,45.63692109826258,113,170,66.47058823529412,1677.0,8,4.198672566371681,3.204687891255472,0.9939846751162094,00-0027944,Quintorris,Jones,11,J.Jones
2018,REG,0,Mike Evans,WR,TB,5.693805970149254,2.0985110415281385,15.679275362318842,32.78279696313613,86,138,62.31884057971014,1524.0,8,3.7624418604651164,3.0308092429661726,0.7316326174989438,00-0031408,Mike,Evans,13,M.Evans
2018,REG,0,John Brown,WR,BAL,5.683152173913043,2.3436656743523248,16.341030927835057,34.22183264317392,42,97,43.29896907216495,717.0,5,4.095238095238095,3.4882040705201405,0.6070340247179544,00-0031051,John,Brown,13,J.Brown
2018,REG,0,Chester Rogers,WR,IND,5.678955223880597,3.644751079162615,6.389027777777779,9.330396350677352,53,72,73.61111111111111,485.0,2,5.096037735849056,4.9787588794301065,0.11727885641894975,00-0032355,Chester,Rogers,80,C.Rogers
2018,REG,0,Brandin Cooks,WR,LAR,5.678157894736842,2.7132488995035486,12.913675213675212,30.744906202498413,80,117,68.37606837606837,1204.0,5,4.485249999999999,4.522409683508384,-0.037159683508384944,00-0031236,Brandin,Cooks,12,B.Cooks
2018,REG,0,Jeff Heuerman,TE,DEN,5.671282051282052,3.2957960638852764,5.704374999999999,6.261534134176709,31,48,64.58333333333334,281.0,2,4.982258064516132,4.309548775800319,0.6727092887158133,00-0032227,Jeff,Heuerman,82,J.Heuerman
2018,REG,0,Ryan Grant,WR,IND,5.660980392156862,2.635366822098845,9.526346153846154,10.04760426998335,35,52,67.3076923076923,334.0,1,2.694285714285713,2.980693579817912,-0.2864078655321989,00-0031068,Ryan,Grant,11,R.Grant
2018,REG,0,Jarvis Landry,WR,CLE,5.659411764705883,3.273078564009502,10.805369127516778,30.45470194115622,81,149,54.36241610738255,976.0,4,3.811481481481482,3.5566668461819897,0.2548146352994922,00-0031382,Jarvis,Landry,80,J.Landry
2018,REG,0,Cameron Brate,TE,TB,5.647837837837838,2.8685559351202676,8.701428571428572,6.459926396504363,30,49,61.224489795918366,289.0,6,2.1063333333333336,2.6567181391248105,-0.5503848057914769,00-0031273,Cameron,Brate,84,C.Brate
2018,REG,0,Tyler Boyd,WR,CIN,5.641276595744681,2.915722646056682,9.378518518518517,22.926107170180295,76,108,70.37037037037037,1028.0,7,5.794736842105264,5.0430102593852055,0.7517265827200585,00-0033009,Tyler,Boyd,83,T.Boyd
2018,REG,0,Travis Kelce,TE,KC,5.618666666666666,2.894876456665061,8.906600000000001,25.311565729096024,103,150,68.66666666666667,1336.0,10,5.825242718446603,4.6445368245357574,1.1807058939108455,00-0030506,Travis,Kelce,87,T.Kelce
2018,REG,0,Josh Doctson,WR,WAS,5.586025641025641,2.422757691942154,14.305384615384614,26.824982029651682,44,78,56.41025641025641,532.0,2,3.295454545454545,3.082798645076926,0.21265590037761894,00-0032760,Joshua,Doctson,18,J.Doctson
2018,REG,0,Jared Cook,TE,LV,5.582361111111112,2.965243913338437,8.019009900990099,22.043198049120367,68,101,67.32673267326733,896.0,6,5.733970588235294,4.720179597414769,1.0137909908205245,00-0027061,Jared,Cook,87,J.Cook
2018,REG,0,Tre'Quan Smith,WR,NO,5.581395348837209,2.210701571882055,12.149318181818183,14.27034559345652,28,44,63.63636363636363,427.0,5,4.213214285714286,3.4154941821743092,0.7977201035399766,00-0034765,Tre'Quan,Smith,10,T.Smith
2018,REG,0,Austin Hooper,TE,ATL,5.577121212121212,3.239225478765151,6.6877272727272725,11.263583784052761,71,88,80.68181818181817,660.0,4,3.514225352112677,3.2918024981494085,0.22242285396326844,00-0032392,Austin,Hooper,81,A.Hooper
2018,REG,0,Pierre Garcon,WR,SF,5.575,2.7825083773804953,8.812391304347827,10.354595798594083,24,46,52.17391304347826,286.0,1,4.69,5.187600436626096,-0.49760043662609554,00-0026345,Pierre,Garcon,15,P.Garcon
2018,REG,0,Tyrell Williams,WR,LAC,5.5646774193548385,2.760509326157898,12.501846153846154,20.146471107408836,41,65,63.07692307692307,653.0,5,5.143658536585366,5.339300241647802,-0.19564170506243617,00-0032160,Tyrell,Williams,16,Ty.Williams
2018,REG,0,David Njoku,TE,CLE,5.555806451612903,3.0614063144804686,8.52875,14.196998414842223,56,88,63.63636363636363,639.0,4,6.039107142857142,4.2476543924032075,1.7914527504539342,00-0033885,David,Njoku,85,D.Njoku
2018,REG,0,Allen Robinson,WR,CHI,5.543,1.9572797717668178,11.875425531914892,25.015854945734624,55,94,58.51063829787234,754.0,4,4.5,3.3256145544805573,1.1743854455194427,00-0031428,Allen,Robinson,12,A.Robinson II
2018,REG,0,Vance McDonald,TE,PIT,5.521521739130435,3.276894349941222,5.697500000000002,7.852438022935969,50,72,69.44444444444444,610.0,4,7.9491999999999985,5.421885860479625,2.5273141395203735,00-0030470,Vance,McDonald,89,V.McDonald
2018,REG,0,Sammy Watkins,WR,KC,5.503962264150943,3.453011173956086,8.406181818181818,8.759458752827681,40,55,72.72727272727273,519.0,3,6.220250000000001,5.8410654968566265,0.3791845031433745,00-0031325,Samuel,Watkins,14,S.Watkins
2018,REG,0,Kelvin Benjamin,WR,KC,5.4707462686567165,1.7345776754712965,15.946417910447762,21.409220065645776,25,67,37.3134328358209,380.0,1,2.7692,1.9504502124524026,0.8187497875475975,00-0031359,Kelvin,Benjamin,81,K.Benjamin
2018,REG,0,Alshon Jeffery,WR,PHI,5.451333333333333,2.491392530319847,10.842391304347828,22.662625638415822,65,92,70.65217391304348,840.0,6,4.669846153846153,3.5369228292045127,1.1329233246416406,00-0029137,Alshon,Jeffery,17,A.Jeffery
2018,REG,0,Will Fuller,WR,HOU,5.448837209302326,3.3349896377846044,14.562888888888887,14.928674591205858,32,45,71.11111111111111,503.0,4,5.4665625,4.824775500280637,0.641786999719363,00-0033127,Will,Fuller,15,W.Fuller
2018,REG,0,Chad Williams,WR,ARI,5.408478260869565,1.895190927541503,13.22869565217391,15.34295482738797,17,46,36.95652173913043,171.0,1,0.9170588235294121,1.7790903321291063,-0.8620315085996941,00-0033933,Chad,Williams,10,C.Williams
2018,REG,0,George Kittle,TE,SF,5.40548076923077,3.3138640925833163,7.334117647058824,25.478175576262878,88,136,64.70588235294117,1377.0,5,10.194431818181819,7.327922411541521,2.866509406640298,00-0033288,George,Kittle,85,G.Kittle
2018,REG,0,Willie Snead,WR,BAL,5.395411764705883,3.1388964137386073,8.311157894736843,17.046578205355182,62,95,65.26315789473685,651.0,1,4.833225806451614,4.556100060383662,0.27712574606795126,00-0030663,Willie,Snead,83,W.Snead IV
2018,REG,0,John Ross,WR,CIN,5.385454545454545,2.2188453649021334,13.987586206896552,18.362977080230504,21,58,36.206896551724135,210.0,7,3.073333333333333,3.070903819611631,0.002429513721701859,00-0033460,John,Ross,15,J.Ross
2018,REG,0,Randall Cobb,WR,GB,5.379655172413793,2.923928370475178,8.16606557377049,8.839960390276449,38,61,62.295081967213115,383.0,2,6.526052631578947,5.993805306697392,0.5322473248815554,00-0028002,Randall,Cobb,18,R.Cobb
2018,REG,0,Dante Pettis,WR,SF,5.361395348837209,3.3760030795640077,11.837333333333332,13.60654732712114,27,45,60.0,467.0,5,7.5744444444444445,5.359851902548684,2.214592541895761,00-0034860,Dante,Pettis,18,D.Pettis
2018,REG,0,DaeSean Hamilton,WR,DEN,5.328604651162791,3.0531937032158556,8.390217391304347,8.82597092540631,30,46,65.21739130434783,243.0,2,2.350666666666667,2.9536985600230983,-0.6030318933564311,00-0034370,DaeSean,Hamilton,17,D.Hamilton
2018,REG,0,Michael Gallup,WR,DAL,5.32014705882353,2.6821527407043027,13.996323529411764,23.874026413816463,33,68,48.529411764705884,507.0,2,5.464242424242424,5.002153178771081,0.46208924547134256,00-0034764,Michael,Gallup,13,M.Gallup
2018,REG,0,JuJu Smith-Schuster,WR,PIT,5.316601307189543,3.00124581675711,8.685783132530123,27.599725120642578,111,166,66.86746987951807,1383.0,7,6.072522522522522,4.760915740318135,1.3116067822043878,00-0033857,John,Smith-Schuster,19,J.Smith-Schuster
2018,REG,0,Michael Crabtree,WR,BAL,5.299285714285714,2.8318179006637134,10.8181,23.35624749016577,54,100,54.0,607.0,3,2.7003703703703703,3.2742649693517993,-0.573894598981429,00-0026986,Michael,Crabtree,15,M.Crabtree
2018,REG,0,Ricky Seals-Jones,TE,ARI,5.295882352941177,2.7307876679597243,9.845072463768119,17.12782265791252,34,69,49.275362318840585,343.0,1,2.9729411764705884,2.6895746344813314,0.28336654198925704,00-0033611,Roderick,Seals-Jones,86,R.Seals-Jones
2018,REG,0,Keenan Allen,WR,LAC,5.280672268907563,2.6677327066621324,8.82485294117647,29.75485675185195,97,136,71.32352941176471,1196.0,6,4.377113402061856,4.454373969116255,-0.07726056705439888,00-0030279,Keenan,Allen,13,K.Allen
2018,REG,0,Mark Andrews,TE,BAL,5.244545454545454,2.904620378774616,10.462199999999998,11.293930195302886,34,50,68.0,552.0,3,6.482058823529411,5.4199427198859595,1.0621161036434517,00-0034753,Mark,Andrews,89,M.Andrews
2018,REG,0,Anthony Miller,WR,CHI,5.188510638297872,2.97224550965007,11.33148148148148,13.712567201439605,33,54,61.111111111111114,423.0,7,5.383636363636365,4.698406791426733,0.6852295722096313,00-0034353,Anthony,Miller,17,A.Miller
2018,REG,0,Benjamin Watson,TE,NO,5.1703125,2.642627979604568,9.904565217391305,12.162508475662168,35,46,76.08695652173914,400.0,2,3.034,3.2230015169804704,-0.18900151698047063,00-0022943,Benjamin,Watson,82,B.Watson
2018,REG,0,Doug Baldwin,WR,SEA,5.156515151515151,2.8235770082373737,12.128630136986303,22.91755643389062,50,73,68.4931506849315,618.0,5,3.6118,3.197621465802109,0.41417853419789097,00-0028434,Doug,Baldwin,89,D.Baldwin
2018,REG,0,Dallas Goedert,TE,PHI,5.1517647058823535,3.2578008954318296,7.737954545454545,7.7352823570039435,33,44,75.0,334.0,4,5.6506060606060595,5.04317607938636,0.6074299812196999,00-0034351,Dallas,Goedert,88,D.Goedert
2018,REG,0,Ryan Griffin,TE,HOU,5.118461538461539,3.448165033304475,7.866976744186048,7.706151161572215,24,43,55.81395348837209,305.0,0,6.751666666666666,5.693538919017438,1.0581277476492277,00-0030108,Ryan,Griffin,84,R.Griffin
2018,REG,0,DeVante Parker,WR,MIA,5.081702127659575,2.545867816003437,11.905319148936169,15.663227316242951,24,47,51.06382978723404,306.0,1,4.460833333333334,4.585625234418633,-0.12479190108529892,00-0031547,DeVante,Parker,11,D.Parker
2018,REG,0,Antonio Brown,WR,PIT,5.039999999999999,2.6277769233152473,11.21779761904762,36.07485294145799,104,168,61.904761904761905,1297.0,15,5.032788461538461,4.051946758252041,0.9808417032864201,00-0027793,Antonio,Brown,84,A.Brown
2018,REG,0,C.J. Uzomah,TE,CIN,5.0252083333333335,2.7544353613575905,7.452031250000001,10.795107310514664,43,64,67.1875,439.0,3,4.881162790697675,4.472854716240144,0.4083080744575307,00-0032134,Christopher,Uzomah,87,C.Uzomah
2018,REG,0,Devin Funchess,WR,CAR,5.00921052631579,2.2659341912580326,12.661772151898735,24.22900659813392,44,79,55.69620253164557,549.0,4,1.7979545454545451,2.2165466554903657,-0.41859211003582053,00-0032055,Devin,Funchess,17,D.Funchess
2018,REG,0,Antonio Callaway,WR,CLE,4.982077922077922,2.553133868281982,13.746202531645567,20.54179103912956,43,79,54.43037974683544,586.0,5,5.782558139534883,4.575319455568738,1.2072386839661453,00-0034772,Antonio,Callaway,11,A.Callaway
2018,REG,0,Mike Williams,WR,LAC,4.930000000000001,2.051655987945469,15.184242424242425,24.845545870149444,43,66,65.15151515151516,664.0,10,2.983255813953488,2.171537503699315,0.811718310254173,00-0033536,Michael,Williams,81,M.Williams
2018,REG,0,DeAndre Hopkins,WR,HOU,4.921987577639751,2.522421038243409,11.861472392638037,44.044066391175804,115,163,70.5521472392638,1572.0,11,3.683217391304347,3.644685142115259,0.03853224918908804,00-0030564,DeAndre,Hopkins,10,D.Hopkins
2018,REG,0,Kenny Golladay,WR,DET,4.882695652173914,2.264946797684272,12.597478991596638,37.50872601440698,70,119,58.82352941176471,1063.0,5,5.352714285714286,3.968443694413801,1.384270591300485,00-0033932,Kenneth,Golladay,19,K.Golladay
2018,REG,0,Davante Adams,WR,GB,4.830617283950617,2.9691687972034053,11.326213017751478,33.96870973810021,111,169,65.68047337278107,1386.0,13,4.647387387387387,4.178552782763008,0.4688346046243792,00-0031381,Davante,Adams,17,D.Adams
2018,REG,0,David Moore,WR,SEA,4.736415094339622,1.9987676923420887,16.37698113207547,22.466913601337694,26,53,49.056603773584904,445.0,5,3.7484615384615387,3.2208461861060798,0.527615352355459,00-0033589,David,Moore,83,D.Moore
2018,REG,0,Josh Gordon,WR,NE,4.721267605633802,2.1076711670281,13.997464788732394,22.90045025738869,41,71,57.74647887323944,737.0,4,7.077317073170732,4.109941086313921,2.967375986856811,00-0029664,Josh,Gordon,10,J.Gordon
2018,REG,0,Michael Thomas,WR,NO,4.63503448275862,2.748359541846998,7.714353741496598,30.27239576937656,125,147,85.03401360544217,1405.0,9,4.08832,3.249160400367642,0.8391595996323584,00-0032765,Michael,Thomas,13,M.Thomas
2018,REG,0,Courtland Sutton,WR,DEN,4.624819277108434,2.1630736692701764,14.365000000000004,27.59410824420464,42,84,50.0,704.0,4,4.407857142857142,3.555168798711821,0.8526883441453212,00-0034348,Courtland,Sutton,14,C.Sutton
2018,REG,0,O.J. Howard,TE,TB,4.5448571428571425,2.500796985844318,11.149375,8.108353799791823,34,48,70.83333333333334,565.0,5,6.884705882352942,4.9901738600738135,1.8945320222791286,00-0033879,O.J.,Howard,80,O.Howard
2018,REG,0,Antonio Gates,TE,LAC,4.449473684210527,2.464236806451032,8.789333333333333,9.805729925921518,28,45,62.22222222222222,333.0,2,4.533214285714285,4.6752369581880755,-0.1420226724737903,00-0021547,Antonio,Gates,85,A.Gates
2018,REG,0,A.J. Green,WR,CIN,4.395657894736843,2.028803888184738,12.712727272727275,22.15653165897845,46,77,59.74025974025974,694.0,6,4.258913043478261,3.657494254222297,0.6014187892559639,00-0027942,A.J.,Green,18,A.Green
2018,REG,0,Marvin Jones,WR,DET,3.9656451612903227,2.2167045449790552,15.243064516129033,23.64643565768502,35,62,56.451612903225815,508.0,5,3.1045714285714276,2.0853342031784403,1.0192372253929873,00-0029293,Marvin,Jones,11,M.Jones
2019,REG,0,Calvin Ridley,WR,ATL,7.396222222222222,2.874055455725719,13.46569892473118,23.322395131072188,63,93,67.74193548387096,866.0,7,2.346825396825397,2.5702715252914947,-0.2234461284660978,00-0034837,Calvin,Ridley,18,C.Ridley
2019,REG,0,Robert Woods,WR,LAR,7.317022900763359,3.407958005883114,8.099280575539572,23.69132671850505,90,139,64.74820143884892,1134.0,2,6.718333333333333,5.616025150540928,1.102308182792405,00-0030431,Robert,Woods,17,R.Woods
2019,REG,0,Corey Davis,WR,TEN,7.209402985074626,2.7124062336742987,12.263333333333334,22.324441407476396,43,69,62.31884057971014,601.0,2,4.902325581395349,3.3273468756573026,1.5749787057380464,00-0033871,Corey,Davis,84,C.Davis
2019,REG,0,Ted Ginn,WR,NO,6.957142857142858,2.761898275965144,16.139285714285712,24.795134249822365,30,56,53.57142857142857,421.0,2,1.5300000000000002,1.8541873865977556,-0.32418738659775537,00-0025396,Ted,Ginn,19,T.Ginn
2019,REG,0,Albert Wilson,WR,MIA,6.890192307692308,3.4642170505473224,5.1711290322580625,6.022564187336103,43,62,69.35483870967742,351.0,1,4.309302325581396,4.34934337107711,-0.04004104549571341,00-0030669,Albert,Wilson,15,A.Wilson
2019,REG,0,Jacob Hollister,TE,SEA,6.765909090909091,3.4767921727744424,5.7986440677966105,7.300553537819394,41,59,69.49152542372882,349.0,3,4.391951219512197,4.331822161148443,0.06012905836375371,00-0033387,Jacob,Hollister,48,J.Hollister
2019,REG,0,Steven Sims,WR,WAS,6.732452830188679,3.158416889400001,7.3494642857142845,11.602966922367782,34,56,60.71428571428571,310.0,4,5.033823529411764,4.447409206083343,0.5864143233284214,00-0034928,Steven,Sims,15,S.Sims
2019,REG,0,Chris Godwin,WR,TB,6.635321100917431,2.8121455774221786,10.353305785123966,19.62112550315598,86,121,71.07438016528926,1333.0,9,7.075348837209304,4.6432541603333,2.4320946768760034,00-0033921,Rod,Godwin,12,C.Godwin
2019,REG,0,Alex Erickson,WR,CIN,6.579333333333334,2.7140402865516813,8.800128205128205,14.406455945934606,43,78,55.12820512820513,529.0,0,5.609534883720931,3.9958600840135414,1.6136747997073897,00-0032543,Alex,Erickson,12,A.Erickson
2019,REG,0,Trey Quinn,WR,WAS,6.552051282051282,2.5924802946709313,7.102553191489362,9.411041664904667,26,47,55.319148936170215,198.0,1,2.5376923076923075,3.0662638027348246,-0.5285714950425171,00-0034339,Trey,Quinn,18,T.Quinn
2019,REG,0,Bisi Johnson,WR,MIN,6.532195121951218,2.507047908598182,10.606666666666666,13.558272449408584,31,45,68.88888888888889,294.0,3,2.030000000000001,2.392068560800512,-0.36206856080051075,00-0035006,Olabisi,Johnson,81,O.Johnson
2019,REG,0,Marvin Jones,WR,DET,6.527471264367816,2.0854807722890603,13.152197802197806,22.17123824378823,62,91,68.13186813186813,779.0,9,2.183709677419355,2.263014035487562,-0.07930435806820668,00-0029293,Marvin,Jones,11,M.Jones Jr.
2019,REG,0,D.J. Chark,WR,JAX,6.512982456140351,2.7783848765049197,11.910084745762711,32.701816599536016,73,118,61.86440677966102,1008.0,8,4.417534246575342,3.8479516858391887,0.5695825607361535,00-0034777,Darrell,Chark,17,D.Chark Jr.
2019,REG,0,Jarius Wright,WR,CAR,6.472499999999998,3.0198926571336,10.593793103448277,12.33022957135977,28,58,48.275862068965516,296.0,0,3.3582142857142867,3.9965569164400856,-0.6383426307257989,00-0029572,Jarius,Wright,13,J.Wright
2019,REG,0,Hunter Renfrow,WR,LV,6.452903225806451,3.456287092681197,6.582676056338028,14.385218654584845,49,71,69.01408450704226,605.0,4,6.774897959183673,4.750971742881813,2.0239262163018603,00-0034983,Hunter,Renfrow,13,H.Renfrow
2019,REG,0,Allen Lazard,WR,GB,6.4464,2.889291723033642,13.766153846153847,14.81466151486868,35,52,67.3076923076923,477.0,3,4.119142857142857,4.2743608965798,-0.15521803943694312,00-0034521,Allen,Lazard,13,A.Lazard
2019,REG,0,Marquise Brown,WR,BAL,6.443968253968255,2.955510969260665,10.876619718309858,21.069691173942818,46,71,64.7887323943662,584.0,7,5.377608695652174,4.769195805695394,0.6084128899567798,00-0035662,Marquise,Brown,15,M.Brown
2019,REG,0,Adam Thielen,WR,MIN,6.408666666666666,3.0456361070263114,12.706875000000002,17.32578486291175,30,48,62.5,418.0,6,4.179333333333333,3.6350196446137146,0.5443136887196185,00-0030035,Adam,Thielen,19,A.Thielen
2019,REG,0,Kelvin Harmon,WR,WAS,6.402999999999999,2.420682406867723,11.357727272727274,14.088652452278053,30,44,68.18181818181817,365.0,0,3.4483333333333337,2.819583466937077,0.6287498663962565,00-0035297,Kelvin,Harmon,13,K.Harmon
2019,REG,0,Allen Hurns,WR,MIA,6.3118181818181816,3.028028628127338,11.000425531914896,9.712068045714462,32,47,68.08510638297872,416.0,2,3.4603124999999992,4.003780815018818,-0.5434683150188184,00-0030821,Allen,Hurns,17,A.Hurns
2019,REG,0,Cooper Kupp,WR,LAR,6.29658536585366,3.387731480764349,7.221492537313433,20.36385062974148,94,134,70.1492537313433,1161.0,10,5.957446808510638,4.7288950870455455,1.2285517214650925,00-0033908,Cooper,Kupp,18,C.Kupp
2019,REG,0,Danny Amendola,WR,DET,6.281392405063292,2.952040809931464,8.8619587628866,15.923982208917407,62,97,63.91752577319587,678.0,1,3.641935483870967,3.852767362801493,-0.2108318789305259,00-0026035,Daniel,Amendola,80,D.Amendola
2019,REG,0,Tyler Lockett,WR,SEA,6.265555555555554,3.2361316140388188,12.818818181818182,30.08970983009761,82,110,74.54545454545455,1057.0,8,3.9879268292682934,4.674543333056885,-0.6866165037885916,00-0032211,Tyler,Lockett,16,T.Lockett
2019,REG,0,Kenny Stills,WR,HOU,6.264230769230769,2.6633827707407347,10.681272727272724,12.930013690007168,40,55,72.72727272727273,561.0,4,3.7340000000000004,4.502923094289785,-0.7689230942897844,00-0030085,Kenneth,Stills,12,K.Stills
2019,REG,0,Josh Reynolds,WR,LAR,6.262857142857142,2.6739339568413523,11.251860465116279,10.181714874946076,21,43,48.837209302325576,326.0,1,6.886666666666667,5.252298300035031,1.6343683666316355,00-0033943,Joshua Dedmon-Reynolds,Reynolds,83,J.Reynolds
2019,REG,0,Randall Cobb,WR,DAL,6.224383561643836,3.032001076205204,9.529638554216868,14.47650423244109,55,83,66.26506024096386,828.0,3,6.223636363636363,4.8771496302874535,1.3464867333489092,00-0028002,Randall,Cobb,18,R.Cobb
2019,REG,0,Nick Boyle,TE,BAL,6.208965517241379,3.5920037032795924,5.886744186046513,6.906364506966936,31,43,72.09302325581395,321.0,2,5.249354838709676,5.130657193238585,0.11869764547109085,00-0031598,Nicholas,Boyle,86,N.Boyle
2019,REG,0,Dede Westbrook,WR,JAX,6.206666666666667,3.1961597241781687,6.970693069306931,16.382204910193852,66,101,65.34653465346535,660.0,3,4.883030303030303,4.791238366453641,0.09179193657666218,00-0033839,Decrick,Westbrook,12,D.Westbrook
2019,REG,0,James Washington,WR,PIT,6.1692307692307695,2.5320394958538133,15.596375,33.03240734612401,44,80,55.00000000000001,735.0,3,4.838863636363636,3.547011425562431,1.2918522108012054,00-0034676,James,Washington,13,J.Washington
2019,REG,0,Brandin Cooks,WR,LAR,6.161666666666668,3.111044563861014,13.839583333333332,20.96928629299551,42,72,58.333333333333336,583.0,2,4.089285714285714,3.6399517105036887,0.4493340037820257,00-0031236,Brandin,Cooks,12,B.Cooks
2019,REG,0,Larry Fitzgerald,WR,ARI,6.151442307692308,2.9758333333333735,7.485412844036698,21.615113173957276,75,109,68.80733944954129,804.0,4,5.050933333333332,4.468533393117079,0.582399940216253,00-0022921,Larry,Fitzgerald,11,L.Fitzgerald
2019,REG,0,Cole Beasley,WR,BUF,6.1040860215053785,3.1747728456998154,7.620283018867925,17.923870979194778,67,106,63.20754716981132,778.0,6,5.320746268656715,4.786824608803656,0.5339216598530596,00-0029000,Cole,Beasley,10,C.Beasley
2019,REG,0,Diontae Johnson,WR,PIT,6.091304347826085,3.6215482294352785,8.977282608695653,21.86549402604554,59,92,64.13043478260869,680.0,5,5.062881355932204,4.637080291265409,0.42580106466679446,00-0035216,Diontae,Johnson,18,D.Johnson
2019,REG,0,T.Y. Hilton,WR,IND,6.085373134328359,3.009626716111791,10.197058823529412,17.612932068033572,45,68,66.17647058823529,501.0,5,4.8020000000000005,3.940120009400776,0.8618799905992245,00-0029608,Eugene,Hilton,13,T.Hilton
2019,REG,0,Mark Andrews,TE,BAL,6.062615384615384,2.982031154819383,10.839690721649484,28.68761885533277,63,97,64.94845360824742,854.0,10,4.895396825396825,4.289393484703824,0.6060033406930012,00-0034753,Mark,Andrews,89,M.Andrews
2019,REG,0,Jamison Crowder,WR,NYJ,6.047029702970297,3.0286939843766993,7.933852459016393,24.132067804047402,78,122,63.934426229508205,833.0,6,4.718076923076923,3.8867879955864533,0.83128892749047,00-0031941,Jamison,Crowder,82,J.Crowder
2019,REG,0,Christian Kirk,WR,ARI,6.046354166666666,3.4554131374716146,9.48101851851852,27.126515344184472,68,108,62.96296296296296,709.0,3,4.406029411764706,4.522327243451505,-0.11629783168679886,00-0034775,Christian,Kirk,13,C.Kirk
2019,REG,0,Tyler Higbee,TE,LAR,5.981384615384615,3.681872099215854,6.472921348314606,12.123233619882365,69,89,77.52808988764045,734.0,3,6.088840579710145,5.778851135621632,0.30998944408851337,00-0033110,Tyler,Higbee,89,T.Higbee
2019,REG,0,Taylor Gabriel,WR,CHI,5.960425531914894,3.1487192281906142,11.549583333333333,12.477942235666955,29,48,60.416666666666664,353.0,4,2.910344827586207,3.2099165302442487,-0.2995717026580418,00-0031228,Taylor,Gabriel,18,T.Gabriel
2019,REG,0,Kendrick Bourne,WR,SF,5.9453658536585365,2.9051440143153524,8.679772727272727,12.543024172359432,30,44,68.18181818181817,358.0,5,4.133000000000001,3.300368074227788,0.8326319257722128,00-0033307,Kendrick,Bourne,84,K.Bourne
2019,REG,0,Breshad Perriman,WR,TB,5.939374999999999,2.621448715572315,16.081739130434784,17.379673281438436,36,69,52.17391304347826,645.0,6,4.228055555555557,4.892278818612394,-0.6642232630568374,00-0032054,Breshad,Perriman,19,B.Perriman
2019,REG,0,Nelson Agholor,WR,PHI,5.895076923076922,3.4033849537965333,10.79913043478261,15.281662988818795,39,69,56.52173913043478,363.0,3,3.9176923076923083,3.7111500006731104,0.20654230701919785,00-0031549,Nelson,Agholor,13,N.Agholor
2019,REG,0,Zach Ertz,TE,PHI,5.879203539823008,2.7199245568718675,8.681555555555557,24.036103067243094,88,135,65.18518518518519,916.0,6,3.2309090909090914,3.175665207495067,0.05524388341402453,00-0030061,Zachary,Ertz,86,Z.Ertz
2019,REG,0,Evan Engram,TE,NYG,5.871754385964913,3.069753623893296,5.998676470588235,8.360284804289279,44,68,64.70588235294117,467.0,3,5.955227272727272,4.354599525461766,1.6006277472655057,00-0033881,Evan,Engram,88,E.Engram
2019,REG,0,Zay Jones,WR,LV,5.869318181818182,3.04590044900358,11.19822222222222,11.18192146559682,27,45,60.0,216.0,0,2.85925925925926,3.101579366544691,-0.24232010728543107,00-0033891,Isaiah,Jones,12,Z.Jones
2019,REG,0,Tyreek Hill,WR,KC,5.869250000000001,3.2090238021939355,12.578876404494384,23.85891629815121,58,89,65.1685393258427,860.0,7,4.874655172413793,4.183096277586152,0.691558894827641,00-0033040,Tyreek,Hill,10,T.Hill
2019,REG,0,Jonnu Smith,TE,TEN,5.856774193548386,3.6581825443177194,4.842500000000001,5.621410272984148,35,44,79.54545454545455,439.0,3,8.377999999999998,4.620417708482472,3.7575822915175268,00-0033858,Jonnu,Smith,81,J.Smith
2019,REG,0,Russell Gage,WR,ATL,5.843478260869565,3.189910533338856,7.062297297297297,9.732827270763341,49,74,66.21621621621621,446.0,1,3.50061224489796,3.4048680519492787,0.0957441929486813,00-0034411,Russell,Gage,83,R.Gage
2019,REG,0,T.J. Hockenson,TE,DET,5.8376,2.322400104786847,7.955593220338983,8.695104488339654,32,59,54.23728813559322,367.0,2,6.371250000000001,5.553497312958923,0.8177526870410778,00-0035229,T.J.,Hockenson,88,T.Hockenson
2019,REG,0,Demaryius Thomas,WR,NYJ,5.832280701754387,2.4796169099503578,9.905172413793103,14.323218573063375,36,58,62.06896551724138,433.0,1,5.134722222222222,4.493103598267984,0.6416186239542379,00-0027874,Demaryius,Thomas,18,D.Thomas
2019,REG,0,Curtis Samuel,WR,CAR,5.820198019801981,2.565260402440958,14.513619047619047,30.581353347246747,54,105,51.42857142857142,627.0,6,2.925,2.960100642713224,-0.03510064271322433,00-0033282,Curtis,Samuel,10,C.Samuel
2019,REG,0,Auden Tate,WR,CIN,5.800125,2.270224913395863,11.713375000000003,19.667338286529837,40,80,50.0,575.0,1,3.9675000000000002,2.9094827658462075,1.0580172341537928,00-0034686,Auden,Tate,19,A.Tate
2019,REG,0,Mike Gesicki,TE,MIA,5.787575757575757,2.6193131430905785,10.368314606741576,17.334149841832794,51,89,57.30337078651685,570.0,5,3.918431372549018,3.968177355237327,-0.0497459826883091,00-0034829,Michael,Gesicki,88,M.Gesicki
2019,REG,0,John Ross,WR,CIN,5.786727272727274,2.9426150298612086,14.93875,17.55803215380096,28,56,50.0,506.0,3,7.445714285714286,5.557815788591535,1.8878984971227508,00-0033460,John,Ross,11,J.Ross III
2019,REG,0,Jordan Akins,TE,HOU,5.7784848484848474,3.3879507137396168,7.193454545454543,8.70790102697063,36,55,65.45454545454545,418.0,2,7.066944444444444,5.17053564083761,1.8964088036068345,00-0034364,Jordan,Akins,88,J.Akins
2019,REG,0,Deebo Samuel,WR,SF,5.771447368421053,3.1797196177612954,7.828888888888889,20.82698370993169,57,81,70.37037037037037,802.0,3,8.518245614035088,7.0904785418004455,1.4277670722346425,00-0035719,Tyshun,Samuel,19,D.Samuel
2019,REG,0,Eric Ebron,TE,IND,5.7684444444444445,3.197176865359997,9.376346153846155,12.384680254414667,31,52,59.61538461538461,375.0,3,5.438064516129032,4.381942614801959,1.0561219013270726,00-0031387,Eric,Ebron,85,E.Ebron
2019,REG,0,Golden Tate,WR,NYG,5.742658227848102,2.1694953348211907,9.525764705882352,16.594932713551977,49,85,57.647058823529406,670.0,6,6.09857142857143,3.3700570918075514,2.7285143367638782,00-0027891,Golden,Tate,15,G.Tate
2019,REG,0,Damiere Byrd,WR,ARI,5.736888888888889,3.163584990585864,9.71391304347826,11.837699220074601,32,46,69.56521739130434,359.0,1,4.9153125,3.878387517609293,1.036924982390707,00-0031868,Damiere,Byrd,14,D.Byrd
2019,REG,0,Zach Pascal,WR,IND,5.731805555555556,2.8249325736716018,11.546666666666667,21.117229887626753,41,72,56.94444444444444,607.0,5,5.864634146341463,5.309552979763969,0.5550811665774944,00-0033251,Zachary,Pascal,14,Z.Pascal
2019,REG,0,Anthony Miller,WR,CHI,5.717236842105263,3.1185248609471374,10.33858823529412,19.779512388360708,52,85,61.1764705882353,656.0,2,4.438461538461538,4.548126993892458,-0.10966545543092021,00-0034353,Anthony,Miller,17,A.Miller
2019,REG,0,Sterling Shepard,WR,NYG,5.7105000000000015,3.1299462146954156,9.937951807228917,16.905643207614457,57,83,68.67469879518072,576.0,3,3.318947368421053,3.1776196778778134,0.14132769054323946,00-0032385,Sterling,Shepard,87,S.Shepard
2019,REG,0,Marquez Valdes-Scantling,WR,GB,5.695535714285716,2.5509622717326716,16.625535714285714,19.268124595144428,26,56,46.42857142857143,452.0,2,5.893076923076924,3.8952217110090945,1.9978552120678295,00-0034272,Marquez,Valdes-Scantling,83,M.Valdes-Scantling
2019,REG,0,Austin Hooper,TE,ATL,5.695411764705883,3.538407924875193,6.815979381443299,12.312926943734682,75,97,77.31958762886599,787.0,6,4.548133333333333,4.160746928611204,0.38738640472212893,00-0032392,Austin,Hooper,81,A.Hooper
2019,REG,0,Julian Edelman,WR,NE,5.683943661971831,2.835081643026798,9.175882352941176,31.783667037952668,100,153,65.359477124183,1117.0,6,3.549700000000001,3.8662320321095365,-0.3165320321095355,00-0027150,Julian,Edelman,11,J.Edelman
2019,REG,0,Jarvis Landry,WR,CLE,5.678473282442748,2.587291262937547,9.802681159420292,29.608091190040536,83,138,60.14492753623188,1174.0,6,5.538072289156627,3.8772126590948233,1.660859630061804,00-0031382,Jarvis,Landry,80,J.Landry
2019,REG,0,Geronimo Allison,WR,GB,5.675098039215686,3.264178570710089,8.126363636363637,9.249850475065037,34,55,61.81818181818181,287.0,2,3.658823529411765,3.5103488794083972,0.1484746500033678,00-0032626,Geronimo,Allison,81,G.Allison
2019,REG,0,Jason Witten,TE,DAL,5.671481481481481,3.2706608973153415,6.5277108433734945,9.916266300617709,63,83,75.90361445783132,529.0,4,2.812222222222223,2.831400395936316,-0.019178173714093028,00-0022127,Christopher,Witten,82,J.Witten
2019,REG,0,Kyle Rudolph,TE,MIN,5.64625,3.3619483398826464,7.08625,9.662080014543967,39,48,81.25,367.0,6,5.167179487179488,4.62129925260596,0.5458802345735281,00-0027981,Kyle,Rudolph,82,K.Rudolph
2019,REG,0,Dallas Goedert,TE,PHI,5.644428571428572,3.0433343028388897,5.807325581395348,10.242532875037938,58,86,67.44186046511628,607.0,5,6.227241379310344,5.1896691988279775,1.0375721804823668,00-0034351,Dallas,Goedert,88,D.Goedert
2019,REG,0,Davante Adams,WR,GB,5.639669421487602,3.1952460021439166,10.001811023622047,26.28803572869865,83,127,65.35433070866141,997.0,5,4.973012048192771,4.292667897564057,0.6803441506287147,00-0031381,Davante,Adams,17,D.Adams
2019,REG,0,Jimmy Graham,TE,GB,5.615,3.893748260661803,9.219666666666667,11.448332667628321,38,60,63.33333333333333,447.0,3,6.818684210526317,6.237965057776442,0.5807191527498743,00-0027696,Jimmy,Graham,80,J.Graham
2019,REG,0,Michael Gallup,WR,DAL,5.57353982300885,2.2184359038056005,12.60469026548672,26.0687256920613,66,113,58.4070796460177,1107.0,6,5.36590909090909,3.832156521131957,1.5337525697771333,00-0034764,Michael,Gallup,13,M.Gallup
2019,REG,0,Julio Jones,WR,ATL,5.557046979865772,2.1638664762468784,12.285859872611466,35.92249644291153,99,157,63.05732484076433,1394.0,6,3.6737373737373744,2.8359915691727795,0.8377458045645949,00-0027944,Quintorris,Jones,11,J.Jones
2019,REG,0,Will Fuller,WR,HOU,5.538142857142857,2.9712240800902014,14.035070422535211,21.932403938848363,49,71,69.01408450704226,670.0,3,4.849591836734694,4.659799977701361,0.18979185903333295,00-0033127,William,Fuller,15,W.Fuller
2019,REG,0,Willie Snead,WR,BAL,5.5253658536585375,3.009347813534393,8.539782608695653,10.717920314746658,31,46,67.3913043478261,339.0,5,4.741612903225808,2.604988075046668,2.13662482817914,00-0030663,Willie,Snead,83,W.Snead IV
2019,REG,0,Odell Beckham,WR,CLE,5.51484375,2.5831583981690205,13.25729323308271,38.59161464853839,74,133,55.639097744360896,1035.0,4,4.5940540540540535,3.7518335642252785,0.8422204898287751,00-0031235,Odell,Beckham,13,O.Beckham Jr.
2019,REG,0,Adam Humphries,WR,TEN,5.5123255813953485,2.9134374292434773,7.198723404255318,8.926399548324287,37,47,78.72340425531915,374.0,2,3.4664864864864877,3.8417086708387287,-0.375222184352241,00-0032009,Adam,Humphries,10,A.Humphries
2019,REG,0,Hunter Henry,TE,LAC,5.4903508771929825,2.585142808065765,10.22842105263158,15.776847796526233,55,76,72.36842105263158,652.0,5,3.3083636363636364,3.397810685437284,-0.08944704907364764,00-0033090,Hunter,Henry,86,H.Henry
2019,REG,0,Noah Fant,TE,DEN,5.486999999999999,2.716180840428184,7.843181818181816,15.182711682460909,40,66,60.60606060606061,562.0,3,8.4905,6.218431623223093,2.2720683767769074,00-0035644,Noah,Fant,87,N.Fant
2019,REG,0,Tyler Boyd,WR,CIN,5.473178294573643,2.642543885694602,9.160878378378378,28.45590395835958,90,148,60.810810810810814,1046.0,5,4.157888888888888,3.7704221637407316,0.38746672514815605,00-0033009,Tyler,Boyd,83,T.Boyd
2019,REG,0,Josh Gordon,WR,SEA,5.430212765957448,2.3976573016998257,11.380212765957447,11.41367669464942,27,47,57.446808510638306,426.0,1,6.007037037037037,5.512180121438176,0.49485691559886114,00-0029664,Josh,Gordon,10,J.Gordon
2019,REG,0,Cameron Brate,TE,TB,5.421111111111111,2.5701522180731815,7.1516363636363645,6.160665340579823,36,55,65.45454545454545,311.0,4,2.7794444444444446,2.2278545753972008,0.5515898690472438,00-0031273,Cameron,Brate,84,C.Brate
2019,REG,0,Amari Cooper,WR,DAL,5.394745762711865,2.55539862099071,12.848655462184874,27.98425989476093,79,119,66.38655462184873,1189.0,8,3.2750632911392406,3.649277367982215,-0.3742140768429745,00-0031544,Amari,Cooper,19,A.Cooper
2019,REG,0,Jack Doyle,TE,IND,5.390392156862744,3.531383292748864,7.117083333333334,13.01614476438195,43,72,59.72222222222222,448.0,4,5.391162790697674,5.346033977223637,0.04512881347403663,00-0030181,John,Doyle,84,J.Doyle
2019,REG,0,Keenan Allen,WR,LAC,5.390367647058824,2.7453719251831754,10.046778523489934,30.38163508022779,104,149,69.79865771812081,1199.0,6,3.7222115384615373,3.595639092044569,0.1265724464169682,00-0030279,Keenan,Allen,13,K.Allen
2019,REG,0,Travis Kelce,TE,KC,5.39,3.077840743283556,9.31051470588235,26.985561297884804,97,136,71.32352941176471,1229.0,5,4.494639175257732,3.8112194790234315,0.6834196962343007,00-0030506,Travis,Kelce,87,T.Kelce
2019,REG,0,Tyler Eifert,TE,CIN,5.384000000000001,2.418961464481544,8.44031746031746,11.160223313604506,43,63,68.25396825396825,436.0,3,2.937906976744186,2.70938890753074,0.22851806921344586,00-0030549,Tyler,Eifert,85,T.Eifert
2019,REG,0,Irv Smith,TE,MIN,5.376315789473685,2.989143628427466,6.058510638297872,8.088661386903613,36,47,76.59574468085107,311.0,2,3.8869444444444445,3.583268621496062,0.30367582294838247,00-0034970,Irvin,Smith,84,I.Smith
2019,REG,0,Darren Waller,TE,LV,5.366063829787234,3.1432900864950613,7.20837606837607,25.95846055353097,90,117,76.92307692307693,1145.0,3,6.862444444444443,5.567095237908862,1.2953492065355814,00-0031610,Darren,Waller,83,D.Waller
2019,REG,0,Demarcus Robinson,WR,KC,5.363703703703703,3.0777932180031273,13.359090909090911,15.658799083595293,32,55,58.18181818181818,449.0,4,3.3753125000000006,3.495917910229764,-0.12060541022976334,00-0032775,Demarcus,Robinson,11,D.Robinson
2019,REG,0,Sammy Watkins,WR,KC,5.341710526315789,2.8675841172716185,9.64811111111111,18.50562097074964,52,90,57.77777777777777,673.0,3,5.880769230769231,5.333175800240331,0.5475934305289005,00-0031325,Samuel,Watkins,14,S.Watkins
2019,REG,0,Mike Evans,WR,TB,5.34102564102564,2.42422152433902,15.27737288135593,28.23515591962033,67,118,56.779661016949156,1157.0,8,4.31044776119403,4.017919094072769,0.29252866712126124,00-0031408,Mike,Evans,13,M.Evans
2019,REG,0,Phillip Dorsett,WR,NE,5.3290384615384605,2.895081677180797,13.893148148148148,16.984750106405134,29,54,53.70370370370371,397.0,5,3.164482758620689,4.0338527514717395,-0.8693699928510505,00-0032208,Phillip,Dorsett,13,P.Dorsett II
2019,REG,0,DaeSean Hamilton,WR,DEN,5.271041666666667,3.2562365624093905,8.56326923076923,13.060387684889442,28,52,53.84615384615385,297.0,1,4.630357142857143,4.420150617463089,0.21020652539405393,00-0034370,DaeSean,Hamilton,17,D.Hamilton
2019,REG,0,Kenny Golladay,WR,DET,5.270877192982456,1.9475060260614048,15.403275862068968,33.09949038662817,65,116,56.03448275862068,1190.0,11,4.8890769230769235,4.1894620708923735,0.69961485218455,00-0033932,Kenneth,Golladay,19,K.Golladay
2019,REG,0,D.J. Moore,WR,CAR,5.25625,2.640551014593727,11.14214814814815,30.185222347086217,87,135,64.44444444444444,1175.0,4,4.783103448275862,3.976858447581344,0.8062450006945183,00-0034827,Denniston,Moore,12,D.Moore
2019,REG,0,Mike Williams,WR,LAC,5.233258426966292,2.003895259376511,17.38944444444444,31.76334728305209,49,90,54.44444444444444,1001.0,2,4.761020408163265,3.431137930389899,1.3298824777733662,00-0033536,Michael,Williams,81,M.Williams
2019,REG,0,Terry McLaurin,WR,WAS,5.231739130434782,2.1118652327080616,14.147096774193546,37.09160415098488,58,93,62.365591397849464,919.0,7,3.896551724137931,2.634287752902213,1.262263971235718,00-0035659,Terry,McLaurin,17,T.McLaurin
2019,REG,0,Greg Olsen,TE,CAR,5.200952380952381,2.821402272195776,8.764146341463414,14.421656766736234,52,82,63.41463414634146,597.0,2,4.449038461538461,4.680495530904674,-0.23145706936621302,00-0025418,Gregory,Olsen,88,G.Olsen
2019,REG,0,Vance McDonald,TE,PIT,5.162903225806451,3.7804529651738825,4.634545454545455,6.748331449236609,38,55,69.0909090909091,273.0,3,4.7484210526315795,3.8840200779608582,0.8644009746707213,00-0030470,Vance,McDonald,89,V.McDonald
2019,REG,0,Mohamed Sanu,WR,NE,5.161025641025641,3.1013661273672146,7.551797752808989,15.216160902677784,59,89,66.29213483146067,520.0,2,3.2762711864406766,3.6392794244582274,-0.3630082380175508,00-0029632,Mohamed,Sanu,14,M.Sanu Sr.
2019,REG,0,Michael Thomas,WR,NO,5.154972375690608,2.563296072890534,8.144486486486487,41.33610602814212,149,185,80.54054054054053,1725.0,9,4.065704697986578,3.41148382444712,0.6542208735394581,00-0032765,Michael,Thomas,13,M.Thomas
2019,REG,0,George Kittle,TE,SF,5.151511627906976,3.2686503820599233,5.746261682242991,20.19344456121913,85,107,79.43925233644859,1053.0,5,7.533058823529411,5.826984498366679,1.7060743251627324,00-0033288,George,Kittle,85,G.Kittle
2019,REG,0,Emmanuel Sanders,WR,SF,5.137659574468085,2.5030176603901753,10.851340206185569,34.56975827640568,66,97,68.04123711340206,869.0,5,3.835151515151515,3.923006650737977,-0.08785513558646185,00-0027685,Emmanuel,Sanders,17,E.Sanders
2019,REG,0,Courtland Sutton,WR,DEN,5.116422764227643,2.5014440745555566,11.803951612903226,42.93013283589532,72,124,58.06451612903226,1112.0,6,5.206249999999999,3.693511596275766,1.5127384037242328,00-0034348,Courtland,Sutton,14,C.Sutton
2019,REG,0,Gerald Everett,TE,LAR,5.11265306122449,2.9596772039715775,8.394333333333332,10.599017245551828,37,60,61.66666666666667,408.0,2,5.0410810810810815,4.135146858087536,0.9059342229935456,00-0033895,Gerald,Everett,81,G.Everett
2019,REG,0,Allen Robinson,WR,CHI,5.058531468531468,2.235413760294153,11.082207792207793,38.41337150677038,98,154,63.63636363636363,1147.0,7,3.0587755102040823,3.2587426677974456,-0.19996715759336325,00-0031428,Allen,Robinson,12,A.Robinson
2019,REG,0,Darren Fells,TE,HOU,5.050625,2.8967808370682757,5.4643749999999995,5.772913154292102,34,48,70.83333333333334,341.0,7,5.344411764705882,4.348480393313975,0.9959313713919071,00-0029738,Darren,Fells,87,D.Fells
2019,REG,0,DeVante Parker,WR,MIA,5.042903225806452,2.134388209428416,13.77359375,33.11781015426,72,128,56.25,1202.0,9,4.203194444444446,3.482921734768838,0.7202727096756076,00-0031547,DeVante,Parker,11,D.Parker
2019,REG,0,O.J. Howard,TE,TB,5.0408333333333335,2.4667951758729707,9.415660377358492,7.816028944194714,34,53,64.15094339622641,459.0,1,5.020882352941177,4.190909562001303,0.8299727909398742,00-0033879,O'Terrius,Howard,80,O.Howard
2019,REG,0,DeAndre Hopkins,WR,HOU,5.038819444444444,2.6727643592259476,10.286333333333333,33.95980156092493,104,150,69.33333333333334,1165.0,7,3.9088461538461536,4.0175704596688036,-0.10872430582264991,00-0030564,DeAndre,Hopkins,10,D.Hopkins
2019,REG,0,Chris Conley,WR,JAX,5.0022222222222235,2.3433141275290925,14.306333333333338,29.960280063942825,47,90,52.22222222222223,775.0,5,5.351489361702127,3.8859414978182407,1.4655478638838861,00-0032128,Christian,Conley,18,C.Conley
2019,REG,0,Tyrell Williams,WR,LV,4.960862068965517,2.619734890048775,13.48765625,26.568809711415337,42,64,65.625,651.0,6,5.038809523809523,4.511714970406716,0.5270945534028071,00-0032160,Tyrell,Williams,16,T.Williams
2019,REG,0,A.J. Brown,WR,TEN,4.9575000000000005,2.1862734695694725,13.446666666666667,29.800043795658954,52,84,61.904761904761905,1051.0,8,8.835384615384614,4.108227992379418,4.727156623005196,00-0035676,Arthur,Brown,11,A.Brown
2019,REG,0,D.K. Metcalf,WR,SEA,4.9111,2.479791229742522,13.359100000000002,28.507197698784953,58,100,57.99999999999999,900.0,7,5.038275862068965,3.4174571138019783,1.620818748266987,00-0035640,DeKaylin,Metcalf,14,DK.Metcalf
2019,REG,0,Jared Cook,TE,NO,4.88078431372549,2.3494534969478744,10.87353846153846,19.390025431610365,43,65,66.15384615384615,705.0,9,6.057209302325581,4.060558359056714,1.9966509432688673,00-0027061,Jared,Cook,87,J.Cook
2019,REG,0,JuJu Smith-Schuster,WR,PIT,4.861612903225807,2.373298045699334,9.573285714285714,17.741307783746286,42,70,60.0,552.0,3,6.033095238095238,4.341737683751738,1.6913575543435,00-0033857,John,Smith-Schuster,19,J.Smith-Schuster
2019,REG,0,Darius Slayton,WR,NYG,4.806666666666666,2.163035077518718,14.524404761904762,25.00543128502154,48,84,57.14285714285714,740.0,8,3.984375,3.170067805224779,0.8143071947752212,00-0035535,Darius,Slayton,86,D.Slayton
2019,REG,0,Alshon Jeffery,WR,PHI,4.7676388888888885,2.483647299107769,11.209999999999999,16.782676106020457,43,73,58.9041095890411,490.0,4,3.1402325581395347,3.4283617165000035,-0.2881291583604688,00-0029137,Alshon,Jeffery,17,A.Jeffery
2019,REG,0,John Brown,WR,BUF,4.649553571428572,2.3874553614578518,14.16173913043478,36.138429311936385,72,115,62.60869565217392,1060.0,6,3.112777777777777,3.0427590796305406,0.0700186981472366,00-0031051,John,Brown,15,J.Brown
2019,REG,0,Stefon Diggs,WR,MIN,4.621182795698925,2.504979811260199,14.897978723404256,39.780306559556415,63,94,67.02127659574468,1126.0,6,5.098571428571429,4.229065313174703,0.8695061153967254,00-0031588,Stefon,Diggs,14,S.Diggs
2019,REG,0,Preston Williams,WR,MIA,4.540338983050847,2.1255217109725186,14.3445,16.167431830306494,32,60,53.333333333333336,428.0,3,2.42,2.495263625508766,-0.0752636255087662,00-0035350,Preston,Williams,18,P.Williams
2019,REG,0,Dawson Knox,TE,BUF,4.45975,2.8445422268720857,9.4782,10.5160033373571,28,50,56.00000000000001,388.0,2,5.597142857142858,4.594862036034763,1.0022808211080951,00-0035689,Dawson,Knox,88,D.Knox
2019,REG,0,Robby Anderson,WR,NYJ,4.337446808510639,2.173501234922027,15.344375000000001,36.725779549585276,52,96,54.166666666666664,779.0,5,3.8,3.5477605935239307,0.25223940647606913,00-0032688,Robby,Anderson,11,Ro.Anderson
2020,REG,0,Darnell Mooney,WR,CHI,7.62752808988764,3.219063439899961,11.735408163265308,24.448922931056114,61,98,62.244897959183675,631.0,4,4.420327868852459,3.913009416524956,0.5073184523275027,00-0036309,Darnell,Mooney,11,D.Mooney
2020,REG,0,Marquise Brown,WR,BAL,7.455670103092784,3.2657447915639746,13.7479,39.2965556667143,58,100,57.99999999999999,769.0,8,4.845344827586207,3.8761056868566284,0.9692391407295791,00-0035662,Marquise,Brown,15,M.Brown
2020,REG,0,Braxton Berrios,WR,NYJ,7.141666666666667,3.42324568054728,7.707999999999999,10.42884870371236,37,55,67.27272727272727,394.0,3,6.172702702702702,5.614923542776559,0.5577791599261435,00-0034419,Braxton,Berrios,10,B.Berrios
2020,REG,0,Laviska Shenault,WR,JAX,7.064571428571428,3.3113755128203812,6.410253164556963,10.522958256016192,58,79,73.41772151898735,600.0,5,5.222068965517241,4.135107290009778,1.0869616755074638,00-0036268,Laviska,Shenault,10,L.Shenault Jr.
2020,REG,0,Henry Ruggs,WR,LV,6.963589743589744,3.3474026702350392,16.91953488372093,16.758381609407213,26,43,60.46511627906976,452.0,2,5.998076923076924,5.83080015370688,0.16727676937004432,00-0036357,Henry,Ruggs,11,H.Ruggs
2020,REG,0,Cam Sims,WR,WAS,6.951458333333332,3.5246586529186494,10.934166666666668,14.561011202911983,32,48,66.66666666666666,477.0,1,8.1090625,6.475281805924173,1.6337806940758277,00-0034104,Cam,Sims,89,C.Sims
2020,REG,0,Deebo Samuel,WR,SF,6.914634146341462,4.60005230039468,2.106818181818182,2.459362157659175,33,44,75.0,391.0,1,12.269393939393941,7.829263578780611,4.44013036061333,00-0035719,Tyshun,Samuel,19,D.Samuel
2020,REG,0,Robert Woods,WR,LAR,6.900932203389831,3.4120911201123416,7.077906976744186,23.93202941931967,90,129,69.76744186046511,936.0,6,5.669888888888888,5.717379116319747,-0.047490227430858845,00-0030431,Robert,Woods,17,R.Woods
2020,REG,0,Curtis Samuel,WR,CAR,6.805316455696203,3.473624456270824,7.058041237113401,17.1250403343814,77,97,79.38144329896907,851.0,3,4.562987012987013,4.752918988072676,-0.1899319750856634,00-0033282,Curtis,Samuel,10,C.Samuel
2020,REG,0,Corey Davis,WR,TEN,6.779999999999999,2.4113056853050225,12.291956521739133,28.838905465024357,65,92,70.65217391304348,984.0,5,4.483076923076924,4.009703099208185,0.47337382386873905,00-0033871,Corey,Davis,84,C.Davis
2020,REG,0,David Moore,WR,SEA,6.7175,4.093774476688737,9.26872340425532,9.43516370701026,35,47,74.46808510638297,417.0,6,5.173428571428572,4.939943265579102,0.23348530584947014,00-0033589,David,Moore,83,D.Moore
2020,REG,0,Brandin Cooks,WR,HOU,6.692454545454546,2.982509150031544,12.027563025210084,30.350092241141684,81,119,68.0672268907563,1143.0,6,4.318518518518519,3.6840213758180864,0.6344971427004324,00-0031236,Brandin,Cooks,13,B.Cooks
2020,REG,0,Tre'Quan Smith,WR,NO,6.680000000000001,3.484883469912088,9.507800000000001,14.565581731667788,34,50,68.0,448.0,4,3.8558823529411757,2.8928126062000303,0.9630697467411453,00-0034765,Tre'Quan,Smith,10,T.Smith
2020,REG,0,Danny Amendola,WR,DET,6.6728125,3.4342340432477467,8.304202898550724,11.518752977740073,46,69,66.66666666666666,602.0,0,6.553260869565217,5.39282229410541,1.160438575459807,00-0026035,Daniel,Amendola,80,D.Amendola
2020,REG,0,Marvin Jones,WR,DET,6.661071428571428,2.5339970249728228,12.866695652173913,29.745638176185725,76,115,66.08695652173913,978.0,9,2.7855263157894727,2.525771339184228,0.2597549766052447,00-0029293,Marvin,Jones,11,M.Jones
2020,REG,0,Dalton Schultz,TE,DAL,6.64758064516129,3.0650836734815274,6.737191011235954,12.848859136337918,63,89,70.78651685393258,615.0,4,4.491746031746032,3.5372186040896056,0.954527427656426,00-0034383,Dalton,Schultz,86,D.Schultz
2020,REG,0,Hunter Renfrow,WR,LV,6.631029411764706,3.4774215288126977,6.841688311688312,12.1347046425651,56,77,72.72727272727273,656.0,2,6.495892857142855,5.711911941267915,0.78398091587494,00-0034983,Hunter,Renfrow,13,H.Renfrow
2020,REG,0,Demarcus Robinson,WR,KC,6.608245614035087,4.223176900745077,9.587118644067795,11.274062321862079,45,59,76.27118644067797,466.0,3,3.8628888888888877,3.6068188052671037,0.25607008362178396,00-0032775,Demarcus,Robinson,11,D.Robinson
2020,REG,0,Jakeem Grant,WR,MIA,6.589245283018867,3.1467739735857205,10.117777777777778,12.857828694072355,36,54,66.66666666666666,373.0,1,4.798888888888889,3.566878881840959,1.2320100070479305,00-0032791,Jakeem,Grant,19,J.Grant
2020,REG,0,Keelan Cole,WR,JAX,6.579012345679012,3.2609386382485868,11.389204545454545,20.826276953638803,55,88,62.5,642.0,5,3.462727272727273,3.1027834240453487,0.3599438486819242,00-0033681,Keelan,Cole,84,K.Cole Sr.
2020,REG,0,Golden Tate,WR,NYG,6.578958333333335,2.1363611776062816,9.095,12.067689701101795,35,52,67.3076923076923,388.0,2,2.4134285714285713,2.5540160683995183,-0.14058749697094708,00-0027891,Golden,Tate,15,G.Tate III
2020,REG,0,Emmanuel Sanders,WR,NO,6.559506172839505,3.1250955253671084,9.351829268292683,23.495690592838393,61,82,74.39024390243902,726.0,5,2.860655737704917,3.3306203287555327,-0.4699645910506156,00-0027685,Emmanuel,Sanders,17,E.Sanders
2020,REG,0,Hayden Hurst,TE,ATL,6.558548387096774,3.418660985400963,6.696136363636364,10.767951611282173,56,88,63.63636363636363,571.0,6,4.7871428571428565,5.195441399944125,-0.4082985428012682,00-0034830,Hayden,Hurst,81,H.Hurst
2020,REG,0,Amari Cooper,WR,DAL,6.5578125,2.5315409526690544,9.109692307692308,25.37714501225721,92,130,70.76923076923077,1114.0,5,4.61,3.6869751400640007,0.9230248599359996,00-0031544,Amari,Cooper,19,A.Cooper
2020,REG,0,Jalen Reagor,WR,PHI,6.53076923076923,3.281032594239553,13.851481481481482,14.360094763800845,31,54,57.407407407407405,396.0,1,5.553225806451613,5.470692287826298,0.08253351862531577,00-0036387,Jalen,Reagor,18,J.Reagor
2020,REG,0,Eric Ebron,TE,PIT,6.495735294117647,2.9960424945381092,7.624395604395605,14.619355654354289,56,91,61.53846153846154,558.0,5,3.6228571428571428,3.656230578748114,-0.033373435890971415,00-0031387,Eric,Ebron,85,E.Ebron
2020,REG,0,Sterling Shepard,WR,NYG,6.4868539325842685,3.026044201664412,8.160222222222222,18.739697784672853,66,90,73.33333333333333,656.0,3,3.1839393939393936,3.4922379862569866,-0.30829859231759293,00-0032385,Sterling,Shepard,87,S.Shepard
2020,REG,0,Randall Cobb,WR,HOU,6.458292682926828,2.8636152896080707,6.974374999999999,7.098751033736936,38,48,79.16666666666666,441.0,3,4.723421052631578,4.732513176151268,-0.009092123519689466,00-0028002,Randall,Cobb,18,R.Cobb
2020,REG,0,Chris Godwin,WR,TB,6.4354545454545455,2.953453672044493,9.795238095238094,14.691151919866433,65,84,77.38095238095238,840.0,7,4.811692307692309,3.738555946474669,1.0731363612176397,00-0033921,Rod,Godwin,14,C.Godwin
2020,REG,0,Robby Anderson,WR,CAR,6.432755905511811,2.8827387634713024,9.594338235294117,32.6384563625767,95,136,69.85294117647058,1093.0,3,5.475157894736842,4.811136185741002,0.6640217089958398,00-0032688,Robby,Anderson,11,R.Anderson
2020,REG,0,Tee Higgins,WR,CIN,6.4280188679245285,2.4799228597399954,12.045,27.291265435595335,67,108,62.03703703703704,908.0,6,4.621492537313433,3.244749659403016,1.376742877910417,00-0036410,Tamaurice,Higgins,85,T.Higgins
2020,REG,0,Cole Kmet,TE,CHI,6.427096774193548,3.5571709967818976,6.157272727272726,5.759390472303182,28,44,63.63636363636363,243.0,2,5.498928571428571,5.189630391120947,0.309298180307624,00-0036290,Cole,Kmet,85,C.Kmet
2020,REG,0,Dallas Goedert,TE,PHI,6.4071428571428575,2.8509259067268204,8.760153846153848,10.931818443615926,46,65,70.76923076923077,524.0,3,4.491521739130435,4.138771865463368,0.3527498736670669,00-0034351,Dallas,Goedert,88,D.Goedert
2020,REG,0,Anthony Firkser,TE,TEN,6.371621621621622,2.4210218083590065,7.172830188679246,9.694744089970163,39,53,73.58490566037736,387.0,1,3.7053846153846153,3.102038423195095,0.6033461921895205,00-0033455,Anthony,Firkser,86,A.Firkser
2020,REG,0,Cooper Kupp,WR,LAR,6.346637931034483,3.2377422670247293,6.328064516129033,20.567312682494673,92,124,74.19354838709677,974.0,3,5.8128260869565205,4.428676558776318,1.3841495281802025,00-0033908,Cooper,Kupp,10,C.Kupp
2020,REG,0,Mecole Hardman,WR,KC,6.343035714285713,3.408409829710322,10.56032258064516,13.049960336284524,41,62,66.12903225806451,560.0,4,7.199024390243902,6.400721649058064,0.7983027411858377,00-0035140,Mecole,Hardman,17,M.Hardman
2020,REG,0,DeAndre Hopkins,WR,ARI,6.30496855345912,3.142846883761298,8.9670625,33.2071916936309,115,160,71.875,1407.0,6,4.690782608695652,3.629404293483714,1.0613783152119378,00-0030564,DeAndre,Hopkins,10,D.Hopkins
2020,REG,0,Jared Cook,TE,NO,6.297551020408163,2.2008466815976386,11.711,21.528958664619967,37,60,61.66666666666667,504.0,7,3.3056756756756758,2.0086925200277705,1.2969831556479052,00-0027061,Jared,Cook,87,J.Cook
2020,REG,0,Tyler Eifert,TE,JAX,6.290975609756098,2.4778503514365395,8.535,10.641193742038844,36,60,60.0,349.0,2,3.1980555555555554,3.0470493849894162,0.1510061705661392,00-0030549,Tyler,Eifert,88,T.Eifert
2020,REG,0,Jakobi Meyers,WR,NE,6.290133333333334,3.4127916360903354,10.290864197530865,28.29588542603713,59,81,72.8395061728395,729.0,0,3.8045762711864413,3.8641313807546895,-0.05955510956824828,00-0034960,Jakobi,Meyers,16,J.Meyers
2020,REG,0,Michael Pittman,WR,IND,6.276166666666667,3.1740781574080157,8.50311475409836,13.020634601867659,40,61,65.57377049180327,503.0,1,7.08325,5.83581786555059,1.2474321344494097,00-0036252,Michael,Pittman,11,M.Pittman
2020,REG,0,Jarvis Landry,WR,CLE,6.269239130434783,3.2089577951429136,8.78980198019802,21.146141496715313,72,101,71.28712871287128,840.0,3,4.885833333333333,4.1865927124205715,0.6992406209127617,00-0031382,Jarvis,Landry,80,J.Landry
2020,REG,0,Gabriel Davis,WR,BUF,6.266885245901639,3.167483879569995,15.904999999999998,19.454122196137224,35,62,56.451612903225815,599.0,7,3.9342857142857146,3.7027487231820926,0.23153699110362203,00-0036196,Gabriel,Davis,13,G.Davis
2020,REG,0,Antonio Brown,WR,TB,6.250163934426229,3.2126297136176634,8.760483870967741,9.697981484291995,45,62,72.58064516129032,483.0,4,5.747777777777777,5.274193670261415,0.4735841075163627,00-0027793,Antonio,Brown,81,A.Brown
2020,REG,0,Dan Arnold,TE,ARI,6.23810810810811,3.904784194227957,12.61111111111111,13.134932207548133,31,45,68.88888888888889,438.0,4,5.808709677419355,5.3837898718614845,0.42491980555787023,00-0034011,Daniel,Arnold,85,D.Arnold
2020,REG,0,Allen Lazard,WR,GB,6.223333333333334,3.6916468716401,10.180652173913042,11.575385467182766,33,46,71.73913043478261,451.0,3,6.091818181818182,6.452034026250855,-0.3602158444326733,00-0034521,Allen,Lazard,13,A.Lazard
2020,REG,0,Trey Burton,TE,IND,6.222926829268293,3.253626961260987,7.508723404255319,8.859072196003615,28,47,59.57446808510638,250.0,3,3.1674999999999995,3.314748201909096,-0.14724820190909638,00-0030710,Lawrence,Burton,80,T.Burton
2020,REG,0,Kendrick Bourne,WR,SF,6.218,2.8452337081016608,9.648783783783784,18.942925287920474,49,74,66.21621621621621,667.0,2,4.544897959183674,3.472188840655485,1.0727091185281887,00-0033307,Kendrick,Bourne,84,K.Bourne
2020,REG,0,Tyler Lockett,WR,SEA,6.205583333333335,3.3953803506450804,10.005454545454546,28.605030441251948,100,132,75.75757575757575,1054.0,10,3.4657999999999998,4.0285117504045544,-0.5627117504045547,00-0032211,Tyler,Lockett,16,T.Lockett
2020,REG,0,Christian Kirk,WR,ARI,6.191351351351351,3.45400726743457,11.974177215189872,21.894485411545784,48,79,60.75949367088608,621.0,6,3.901875000000001,4.290852385527763,-0.38897738552776184,00-0034775,Christian,Kirk,13,C.Kirk
2020,REG,0,Jalen Guyton,WR,LAC,6.191090909090909,3.0701127569768443,16.405272727272724,19.188351182830452,28,55,50.90909090909091,511.0,3,6.755357142857145,4.957030787958173,1.7983263548989719,00-0035414,Jalen,Guyton,15,J.Guyton
2020,REG,0,Evan Engram,TE,NYG,6.190602409638555,2.947230694005752,7.094220183486239,19.731006925130004,63,109,57.798165137614674,654.0,1,4.7339682539682535,3.822835034784793,0.9111332191834607,00-0033881,Evan,Engram,88,E.Engram
2020,REG,0,Noah Fant,TE,DEN,6.189154929577466,3.4737569946062905,6.9265591397849455,12.758873395658377,62,93,66.66666666666666,673.0,3,6.12016129032258,4.858543879964824,1.261617410357756,00-0035644,Noah,Fant,87,N.Fant
2020,REG,0,Scott Miller,WR,TB,6.188,3.437165888203161,15.31188679245283,14.489925276530395,33,53,62.264150943396224,501.0,3,3.774848484848485,4.119554905194186,-0.3447064203457013,00-0035298,Scott,Miller,10,S.Miller
2020,REG,0,Cole Beasley,WR,BUF,6.186881720430107,3.51071433150835,7.87411214953271,16.62155497247923,82,107,76.63551401869158,967.0,4,4.452804878048781,4.701335437662576,-0.248530559613795,00-0029000,Cole,Beasley,11,C.Beasley
2020,REG,0,Julio Jones,WR,ATL,6.172769230769231,2.7329357101143965,11.734411764705882,14.58130419289702,51,68,75.0,771.0,3,4.7086274509803925,3.284252101176808,1.4243753498035843,00-0027944,Quintorris,Jones,11,J.Jones
2020,REG,0,Willie Snead,WR,BAL,6.159512195121951,3.2268457660593928,8.636458333333332,11.849364013148488,33,48,68.75,432.0,3,6.026969696969696,4.489490310584889,1.537479386384807,00-0030663,Willie,Snead,83,W.Snead
2020,REG,0,Adam Thielen,WR,MIN,6.159423076923077,2.668449227231602,12.134722222222221,32.469092981195644,74,108,68.51851851851852,925.0,14,3.210000000000001,2.938530965514927,0.27146903448507365,00-0030035,Adam,Thielen,19,A.Thielen
2020,REG,0,Robert Tonyan,TE,GB,6.1538775510204085,4.243192497644826,7.873389830508474,11.481953857637912,52,59,88.13559322033898,586.0,11,4.457307692307693,5.850756792760309,-1.3934491004526155,00-0033757,Robert,Tonyan,85,R.Tonyan
2020,REG,0,Larry Fitzgerald,WR,ARI,6.143000000000001,3.3120211133093282,5.915277777777779,9.857564100783703,54,72,75.0,409.0,1,3.557407407407407,3.645406925339284,-0.08799951793187688,00-0022921,Larry,Fitzgerald,11,L.Fitzgerald
2020,REG,0,K.J. Hamler,WR,DEN,6.141764705882352,3.1892486267052083,11.018392857142857,12.221319917604188,30,56,53.57142857142857,381.0,3,4.418333333333333,3.5583349030476588,0.8599984302856742,00-0036412,Kahlee,Hamler,13,K.Hamler
2020,REG,0,JuJu Smith-Schuster,WR,PIT,6.138846153846154,3.0567270458840814,5.827265625,15.716513200868118,97,128,75.78125,831.0,9,4.38618556701031,4.141888591958335,0.24429697505197545,00-0033857,John,Smith-Schuster,19,J.Smith-Schuster
2020,REG,0,Travis Fulgham,WR,PHI,6.100909090909091,2.4917131578078013,13.06313432835821,16.80310401363862,38,67,56.71641791044776,539.0,4,2.8984210526315795,2.3867680857351408,0.5116529668964387,00-0035592,Travis,Fulgham,13,T.Fulgham
2020,REG,0,Christopher Herndon,TE,NYJ,6.088,3.6404059031196843,6.796444444444444,7.523609679538114,31,45,68.88888888888889,287.0,3,4.546129032258063,4.5929903728527375,-0.04686134059467406,00-0034766,Christopher,Herndon,89,C.Herndon
2020,REG,0,DaeSean Hamilton,WR,DEN,6.087142857142857,2.8051718209543752,13.82909090909091,12.051972745999054,23,44,52.27272727272727,293.0,2,3.969130434782609,4.224010739611987,-0.25488030482937774,00-0034370,DaeSean,Hamilton,17,D.Hamilton
2020,REG,0,Calvin Ridley,WR,ATL,6.086571428571428,2.9264692495979574,14.883986013986013,38.893893848163955,90,143,62.93706293706294,1374.0,9,3.0712222222222225,3.0458284758441447,0.025393746378077786,00-0034837,Calvin,Ridley,18,C.Ridley
2020,REG,0,Jamison Crowder,WR,NYJ,6.0845,3.2318027797125466,7.553595505617977,16.537722597642848,59,89,66.29213483146067,699.0,6,5.589491525423728,4.298200759258664,1.2912907661650639,00-0031941,Jamison,Crowder,82,J.Crowder
2020,REG,0,N'Keal Harry,WR,NE,6.038035714285714,2.854030523473694,8.152982456140352,15.775305767056933,33,57,57.89473684210527,309.0,2,3.3327272727272725,2.9321064608299467,0.4006208118973258,00-0035624,N'Keal,Harry,15,N.Harry
2020,REG,0,D.J. Moore,WR,CAR,6.029230769230769,2.510260779717669,13.407881355932204,39.574719285212225,66,118,55.932203389830505,1193.0,4,6.09621212121212,4.254826102503714,1.8413860187084055,00-0034827,Denniston,Moore,12,D.Moore
2020,REG,0,Breshad Perriman,WR,NYJ,5.930833333333333,2.620778233718892,15.574000000000003,22.987058033441006,30,60,50.0,505.0,3,5.662000000000001,4.733315451109865,0.9286845488901356,00-0032054,Breshad,Perriman,19,B.Perriman
2020,REG,0,Mike Gesicki,TE,MIA,5.9181944444444445,2.0491020353898577,11.133882352941177,22.271747418361873,53,85,62.35294117647059,703.0,6,3.7754716981132073,3.341530750383199,0.43394094773000846,00-0034829,Michael,Gesicki,88,M.Gesicki
2020,REG,0,Tyler Boyd,WR,CIN,5.903253012048195,2.741550116144465,8.620636363636363,19.894137935375053,79,110,71.81818181818181,841.0,4,4.76253164556962,3.5931478683363207,1.1693837772332993,00-0033009,Tyler,Boyd,83,T.Boyd
2020,REG,0,CeeDee Lamb,WR,DAL,5.873218390804598,3.015356082812003,9.376486486486488,22.302770301544577,74,111,66.66666666666666,935.0,5,4.560945945945946,4.635239299785805,-0.07429335383985958,00-0036358,Cedarian,Lamb,88,C.Lamb
2020,REG,0,Zach Ertz,TE,PHI,5.858305084745762,2.967404200894425,7.33875,10.144295933373524,36,72,50.0,335.0,1,2.862222222222222,3.1526231731013725,-0.2904009508791505,00-0030061,Zachary,Ertz,86,Z.Ertz
2020,REG,0,Drew Sample,TE,CIN,5.8521875,3.8553461426240454,4.454905660377357,4.953446706024025,40,53,75.47169811320755,349.0,1,5.1995000000000005,4.840522950368609,0.35897704963139176,00-0035631,Drew,Sample,89,D.Sample
2020,REG,0,Zach Pascal,WR,IND,5.831290322580644,2.9433158098848864,10.938873239436619,19.496435385078822,44,71,61.97183098591549,629.0,5,5.584772727272727,4.654480276147283,0.9302924511254442,00-0033251,Zachary,Pascal,14,Z.Pascal
2020,REG,0,Greg Ward,WR,PHI,5.821,3.5234527034270933,6.059240506329114,9.189938449605856,53,79,67.08860759493672,419.0,6,3.032830188679246,3.5792203805890046,-0.5463901919097585,00-0033733,Gregory,Ward,84,G.Ward
2020,REG,0,Damiere Byrd,WR,NE,5.806184210526317,2.981461597646663,11.854415584415584,30.98541347717313,47,77,61.038961038961034,604.0,1,3.493617021276596,4.2802818110909975,-0.7866647898144015,00-0031868,Damiere,Byrd,10,D.Byrd
2020,REG,0,Justin Jefferson,WR,MIN,5.797131147540983,2.6343901965568284,11.500080000000002,35.614547977107755,88,125,70.39999999999999,1400.0,7,5.318977272727273,3.374740373766634,1.944236898960639,00-0036322,Justin,Jefferson,18,J.Jefferson
2020,REG,0,Darren Waller,TE,LV,5.777477477477478,2.953782115922538,7.883931034482759,26.332131710182317,107,145,73.79310344827587,1196.0,9,5.679906542056074,4.868387932476608,0.8115186095794655,00-0031610,Darren,Waller,83,D.Waller
2020,REG,0,Logan Thomas,TE,WAS,5.768918918918919,2.9025726389213498,7.2880909090909105,22.241858606932606,72,110,65.45454545454545,670.0,6,4.099166666666666,3.3990457366549642,0.700120930011702,00-0031260,Logan,Thomas,82,L.Thomas
2020,REG,0,Jimmy Graham,TE,CHI,5.75904761904762,3.0378179744800202,7.101842105263158,11.474137802749594,50,76,65.78947368421053,456.0,8,4.1266,3.96652621323566,0.16007378676434003,00-0027696,Jimmy,Graham,80,J.Graham
2020,REG,0,Gerald Everett,TE,LAR,5.726792452830188,3.6019644774990733,6.309999999999999,10.254299928181632,41,62,66.12903225806451,417.0,1,6.026341463414635,4.983655412288744,1.0426860511258909,00-0033895,Gerald,Everett,81,G.Everett
2020,REG,0,Keenan Allen,WR,LAC,5.726766917293234,2.9445020194984743,7.237823129251701,22.626470563216138,100,147,68.02721088435374,992.0,8,4.651500000000001,4.642977006155443,0.008522993844557902,00-0030279,Keenan,Allen,13,K.Allen
2020,REG,0,Jonnu Smith,TE,TEN,5.722307692307691,3.272765979644888,5.683692307692307,9.4213653635274,41,65,63.07692307692307,448.0,8,6.260487804878049,4.849888360390121,1.4105994444879277,00-0033858,Jonnu,Smith,81,J.Smith
2020,REG,0,Chase Claypool,WR,PIT,5.712242990654206,2.513778395444474,13.304311926605509,30.556269622200226,62,109,56.88073394495413,859.0,9,5.209354838709678,3.4436767496496183,1.7656780890600596,00-0036326,Chase,Claypool,11,C.Claypool
2020,REG,0,Tim Patrick,WR,DEN,5.700263157894736,2.595981617564615,12.461898734177216,19.499485026144836,51,79,64.55696202531645,742.0,6,4.995098039215687,3.9085194590968158,1.0865785801188714,00-0033375,Tim,Patrick,81,T.Patrick
2020,REG,0,T.J. Hockenson,TE,DET,5.689506172839506,3.3251237850143958,7.167425742574258,14.552680619410143,67,101,66.33663366336634,723.0,6,5.062686567164179,5.319777835168202,-0.2570912680040234,00-0035229,Thomas,Hockenson,88,T.Hockenson
2020,REG,0,Chris Conley,WR,JAX,5.675862068965516,2.7858465805720543,10.820317460317462,14.164985256928414,40,63,63.49206349206349,471.0,2,4.70325,3.51405394956612,1.1891960504338797,00-0032128,Christian,Conley,18,C.Conley
2020,REG,0,James Washington,WR,PIT,5.671454545454545,2.2765616170010192,12.993571428571428,15.331970753703198,30,56,53.57142857142857,392.0,5,4.607333333333333,3.324876512479745,1.282456820853588,00-0034676,James,Washington,13,J.Washington
2020,REG,0,George Kittle,TE,SF,5.670377358490566,3.859116871256198,6.921904761904762,11.569348972082128,48,63,76.19047619047619,634.0,2,6.624583333333333,4.351664934478072,2.2729183988552606,00-0033288,George,Kittle,85,G.Kittle
2020,REG,0,Mark Andrews,TE,BAL,5.6320895522388055,2.5955981920808107,10.42590909090909,26.224953551522077,58,88,65.9090909090909,701.0,7,3.386551724137931,3.341108134325743,0.04544358981218766,00-0034753,Mark,Andrews,89,M.Andrews
2020,REG,0,Tyreek Hill,WR,KC,5.626465517241378,3.4330638514174847,13.22511111111111,35.58552812536126,87,135,64.44444444444444,1276.0,15,5.2218390804597705,4.217577847953602,1.0042612325061686,00-0033040,Tyreek,Hill,10,T.Hill
2020,REG,0,Tyler Higbee,TE,LAR,5.625490196078431,3.065636977125739,7.607666666666668,11.964310989258703,44,60,73.33333333333333,521.0,5,5.817045454545454,4.239709345703062,1.5773361088423918,00-0033110,Tyler,Higbee,89,T.Higbee
2020,REG,0,D.J. Chark,WR,JAX,5.609230769230769,2.2804497233154364,14.217096774193546,27.47447755084229,53,93,56.98924731182796,706.0,5,3.3179245283018863,2.933678139656427,0.38424638864545946,00-0034777,Darrell,Chark,17,D.Chark Jr.
2020,REG,0,Isaiah Ford,WR,MIA,5.609210526315789,2.7608451319256404,9.224772727272727,9.552061074450961,28,44,63.63636363636363,276.0,0,2.876071428571428,2.780870324597042,0.0952011039743863,00-0033471,Isaiah,Ford,84,I.Ford
2020,REG,0,Allen Robinson,WR,CHI,5.600753424657534,2.3076742021028633,9.500066225165561,30.49573020236098,102,151,67.54966887417218,1250.0,6,3.6412745098039214,3.274145068721575,0.36712944108234646,00-0031428,Allen,Robinson,12,A.Robinson
2020,REG,0,Michael Gallup,WR,DAL,5.55695238095238,2.7186194355352193,12.126190476190478,27.284084480482747,59,105,56.19047619047619,843.0,5,4.511016949152542,3.2637270450657967,1.2472899040867453,00-0034764,Michael,Gallup,13,M.Gallup
2020,REG,0,Brandon Aiyuk,WR,SF,5.548461538461539,2.7800341384372405,9.6671875,24.621478429510223,60,96,62.5,748.0,5,4.882500000000003,4.0730405189695285,0.8094594810304745,00-0036261,Brandon,Aiyuk,11,B.Aiyuk
2020,REG,0,Jordan Reed,TE,SF,5.539069767441862,2.0924867505134954,8.464782608695655,10.330382275613053,26,46,56.52173913043478,231.0,4,3.2603846153846145,2.5325074084324557,0.7278772069521589,00-0030472,Jordan,Reed,81,J.Reed
2020,REG,0,Marquez Valdes-Scantling,WR,GB,5.532666666666667,3.120286621298216,18.028253968253967,28.07347975895634,33,63,52.38095238095239,690.0,6,7.623939393939393,6.453174686102682,1.1707647078367112,00-0034272,Marquez,Valdes-Scantling,83,M.Valdes-Scantling
2020,REG,0,Anthony Miller,WR,CHI,5.506617647058824,2.956582269264672,9.625263157894736,15.551119586221853,49,76,64.47368421052632,485.0,2,3.1724489795918367,3.8249407224708234,-0.6524917428789867,00-0034353,Anthony,Miller,17,A.Miller
2020,REG,0,Mike Williams,WR,LAC,5.493647058823529,2.081118824413792,15.071176470588238,27.243167144449075,48,85,56.470588235294116,756.0,5,3.4270833333333335,2.656320162509759,0.7707631708235745,00-0033536,Michael,Williams,81,M.Williams
2020,REG,0,Russell Gage,WR,ATL,5.4821,2.819598169622757,8.802660550458715,17.53341800140707,72,109,66.05504587155964,786.0,4,4.086666666666667,4.093116497275221,-0.006449830608554308,00-0034411,Russell,Gage,83,R.Gage
2020,REG,0,Sammy Watkins,WR,KC,5.48,3.6185620963211145,8.076545454545455,8.853778417357958,37,55,67.27272727272727,421.0,2,4.497297297297298,4.850102844428309,-0.35280554713101075,00-0031325,Samuel,Watkins,14,S.Watkins
2020,REG,0,Stefon Diggs,WR,BUF,5.470379746835444,2.9518911362621414,10.242289156626507,33.542188640533446,127,166,76.50602409638554,1535.0,8,3.6747244094488187,3.532189457700051,0.14253495174876774,00-0031588,Stefon,Diggs,14,S.Diggs
2020,REG,0,A.J. Brown,WR,TEN,5.445809523809524,2.404694913284214,11.32141509433962,30.603881365873555,70,106,66.0377358490566,1075.0,11,6.162714285714285,3.6550776018996656,2.50763668381462,00-0035676,Arthur,Brown,11,A.Brown
2020,REG,0,DK Metcalf,WR,SEA,5.427952755905512,2.615326192435222,13.60294573643411,38.00619004611129,83,129,64.34108527131784,1303.0,10,4.733253012048193,3.1945304213628916,1.5387225906853015,00-0035640,DeKaylin,Metcalf,14,D.Metcalf
2020,REG,0,Diontae Johnson,WR,PIT,5.420699300699301,3.16699427028552,8.051388888888887,24.429507574959434,88,144,61.111111111111114,923.0,7,4.6330681818181825,4.3409898100548245,0.29207837176335794,00-0035216,Diontae,Johnson,18,Di.Johnson
2020,REG,0,Darius Slayton,WR,NYG,5.419894736842105,2.3150101130325997,14.059791666666667,34.440401524855446,50,96,52.083333333333336,751.0,3,3.2064000000000004,2.939752340649394,0.2666476593506064,00-0035535,Darius,Slayton,86,D.Slayton
2020,REG,0,Travis Kelce,TE,KC,5.3516935483870975,3.0274271475446954,8.747034482758618,25.279539502270193,105,145,72.41379310344827,1416.0,11,5.846476190476191,4.864403014103026,0.9820731763731656,00-0030506,Travis,Kelce,87,T.Kelce
2020,REG,0,Josh Reynolds,WR,LAR,5.343205128205128,2.4674975656596208,10.782716049382715,22.892759974627676,52,81,64.19753086419753,618.0,2,4.179230769230769,4.101332660837345,0.07789810839342426,00-0033943,Joshua Dedmon-Reynolds,Reynolds,11,J.Reynolds
2020,REG,0,Austin Hooper,TE,CLE,5.33,3.0453617778674453,7.057142857142858,11.76677957058401,46,70,65.71428571428571,435.0,4,3.7697826086956523,5.267558796755116,-1.497776188059464,00-0032392,Austin,Hooper,81,A.Hooper
2020,REG,0,Jordan Akins,TE,HOU,5.3111764705882365,3.6663698294774316,7.763877551020407,8.066964948366168,37,49,75.51020408163265,403.0,1,4.838918918918918,3.604404936241985,1.2345139826769334,00-0034364,Jordan,Akins,88,J.Akins
2020,REG,0,A.J. Green,WR,CIN,5.259117647058823,1.7240434676516958,13.900384615384619,30.328663318354053,47,104,45.19230769230769,523.0,2,2.1051063829787235,1.9204500134740294,0.1846563695046941,00-0027942,Adriel,Green,18,A.Green
2020,REG,0,Terry McLaurin,WR,WAS,5.235546875000001,2.8262907833157573,9.58455223880597,35.63208505113167,87,134,64.92537313432835,1118.0,4,5.816781609195403,4.12553097835819,1.6912506308372128,00-0035659,Terry,McLaurin,17,T.McLaurin
2020,REG,0,Odell Beckham,WR,CLE,5.22560975609756,2.6416206247963983,14.246279069767443,14.59152124927947,23,43,53.48837209302325,319.0,3,1.764347826086956,2.3821929915764524,-0.6178451654894963,00-0031235,Odell,Beckham,13,O.Beckham
2020,REG,0,Mike Evans,WR,TB,5.217102803738319,2.8136680383904884,12.765137614678903,24.843544945675937,70,109,64.22018348623854,1006.0,13,3.814,3.6347371961049504,0.17926280389504967,00-0031408,Mike,Evans,13,M.Evans
2020,REG,0,T.Y. Hilton,WR,IND,5.206666666666667,2.460379168662627,12.689784946236557,29.62521337483683,56,93,60.215053763440864,762.0,5,3.5967857142857147,3.4076815145068706,0.18910419977884407,00-0029608,Eugene,Hilton,13,T.Hilton
2020,REG,0,Hunter Henry,TE,LAC,5.197761194029852,2.469098920961302,8.28043010752688,16.37673639170785,60,93,64.51612903225806,613.0,4,4.156166666666667,3.3912190688306643,0.7649475978360023,00-0033090,Hunter,Henry,86,H.Henry
2020,REG,0,Nelson Agholor,WR,LV,5.183461538461539,2.439920333974401,15.340243902439026,28.974858051067066,48,82,58.536585365853654,896.0,8,5.2593749999999995,4.181145426771966,1.0782295732280334,00-0031549,Nelson,Agholor,15,N.Agholor
2020,REG,0,Michael Thomas,WR,NO,5.10377358490566,2.4856983902568803,9.644909090909092,16.25319030942555,40,55,72.72727272727273,438.0,0,2.0787500000000008,2.3561068975012898,-0.277356897501289,00-0032765,Michael,Thomas,13,M.Thomas
2020,REG,0,Jerry Jeudy,WR,DEN,5.096880733944955,2.6999388325775073,13.915486725663717,31.145024560291567,52,113,46.017699115044245,856.0,3,5.454999999999998,4.0829796622107315,1.3720203377892668,00-0036407,Jerry,Jeudy,10,J.Jeudy
2020,REG,0,Will Fuller,WR,HOU,5.07527027027027,2.976643360066983,12.544,19.949532432833617,53,75,70.66666666666667,879.0,8,5.898679245283018,4.969613797571675,0.9290654477113431,00-0033127,William,Fuller,15,W.Fuller
2020,REG,0,Dawson Knox,TE,BUF,5.042187499999999,3.9694209066443573,8.287272727272727,7.193671210716328,24,44,54.54545454545454,288.0,3,7.232916666666665,5.414871766442498,1.8180449002241676,00-0035689,Dawson,Knox,88,D.Knox
2020,REG,0,Rob Gronkowski,TE,TB,5.002884615384615,2.710043002883795,11.512597402597402,15.827984251827901,45,77,58.44155844155844,623.0,7,5.83688888888889,4.9691770316513315,0.8677118572375582,00-0027656,Robert,Gronkowski,87,R.Gronkowski
2020,REG,0,Davante Adams,WR,GB,4.977142857142858,3.166504884077351,9.086912751677854,33.466065540543894,115,149,77.18120805369128,1374.0,18,5.345739130434782,5.196027881215745,0.14971124921903733,00-0031381,Davante,Adams,17,D.Adams
2020,REG,0,Denzel Mims,WR,NYJ,4.953255813953489,2.134927897603069,15.111136363636364,16.356175908409945,23,44,52.27272727272727,357.0,0,4.959130434782607,3.4924579198816197,1.4666725149009876,00-0036255,Denzel,Mims,11,D.Mims
2020,REG,0,DeVante Parker,WR,MIA,4.826504854368933,1.7382519083106531,10.31504854368932,25.003294706818163,63,103,61.165048543689316,793.0,4,2.9528571428571424,2.2397456150430957,0.7131115278140467,00-0031547,DeVante,Parker,11,D.Parker
2020,REG,0,Rashard Higgins,WR,CLE,4.819615384615384,2.802317658729074,14.38269230769231,17.814523159594696,37,52,71.15384615384616,599.0,4,2.4702702702702695,2.6541109937644256,-0.18384072349415614,00-0032977,Rashard,Higgins,82,R.Higgins
2020,REG,0,John Brown,WR,BUF,4.743076923076924,3.26218547868259,12.843846153846156,13.176034248061711,33,52,63.46153846153846,458.0,3,5.0621212121212125,3.719866683515924,1.3422545286052885,00-0031051,John,Brown,15,J.Brown
2020,REG,0,Irv Smith,TE,MIN,4.692499999999999,2.9899444625870464,8.277209302325582,8.817976859995543,30,43,69.76744186046511,365.0,5,4.426333333333332,4.05386456139477,0.3724687719385624,00-0034970,Irvin,Smith,84,I.Smith
2021,REG,0,Rondale Moore,WR,ARI,7.957272727272727,5.663636697806378,1.1118749999999997,1.6852615399918047,54,64,84.375,435.0,1,8.371296296296295,6.849621543283773,1.5216747530125225,00-0036936,Rondale,Moore,4,R.Moore
2021,REG,0,Devin Duvernay,WR,,7.904749999999998,3.7302892755766934,6.885106382978724,6.1607115659934815,33,47,70.2127659574468,272.0,2,4.539999999999998,4.713766498233957,-0.17376649823395862,00-0036331,Devin,Duvernay,13,D.Duvernay
2021,REG,0,Sterling Shepard,WR,NYG,7.694693877551021,2.618812387855782,7.94811320754717,10.119731133457934,36,53,67.9245283018868,366.0,1,3.259722222222222,3.515493990423016,-0.25577176820079384,00-0032385,Sterling,Shepard,3,S.Shepard
2021,REG,0,Marquise Brown,WR,BAL,7.661544117647058,3.547443575365998,11.52013698630137,32.020850467574405,91,146,62.328767123287676,1008.0,6,4.337032967032966,4.553452978384384,-0.21642001135141786,00-0035662,Marquise,Brown,5,M.Brown
2021,REG,0,Deonte Harris,WR,NO,7.182592592592592,3.629111707167015,10.361355932203388,16.181305155719784,36,59,61.016949152542374,570.0,3,6.88638888888889,5.560030271078478,1.3263586178104116,00-0035215,Deonte,Harris,11,D.Harris
2021,REG,0,Kadarius Toney,WR,NYG,7.138979591836735,3.363215457039522,6.6992982456140355,9.173461200290198,39,57,68.42105263157895,420.0,0,6.1038461538461535,4.498181098648355,1.6056650551977985,00-0036913,Kadarius,Toney,89,K.Toney
2021,REG,0,Darnell Mooney,WR,CHI,7.105238095238095,2.9021977255486555,11.271,36.427141791923404,81,140,57.85714285714286,1055.0,4,5.073703703703704,4.090608236121748,0.9830954675819559,00-0036309,Darnell,Mooney,11,D.Mooney
2021,REG,0,Allen Robinson,WR,CHI,7.097878787878789,1.9389784472967626,11.347878787878788,17.289929982432124,38,66,57.57575757575758,410.0,1,2.629210526315789,2.976438712422824,-0.347228186107035,00-0031428,Allen,Robinson,12,A.Robinson
2021,REG,0,Zay Jones,WR,LV,7.063970588235294,3.3394613197323717,13.853,19.932783818783527,47,70,67.14285714285714,546.0,1,3.892553191489362,2.691524910029428,1.201028281459934,00-0033891,Isaiah,Jones,7,Z.Jones
2021,REG,0,Robby Anderson,WR,CAR,7.046633663366335,2.777792879944084,10.908272727272726,28.029320868693798,53,110,48.18181818181818,519.0,5,2.9347169811320764,3.4601758166350014,-0.525458835502925,00-0032688,Robby,Anderson,11,R.Anderson
2021,REG,0,Jalen Guyton,WR,LAC,7.003555555555555,3.4221027409155726,11.016458333333334,10.499864976490025,31,48,64.58333333333334,448.0,3,4.840967741935484,3.9501030321749813,0.8908647097605025,00-0035414,Jalen,Guyton,15,J.Guyton
2021,REG,0,Tyler Lockett,WR,SEA,6.986736842105263,3.2250078353518954,14.878037383177567,35.576527693352865,73,107,68.22429906542055,1175.0,8,4.151780821917808,3.9310103380404793,0.22077048387732878,00-0032211,Tyler,Lockett,16,T.Lockett
2021,REG,0,Rashod Bateman,WR,BAL,6.907272727272726,2.662842684306441,9.174264705882353,11.876884766517408,46,68,67.64705882352942,515.0,1,3.8791304347826085,3.1370070981118117,0.7421233366707969,00-0036550,Rashod,Bateman,12,R.Bateman
2021,REG,0,Cameron Brate,TE,TB,6.846666666666666,2.5636769989365455,7.659122807017544,7.637055735445129,30,57,52.63157894736842,245.0,4,2.9133333333333327,3.6475665579707632,-0.7342332246374306,00-0031273,Cameron,Brate,84,C.Brate
2021,REG,0,Mecole Hardman,WR,KC,6.82927536231884,4.122586127723884,7.163132530120483,12.764038961512952,59,83,71.08433734939759,693.0,2,8.750677966101694,6.538327236941041,2.2123507291606535,00-0035140,Mecole,Hardman,17,M.Hardman
2021,REG,0,Kalif Raymond,WR,DET,6.809130434782608,3.703546754644781,10.012957746478873,19.07946646627842,48,71,67.6056338028169,576.0,4,6.010625,5.449962812429114,0.5606621875708857,00-0032464,Kalif,Raymond,11,K.Raymond
2021,REG,0,Amari Cooper,WR,DAL,6.786153846153845,2.607778832721773,11.202596153846155,22.68716762375448,68,104,65.38461538461539,865.0,8,3.713088235294118,3.4184878687269125,0.29460036656720545,00-0031544,Amari,Cooper,19,A.Cooper
2021,REG,0,Cole Beasley,WR,BUF,6.769278350515464,4.00100735319073,5.363482142857144,11.229378721176941,82,112,73.21428571428571,693.0,1,3.9499999999999997,4.4226351130323325,-0.47263511303233274,00-0029000,Cole,Beasley,11,C.Beasley
2021,REG,0,Darius Slayton,WR,NYG,6.762241379310345,2.9677173400443895,13.423448275862066,18.703425213685478,26,58,44.827586206896555,339.0,2,2.6230769230769218,3.034228005007341,-0.41115108193041916,00-0035535,Darius,Slayton,86,D.Slayton
2021,REG,0,Corey Davis,WR,NYJ,6.759473684210525,2.6700590654322283,13.097118644067796,18.06528686617899,34,59,57.6271186440678,492.0,4,3.6023529411764694,2.6478314037131483,0.9545215374633211,00-0033871,Corey,Davis,84,C.Davis
2021,REG,0,Gerald Everett,TE,SEA,6.740000000000001,4.134476052880254,5.455079365079367,7.680257088711698,48,63,76.19047619047619,478.0,4,5.307291666666666,4.495883592704384,0.8114080739622818,00-0033895,Gerald,Everett,81,G.Everett
2021,REG,0,Adam Humphries,WR,WAS,6.722264150943396,3.2064886385923006,7.122258064516129,10.599310629554598,41,62,66.12903225806451,383.0,0,3.889024390243902,4.3112525547659395,-0.4222281645220374,00-0032009,Adam,Humphries,13,A.Humphries
2021,REG,0,Deebo Samuel,WR,,6.697747747747746,3.320780213898697,8.65190082644628,26.61290937608834,77,121,63.63636363636363,1397.0,6,10.3712987012987,5.173695638553282,5.197603062745419,00-0035719,Tyshun,Samuel,19,D.Samuel
2021,REG,0,Jalen Reagor,WR,PHI,6.696315789473685,2.8799380316634937,10.051929824561402,14.13180741910024,33,57,57.89473684210527,299.0,2,4.440303030303031,4.800664831138769,-0.36036180083573743,00-0036387,Jalen,Reagor,18,J.Reagor
2021,REG,0,Laviska Shenault,WR,JAX,6.692584269662921,3.6496709514602172,5.762399999999999,12.246719628670894,63,100,63.0,619.0,0,6.566507936507937,4.834031740866362,1.732476195641575,00-0036268,Laviska,Shenault,10,L.Shenault
2021,REG,0,Amon-Ra St. Brown,WR,DET,6.662577319587627,3.4853048317583735,7.2039495798319315,23.007165669198358,90,119,75.63025210084034,912.0,5,4.825444444444443,4.113220312176523,0.7122241322679201,00-0036963,Amon-Ra,St. Brown,14,A.St. Brown
2021,REG,0,Braxton Berrios,WR,NYJ,6.6355172413793095,4.0922357067118424,4.74123076923077,7.204793532565115,46,65,70.76923076923077,409.0,2,5.578478260869565,5.10654811857684,0.4719301422927247,00-0034419,Braxton,Berrios,10,B.Berrios
2021,REG,0,Tre'Quan Smith,WR,NO,6.61,2.356899085133115,9.934800000000001,13.148435390715576,32,50,64.0,377.0,3,3.6821875000000004,2.7936857200944027,0.8885017799055976,00-0034765,Tre'Quan,Smith,10,T.Smith
2021,REG,0,Hunter Renfrow,WR,LV,6.583805309734515,3.393140888393014,6.5453125,17.221320068243948,103,128,80.46875,1038.0,9,4.64135922330097,4.614241637024221,0.027117586276749428,00-0034983,Hunter,Renfrow,13,H.Renfrow
2021,REG,0,Cooper Kupp,WR,,6.565126582278481,3.6306120900679146,8.382879581151833,31.314148699815362,145,191,75.91623036649214,1947.0,16,6.156896551724138,4.849522867847579,1.307373683876559,00-0033908,Cooper,Kupp,10,C.Kupp
2021,REG,0,Jaylen Waddle,WR,MIA,6.519593495934959,3.3368771186152197,6.790785714285715,21.99134419434158,104,140,74.28571428571429,1015.0,6,4.5749038461538465,4.2261415203388175,0.348762325815029,00-0036613,Jaylen,Waddle,17,J.Waddle
2021,REG,0,Ricky Seals-Jones,TE,WAS,6.510606060606061,3.5148706295025933,6.359795918367345,7.480101389302273,30,49,61.224489795918366,271.0,2,4.895333333333335,4.682410524394524,0.21292280893881088,00-0033611,Roderick,Seals-Jones,83,R.Seals-Jones
2021,REG,0,Mike Gesicki,TE,MIA,6.506262626262625,2.7814075355909087,8.700714285714286,22.541179845065244,73,112,65.17857142857143,780.0,2,3.455068493150685,3.854940774159224,-0.3998722810085389,00-0034829,Michael,Gesicki,88,M.Gesicki
2021,REG,0,Olamide Zaccheaus,WR,ATL,6.504000000000001,2.454409475956601,9.651132075471699,12.646957742926865,31,53,58.490566037735846,406.0,3,3.087741935483871,2.6384069762309115,0.44933495925295963,00-0035208,Olamide,Zaccheaus,17,O.Zaccheaus
2021,REG,0,Kendrick Bourne,WR,NE,6.433970588235293,3.298332501040528,8.481571428571426,14.00345304193181,55,70,78.57142857142857,800.0,5,7.117636363636364,4.389565524616543,2.7280708390198205,00-0033307,Kendrick,Bourne,84,K.Bourne
2021,REG,0,Jerry Jeudy,WR,DEN,6.382093023255814,3.5815596715801434,10.39375,13.273539123930458,38,56,67.85714285714286,467.0,0,5.0894736842105255,4.0478168767373806,1.041656807473145,00-0036407,Jerry,Jeudy,10,J.Jeudy
2021,REG,0,Jamison Crowder,WR,NYJ,6.373174603174602,3.445735907780116,5.9877464788732375,9.938911916735044,51,71,71.83098591549296,447.0,2,3.4298039215686273,3.3085162384349305,0.12128768313369687,00-0031941,Jamison,Crowder,82,J.Crowder
2021,REG,0,Brandin Cooks,WR,HOU,6.35568,3.257264016889394,10.6305223880597,36.7483244503836,90,134,67.16417910447761,1028.0,6,3.8865555555555558,3.6059085397828907,0.28064701577266504,00-0031236,Brandin,Cooks,13,B.Cooks
2021,REG,0,Mark Andrews,TE,,6.350960000000001,3.0550902755485985,10.454313725490195,30.45154436626153,107,153,69.93464052287581,1361.0,9,4.493364485981308,3.8542639342960343,0.6391005516852739,00-0034753,Mark,Andrews,89,M.Andrews
2021,REG,0,Chris Godwin,WR,TB,6.347079646017698,3.290494590203812,7.308661417322834,16.23729329463813,98,127,77.16535433070865,1103.0,5,6.263877551020408,5.361638865662791,0.9022386853576165,00-0033921,Rod,Godwin,14,C.Godwin
2021,REG,0,Tyler Boyd,WR,CIN,6.34407894736842,3.169977055618785,8.028936170212768,17.28198869269926,67,94,71.27659574468085,828.0,5,5.873432835820894,5.157607702295264,0.7158251335256294,00-0033009,Tyler,Boyd,83,T.Boyd
2021,REG,0,Michael Pittman,WR,IND,6.340238095238095,2.76280033927554,9.691937984496123,31.27518692418721,88,129,68.21705426356588,1082.0,6,4.100681818181818,3.828703451772691,0.2719783664091273,00-0036252,Michael,Pittman,11,M.Pittman
2021,REG,0,Antonio Brown,WR,TB,6.337118644067798,3.4108880178849326,11.16225806451613,12.106422320068159,42,62,67.74193548387096,545.0,4,4.892380952380951,4.281868842906537,0.6105121094744144,00-0027793,Antonio,Brown,81,A.Brown
2021,REG,0,C.J. Uzomah,TE,CIN,6.3145999999999995,3.6573598852013554,4.577777777777777,6.603939923381471,49,63,77.77777777777779,493.0,5,6.212653061224492,4.394511315330987,1.818141745893505,00-0032134,Christopher,Uzomah,87,C.Uzomah
2021,REG,0,CeeDee Lamb,WR,DAL,6.310090909090909,3.0678401352748037,10.629,24.837158763633397,79,120,65.83333333333333,1102.0,6,5.651772151898734,3.6198266823483065,2.0319454695504273,00-0036358,Cedarian,Lamb,88,C.Lamb
2021,REG,0,Cedrick Wilson,WR,DAL,6.2971111111111115,3.641353164570318,9.479672131147542,11.260337619295203,45,61,73.77049180327869,602.0,6,6.2091111111111115,4.969084761360317,1.2400263497507948,00-0034418,Cedrick,Wilson,1,C.Wilson
2021,REG,0,Rashard Higgins,WR,CLE,6.292,2.7902344878836436,11.670638297872342,13.409050351164971,24,47,51.06382978723404,275.0,1,1.7587499999999994,2.244507042158325,-0.4857570421583255,00-0032977,Rashard,Higgins,82,R.Higgins
2021,REG,0,DK Metcalf,WR,SEA,6.288095238095239,2.5848692168750347,12.73248062015504,36.705983838094895,75,129,58.139534883720934,967.0,12,4.588133333333334,2.947574352250816,1.6405589810825183,00-0035640,DeKaylin,Metcalf,14,D.Metcalf
2021,REG,0,Evan Engram,TE,NYG,6.264166666666667,3.4021816268153793,5.130410958904111,8.997131641786744,46,73,63.013698630136986,408.0,3,4.405869565217391,4.640360172781814,-0.23449060756442286,00-0033881,Evan,Engram,88,E.Engram
2021,REG,0,Odell Beckham,WR,LAR,6.261951219512195,2.631560672147918,13.178658536585365,21.134845260819212,44,82,53.65853658536586,537.0,5,3.6945454545454552,3.6617188386890005,0.032826615856454744,00-0031235,Odell,Beckham,3,O.Beckham
2021,REG,0,Darren Waller,TE,LV,6.217183098591549,2.852018169062335,10.026881720430108,19.16791712059857,55,93,59.13978494623656,665.0,2,4.9176363636363645,4.447781095926232,0.4698552677101322,00-0031610,Darren,Waller,83,D.Waller
2021,REG,0,Robert Woods,WR,LAR,6.201515151515153,3.780679239585852,8.500144927536232,11.470687173389235,45,69,65.21739130434783,556.0,4,4.764222222222222,4.7187625349715425,0.045459687250679615,00-0030431,Robert,Woods,2,R.Woods
2021,REG,0,T.J. Hockenson,TE,DET,6.1909230769230765,2.81207574444901,7.475119047619048,16.851667963822763,61,84,72.61904761904762,583.0,4,3.565245901639344,3.5283668444853165,0.03687905715402762,00-0035229,Thomas,Hockenson,88,T.Hockenson
2021,REG,0,Marvin Jones,WR,JAX,6.125966386554622,2.4602012466168253,12.780666666666667,32.59501069016379,73,120,60.83333333333333,832.0,4,1.8457534246575344,2.614532536861155,-0.7687791122036207,00-0029293,Marvin,Jones,11,M.Jones
2021,REG,0,Tyreek Hill,WR,,6.119591836734694,3.5866316882727016,10.401132075471699,35.5046125639501,111,159,69.81132075471697,1239.0,9,4.098198198198198,3.763652824775516,0.3345453734226824,00-0033040,Tyreek,Hill,10,T.Hill
2021,REG,0,Jarvis Landry,WR,CLE,6.118765432098766,2.9965228876779557,8.287356321839082,17.625474555512916,52,87,59.77011494252874,570.0,2,5.259038461538462,4.833968133212803,0.42507032832565894,00-0031382,Jarvis,Landry,80,J.Landry
2021,REG,0,A.J. Brown,WR,TEN,6.111111111111111,2.640335918704501,12.049904761904761,32.10902308112017,63,105,60.0,869.0,5,3.6536507936507943,3.486857002234314,0.1667937914164801,00-0035676,Arthur,Brown,11,A.Brown
2021,REG,0,DeVonta Smith,WR,PHI,6.097920792079208,2.3200671310559837,14.811153846153843,37.992304656669305,64,104,61.53846153846154,916.0,5,2.9459374999999994,2.6702383455055956,0.27569915449440385,00-0036912,DeVonta,Smith,6,D.Smith
2021,REG,0,Van Jefferson,WR,LAR,6.081379310344826,2.5438563258612215,13.629662921348315,23.724066714647797,50,89,56.17977528089888,802.0,6,4.6786,4.631354445990845,0.0472455540091552,00-0036415,Vanchii,Jefferson,12,V.Jefferson
2021,REG,0,Russell Gage,WR,ATL,6.081358024691359,3.101704611897956,9.420744680851065,21.895003869423647,66,94,70.2127659574468,771.0,4,4.130606060606061,3.7133669675434318,0.4172390930626291,00-0034411,Russell,Gage,14,R.Gage
2021,REG,0,Zach Pascal,WR,IND,6.0660655737704925,3.200508008891377,9.4168115942029,16.25371159267663,38,69,55.072463768115945,384.0,3,3.2584210526315793,3.407687024305554,-0.14926597167397482,00-0033251,Zachary,Pascal,14,Z.Pascal
2021,REG,0,Adam Thielen,WR,MIN,6.061868131868132,3.1240155458580188,9.747263157894738,20.35975145883812,67,95,70.52631578947368,726.0,10,3.77776119402985,3.635868096493071,0.1418930975367787,00-0030035,Adam,Thielen,19,A.Thielen
2021,REG,0,A.J. Green,WR,ARI,6.052087912087912,2.512337025728572,12.363043478260874,26.936712697957837,54,92,58.69565217391305,848.0,3,4.001296296296297,3.541295591133527,0.4600007051627699,00-0027942,Adriel,Green,18,A.Green
2021,REG,0,Dallas Goedert,TE,PHI,6.045,3.574250972076271,8.247763157894736,15.46048737174428,56,76,73.68421052631578,830.0,4,7.048392857142858,5.392866698885181,1.6555261582576764,00-0034351,Dallas,Goedert,88,D.Goedert
2021,REG,0,Tim Patrick,WR,DEN,6.0382278481012674,2.7579117542053315,11.990235294117648,23.241977268166316,53,85,62.35294117647059,734.0,5,4.145849056603775,3.0891518377596427,1.0566972188441324,00-0033375,Tim,Patrick,81,T.Patrick
2021,REG,0,Zach Ertz,TE,ARI,6.006595744680851,3.161096317720252,7.659732142857143,21.15948105761642,74,112,66.07142857142857,763.0,5,4.815405405405405,4.734857671569865,0.08054773383554004,00-0030061,Zachary,Ertz,86,Z.Ertz
2021,REG,0,Tee Higgins,WR,CIN,6.000733944954128,2.268951119376171,12.096818181818183,30.46994680668363,74,110,67.27272727272727,1091.0,6,4.0082432432432435,2.9197578876309733,1.0884853556122702,00-0036410,Tamaurice,Higgins,85,T.Higgins
2021,REG,0,Christian Kirk,WR,ARI,5.999787234042554,3.379195378249628,11.434271844660197,27.89183633353779,77,103,74.75728155339806,982.0,5,3.263896103896104,4.109475585394576,-0.8455794814984721,00-0034775,Christian,Kirk,13,C.Kirk
2021,REG,0,Quez Watkins,WR,PHI,5.997636363636364,3.3748816275932096,12.328225806451615,18.852357932123134,43,62,69.35483870967742,647.0,1,6.040000000000001,4.238913016454524,1.8010869835454768,00-0036271,Terrance,Watkins,16,Q.Watkins
2021,REG,0,Keenan Allen,WR,,5.984397163120567,3.154428759718232,8.53248407643312,26.599631465243355,106,157,67.51592356687898,1138.0,6,3.4380188679245283,3.834647703470501,-0.3966288355459726,00-0030279,Keenan,Allen,13,K.Allen
2021,REG,0,Kenny Golladay,WR,NYG,5.979600000000001,1.7375851345858915,13.700263157894737,25.01333282084052,37,76,48.68421052631579,521.0,0,3.2489189189189185,3.4471065068891065,-0.19818758797018798,00-0033932,Kenneth,Golladay,19,K.Golladay
2021,REG,0,Tyler Higbee,TE,LAR,5.962467532467532,3.1039976555197994,5.32035294117647,8.844501987045087,61,85,71.76470588235294,560.0,5,4.812131147540984,5.70513673283133,-0.8930055852903465,00-0033110,Tyler,Higbee,89,T.Higbee
2021,REG,0,Marquez Valdes-Scantling,WR,GB,5.941698113207546,2.3729497686210688,17.12690909090909,21.643467991342426,26,55,47.27272727272727,430.0,3,6.002307692307694,5.1158226488222445,0.8864850434854494,00-0034272,Marquez,Valdes-Scantling,83,M.Valdes-Scantling
2021,REG,0,Jared Cook,TE,LAC,5.937681159420291,2.770401527564225,8.691325301204818,14.324008768585589,48,83,57.831325301204814,564.0,4,5.282291666666667,4.706432333946728,0.5758593327199382,00-0027061,Jared,Cook,87,J.Cook
2021,REG,0,Calvin Ridley,WR,ATL,5.933269230769231,3.0348152815582257,9.90326923076923,12.73250538381468,31,52,59.61538461538461,281.0,2,3.056129032258066,3.479749933338793,-0.42362090108072703,00-0034837,Calvin,Ridley,18,C.Ridley
2021,REG,0,Tyler Johnson,WR,TB,5.903076923076924,2.920683237790749,8.002727272727274,7.699681796633239,36,55,65.45454545454545,360.0,0,4.076388888888889,3.42456444965433,0.6518244392345593,00-0036427,Tyler,Johnson,18,T.Johnson
2021,REG,0,Kyle Pitts,TE,,5.892021276595745,2.294515135466167,10.489454545454544,28.528407503467644,68,110,61.81818181818181,1026.0,1,5.231470588235292,3.760056092761279,1.4714144954740132,00-0036970,Kyle,Pitts,8,K.Pitts
2021,REG,0,Sammy Watkins,WR,BAL,5.891632653061224,3.069747674039801,12.666530612244898,11.81615340095647,27,49,55.10204081632652,394.0,1,4.462962962962961,3.883620931922595,0.5793420310403659,00-0031325,Samuel,Watkins,14,S.Watkins
2021,REG,0,Josh Reynolds,WR,DET,5.883333333333333,2.690538669932927,13.787551020408165,18.131290088832834,29,49,59.183673469387756,396.0,2,4.127586206896551,3.2249543136317236,0.9026318932648278,00-0033943,Joshua Dedmon-Reynolds,Reynolds,8,J.Reynolds
2021,REG,0,Elijah Moore,WR,NYJ,5.850526315789474,3.4411460129809357,11.91831168831169,21.454705278636936,43,77,55.84415584415584,538.0,5,5.097906976744186,4.662041136477697,0.435865840266489,00-0036980,Elijah,Moore,8,E.Moore
2021,REG,0,Noah Fant,TE,DEN,5.818208955223881,4.101818712656946,6.034888888888888,12.386204002700092,68,90,75.55555555555556,670.0,4,4.9794117647058815,4.603813362236772,0.3755984024691097,00-0035644,Noah,Fant,87,N.Fant
2021,REG,0,Dan Arnold,TE,JAX,5.781562500000001,3.351918211483271,6.619423076923076,7.315429965612955,35,52,67.3076923076923,408.0,0,5.625142857142857,4.7735789144238545,0.851563942719002,00-0034011,Daniel,Arnold,85,D.Arnold
2021,REG,0,George Kittle,TE,,5.762266666666666,3.0905727466217323,7.776276595744681,18.58210909238814,71,94,75.53191489361703,910.0,6,6.669718309859154,4.811127713941079,1.8585905959180753,00-0033288,George,Kittle,85,G.Kittle
2021,REG,0,Marquez Callaway,WR,NO,5.755180722891566,2.833434106805715,12.91095238095238,28.706649655632432,46,84,54.761904761904766,698.0,6,3.108695652173913,2.714443245554135,0.3942524066197781,00-0036219,Marquez,Callaway,1,M.Callaway
2021,REG,0,Allen Lazard,WR,GB,5.751666666666667,2.6435074301034764,10.923666666666668,15.05930252328675,40,60,66.66666666666666,513.0,8,5.183750000000002,4.601709294546308,0.5820407054536938,00-0034521,Allen,Lazard,13,A.Lazard
2021,REG,0,Donovan Peoples-Jones,WR,CLE,5.722068965517242,2.1144548401272063,14.998448275862069,21.26570952924582,34,58,58.620689655172406,597.0,3,4.8955882352941185,3.6011883003023835,1.294399934991735,00-0036233,Donovan,Peoples-Jones,11,D.Peoples-Jones
2021,REG,0,Hunter Henry,TE,NE,5.719310344827584,2.6939351546123214,9.906133333333333,17.52371607692924,50,75,66.66666666666666,603.0,9,3.3939999999999997,3.6523982278582836,-0.2583982278582839,00-0033090,Hunter,Henry,85,H.Henry
2021,REG,0,Emmanuel Sanders,WR,BUF,5.714305555555556,2.9177028261877918,15.002777777777778,20.192730093747947,42,72,58.333333333333336,626.0,4,2.5576190476190477,2.6958310009649433,-0.13821195334589564,00-0027685,Emmanuel,Sanders,1,E.Sanders
2021,REG,0,Justin Jefferson,WR,,5.664424242424243,2.979162932406609,12.33994011976048,45.31017075112023,108,167,64.67065868263472,1616.0,10,4.73787037037037,3.95846814644729,0.7794022239230798,00-0036322,Justin,Jefferson,18,J.Jefferson
2021,REG,0,K.J. Osborn,WR,MIN,5.628552631578948,2.7642276002737436,10.492195121951218,18.91674398765209,50,82,60.97560975609756,655.0,7,3.898,3.4055439674080916,0.4924560325919085,00-0036345,K.J.,Osborn,17,K.Osborn
2021,REG,0,Laquon Treadwell,WR,JAX,5.627551020408164,2.944829729854694,12.28,13.310210275308915,33,51,64.70588235294117,434.0,1,3.778484848484849,3.140774433491888,0.6377104149929607,00-0032951,Laquon,Treadwell,18,L.Treadwell
2021,REG,0,Keelan Cole,WR,NYJ,5.6126,2.657046183911194,13.666274509803921,16.294363671643953,28,51,54.90196078431373,449.0,1,3.201785714285713,2.0025349425243903,1.1992507717613226,00-0033681,Keelan,Cole,88,K.Cole
2021,REG,0,D.J. Moore,WR,CAR,5.607682119205299,2.656482565158929,10.57355828220859,40.25989801233849,93,163,57.05521472392638,1157.0,4,4.996236559139784,4.556255618657085,0.4399809404826991,00-0034827,Denniston,Moore,2,D.Moore
2021,REG,0,Terry McLaurin,WR,WAS,5.588487394957982,2.4483050759453833,13.354230769230767,41.67066719153553,77,130,59.23076923076923,1053.0,5,4.13896103896104,3.265498465983591,0.873462572977449,00-0035659,Terry,McLaurin,17,T.McLaurin
2021,REG,0,Travis Kelce,TE,,5.53214953271028,3.305093756682105,7.151641791044777,20.57394593735845,92,134,68.65671641791045,1125.0,9,6.401630434782609,4.819406397943361,1.5822240368392482,00-0030506,Travis,Kelce,87,T.Kelce
2021,REG,0,Brandon Aiyuk,WR,SF,5.5196202531645575,2.9427785694705513,9.886428571428572,21.11126081352813,56,84,66.66666666666666,826.0,5,6.712142857142857,4.166543338285306,2.545599518857551,00-0036261,Brandon,Aiyuk,11,B.Aiyuk
2021,REG,0,Ray-Ray McCloud,WR,PIT,5.506610169491526,3.0799188070387933,6.19621212121212,9.371505307349624,39,66,59.09090909090909,277.0,0,3.05025641025641,3.270465886143322,-0.2202094758869122,00-0034407,Ray-Ray,McCloud,14,R.McCloud
2021,REG,0,Julio Jones,WR,TEN,5.460212765957447,2.427074285897147,12.073958333333337,14.707711048230534,31,48,64.58333333333334,434.0,1,3.9222580645161274,2.9311966030209287,0.9910614614951987,00-0027944,Quintorris,Jones,2,J.Jones
2021,REG,0,Pat Freiermuth,TE,PIT,5.4525000000000015,3.267817047006059,5.823417721518988,10.542513795442463,60,79,75.9493670886076,497.0,7,4.199500000000001,3.1769820857302182,1.0225179142697831,00-0036894,Pat,Freiermuth,88,P.Freiermuth
2021,REG,0,Dalton Schultz,TE,DAL,5.376543209876543,3.511319663390142,6.901442307692307,13.976597596667817,78,104,75.0,808.0,8,4.652435897435898,4.408078670835378,0.24435722660051962,00-0034383,Dalton,Schultz,86,D.Schultz
2021,REG,0,Cole Kmet,TE,CHI,5.368955223880598,3.2846745961093147,7.5032258064516135,16.108888514394813,60,93,64.51612903225806,612.0,0,4.6770000000000005,4.104694179348875,0.5723058206511258,00-0036290,Cole,Kmet,85,C.Kmet
2021,REG,0,Jakobi Meyers,WR,NE,5.368695652173912,2.753380933897082,9.587222222222222,28.492077344365452,83,126,65.87301587301587,866.0,2,2.988915662650603,3.2171216639582223,-0.22820600130761948,00-0034960,Jakobi,Meyers,16,J.Meyers
2021,REG,0,Jonnu Smith,TE,NE,5.356857142857143,3.961486073576757,5.274666666666667,5.598456509125558,28,45,62.22222222222222,294.0,1,8.66892857142857,6.655026421672959,2.0139021497556104,00-0033858,Jonnu,Smith,81,J.Smith
2021,REG,0,Byron Pringle,WR,KC,5.333260869565217,4.11533941172175,10.748499999999998,13.845420605290334,42,60,70.0,568.0,5,4.760238095238097,3.9935024025296704,0.7667356927084263,00-0034297,Byron,Pringle,13,B.Pringle
2021,REG,0,Nick Westbrook-Ikhine,WR,TEN,5.328039215686275,2.730466171606113,10.375263157894736,15.008184344427663,38,57,66.66666666666666,476.0,4,4.197368421052632,4.176829434244881,0.020538986807751236,00-0036182,Nicholas,Westbrook-Ikhine,15,N.Westbrook-Ikhine
2021,REG,0,Davante Adams,WR,,5.294171779141104,2.9521246706389666,9.073313609467457,35.23204036523553,123,169,72.7810650887574,1553.0,11,5.41439024390244,4.849339048544954,0.5650511953574853,00-0031381,Davante,Adams,17,D.Adams
2021,REG,0,DeAndre Hopkins,WR,ARI,5.2915624999999995,2.829417514372512,12.639062500000001,19.1569429412503,42,64,65.625,572.0,8,3.4569047619047617,2.9441063439138713,0.5127984179908904,00-0030564,DeAndre,Hopkins,10,D.Hopkins
2021,REG,0,Nico Collins,WR,HOU,5.288500000000001,2.360439686621562,11.310166666666666,17.506462281430416,33,60,55.00000000000001,448.0,1,3.731818181818182,3.407342215413615,0.3244759664045671,00-0036554,Nico,Collins,12,N.Collins
2021,REG,0,Michael Gallup,WR,DAL,5.278548387096774,2.3762068327001495,11.889354838709677,14.354175064308903,35,62,56.451612903225815,445.0,2,3.8068571428571416,3.3513052543688255,0.45555188848831607,00-0034764,Michael,Gallup,13,M.Gallup
2021,REG,0,Tyler Conklin,TE,MIN,5.275076923076923,3.506495400887275,5.51793103448276,10.555084056339515,61,87,70.11494252873564,593.0,3,5.56950819672131,5.670115765460989,-0.10060756873967858,00-0034270,Tyler,Conklin,83,T.Conklin
2021,REG,0,Dawson Knox,TE,BUF,5.272758620689656,3.9503061195897695,7.158873239436619,9.50153754124255,49,71,69.01408450704226,587.0,9,6.122040816326531,5.31802494891876,0.8040158674077711,00-0035689,Dawson,Knox,88,D.Knox
2021,REG,0,Mo Alie-Cox,TE,IND,5.267560975609756,3.4028613594435413,10.348444444444443,11.64896025375162,24,45,53.333333333333336,316.0,4,6.53875,4.802447727565469,1.7363022724345312,00-0033217,Mo,Alie-Cox,81,M.Alie-Cox
2021,REG,0,Mike Williams,WR,LAC,5.2667441860465125,2.4632850504922827,11.564651162790701,29.622569576820446,76,129,58.91472868217055,1146.0,9,5.850263157894737,4.446411903093125,1.4038512548016122,00-0033536,Michael,Williams,81,M.Williams
2021,REG,0,Gabriel Davis,WR,BUF,5.255322580645162,2.5960470479559143,14.08904761904762,16.59254689734458,35,63,55.55555555555556,549.0,6,4.026571428571429,3.5838759595586662,0.44269546901276247,00-0036196,Gabriel,Davis,13,G.Davis
2021,REG,0,Josh Palmer,WR,LAC,5.252727272727272,2.545687352465583,10.13469387755102,9.86068750794256,33,49,67.3469387755102,353.0,4,3.045454545454545,3.043100260666396,0.0023542847881490303,00-0036988,Josh,Palmer,5,J.Palmer
2021,REG,0,DeVante Parker,WR,MIA,5.186164383561643,1.709465776863593,11.846027397260274,20.003192146394618,40,73,54.794520547945204,515.0,2,3.2029999999999994,2.6260761891859112,0.5769238108140882,00-0031547,DeVante,Parker,11,D.Parker
2021,REG,0,Courtland Sutton,WR,DEN,5.151063829787234,2.4701778485874994,15.431122448979592,34.4865725284148,58,98,59.183673469387756,776.0,2,2.4898275862068955,2.9842418747201584,-0.49441428851326297,00-0034348,Courtland,Sutton,14,C.Sutton
2021,REG,0,Chase Claypool,WR,PIT,5.123823529411765,2.350317682242599,11.32504761904762,27.250123746493855,59,105,56.19047619047619,848.0,2,5.442881355932204,4.043812137879622,1.3990692180525812,00-0036326,Chase,Claypool,11,C.Claypool
2021,REG,0,Bryan Edwards,WR,LV,5.088448275862069,1.9906150814578067,14.112758620689654,16.825422927501076,33,58,56.896551724137936,559.0,3,6.154848484848484,3.6104541130801024,2.544394371768382,00-0036365,Bryan,Edwards,89,B.Edwards
2021,REG,0,Stefon Diggs,WR,,5.056352201257862,2.654973991803642,11.615766871165647,35.393732065913305,103,164,62.80487804878049,1225.0,10,3.2840776699029126,3.050578552535772,0.23349911736714057,00-0031588,Stefon,Diggs,14,S.Diggs
2021,REG,0,Ja'Marr Chase,WR,,5.0419841269841275,2.3546604835947185,12.785703125000001,37.4750692108475,81,128,63.28125,1455.0,13,8.325802469135802,3.9292358569258834,4.396566612209918,00-0036900,Ja'Marr,Chase,1,J.Chase
2021,REG,0,Mike Evans,WR,,4.903839285714286,2.7433316341126144,13.117982456140346,26.16037519658111,74,114,64.91228070175438,1035.0,14,3.576756756756757,3.6280638000979164,-0.05130704334115954,00-0031408,Mike,Evans,13,M.Evans
2021,REG,0,Rob Gronkowski,TE,TB,4.8122058823529406,3.4102316767175758,9.718988764044946,15.131540968464813,55,89,61.79775280898876,802.0,6,6.938909090909091,5.764630389629441,1.1742787012796496,00-0027656,Robert,Gronkowski,87,R.Gronkowski
2021,REG,0,Nelson Agholor,WR,NE,4.756031746031745,2.490758301129977,14.53828125,21.9459212121498,37,64,57.8125,473.0,3,2.77918918918919,3.101571591354334,-0.322382402165144,00-0031549,Nelson,Agholor,15,N.Agholor
2021,REG,0,David Njoku,TE,CLE,4.6575,3.0349213077988906,8.360566037735849,10.832210860323615,36,53,67.9245283018868,475.0,4,7.246944444444444,6.120264768973369,1.1266796754710748,00-0033885,David,Njoku,85,D.Njoku
2021,REG,0,Diontae Johnson,WR,,4.6364024390243905,3.1734949230497023,8.385562130177517,32.47566318954298,107,169,63.31360946745562,1161.0,8,5.141121495327103,5.132354796208329,0.008766699118774035,00-0035216,Diontae,Johnson,18,D.Johnson
2021,REG,0,Austin Hooper,TE,CLE,4.631568627450981,2.8099478510966485,5.414918032786885,8.074716366756547,38,61,62.295081967213115,345.0,3,5.153421052631579,4.767146573525856,0.3862744791057233,00-0032392,Austin,Hooper,81,A.Hooper
2022,REG,0,Tyler Lockett,WR,SEA,7.531454545454545,3.5437860450145537,10.93991452991453,29.014854593635174,84,117,71.7948717948718,1033.0,9,3.368571428571429,4.229633691532824,-0.8610622629613944,00-0032211,Tyler,Lockett,16,T.Lockett
2022,REG,0,Rondale Moore,WR,ARI,7.497959183673469,3.8327139788323796,5.265535714285714,6.779586975614917,41,56,73.21428571428571,414.0,1,7.124390243902438,5.373338158953026,1.7510520849494116,00-0036936,Rondale,Moore,4,R.Moore
2022,REG,0,Greg Dortch,WR,ARI,7.3021666666666665,4.227482851265514,4.4415625,6.535644160776939,52,64,81.25,467.0,2,6.070000000000001,4.930360148193406,1.1396398518065949,00-0035500,Greg,Dortch,83,G.Dortch
2022,REG,0,Ben Skowronek,WR,LAR,7.234893617021277,3.378432049189742,7.495901639344261,12.684968901366563,39,61,63.934426229508205,376.0,0,3.9669230769230763,4.089147788652326,-0.12222471172924987,00-0036862,Ben,Skowronek,18,B.Skowronek
2022,REG,0,Chris Olave,WR,NO,7.224000000000001,2.759257762631483,14.183529411764708,38.63607229842329,72,119,60.50420168067227,1042.0,4,2.971388888888889,3.135672119540194,-0.16428323065130535,00-0037239,Chris,Olave,12,C.Olave
2022,REG,0,Devin Duvernay,WR,BAL,7.132444444444444,3.35542421137511,9.924489795918369,12.290700466303567,37,49,75.51020408163265,407.0,3,4.678108108108107,4.352525534683977,0.3255825734241302,00-0036331,Devin,Duvernay,13,D.Duvernay
2022,REG,0,Noah Fant,TE,SEA,7.1111538461538455,3.8978478329015833,6.747619047619047,9.636331076317656,50,63,79.36507936507937,486.0,4,4.670000000000001,4.560927262289055,0.10907273771094594,00-0035644,Noah,Fant,87,N.Fant
2022,REG,0,Treylon Burks,WR,TEN,7.1043396226415085,3.1167939277387027,11.25574074074074,17.63444666233404,33,54,61.111111111111114,444.0,1,5.389393939393939,4.329049907784465,1.0603440316094739,00-0037742,Treylon,Burks,16,T.Burks
2022,REG,0,Kalif Raymond,WR,DET,7.091551724137932,3.143329748506889,9.74203125,15.455836748049709,47,64,73.4375,616.0,0,4.953404255319149,5.845250096235961,-0.8918458409168117,00-0032464,Kalif,Raymond,11,K.Raymond
2022,REG,0,Quez Watkins,WR,PHI,7.046744186046511,3.5614518785359994,9.386862745098039,11.139006649944855,33,51,64.70588235294117,354.0,3,4.673939393939394,6.152144322365725,-1.4782049284263312,00-0036271,Terrance,Watkins,16,Q.Watkins
2022,REG,0,Kyle Pitts,TE,ATL,7.046304347826087,2.9239853467575374,13.172203389830505,20.044206817753906,28,59,47.45762711864407,356.0,2,5.031785714285713,4.447182582360914,0.5846031319247995,00-0036970,Kyle,Pitts,8,K.Pitts
2022,REG,0,Demarcus Robinson,WR,BAL,7.038000000000002,2.9752947975297497,9.250133333333334,17.534024995892995,48,75,64.0,458.0,2,3.3335416666666675,3.0606059086400097,0.2729357580266578,00-0032775,Demarcus,Robinson,10,D.Robinson
2022,REG,0,Brandin Cooks,WR,HOU,7.031910112359551,2.8550997149162085,10.937204301075269,24.34748472836599,57,93,61.29032258064516,699.0,3,3.876842105263157,4.476720792476406,-0.5998786872132484,00-0031236,Brandin,Cooks,13,B.Cooks
2022,REG,0,Drake London,WR,ATL,7.006909090909091,2.5471164237012642,10.836324786324786,32.699891417326285,72,117,61.53846153846154,866.0,4,3.303194444444445,3.2668157009909624,0.0363787434534828,00-0037238,Drake,London,5,D.London
2022,REG,0,Russell Gage,WR,TB,7.0065625,3.3276377794921714,5.930285714285716,8.177770773413185,51,70,72.85714285714285,426.0,5,3.5082352941176462,4.048322118103929,-0.5400868239862828,00-0034411,Russell,Gage,17,R.Gage
2022,REG,0,Evan Engram,TE,JAX,6.983246753246752,3.2557857770506167,6.200408163265305,14.298454710814196,73,98,74.48979591836735,766.0,4,6.784794520547944,5.757516159168611,1.0272783613793335,00-0033881,Evan,Engram,17,E.Engram
2022,REG,0,Kendrick Bourne,WR,NE,6.980425531914893,3.4368221152376948,9.989166666666668,12.155228360509449,35,48,72.91666666666666,434.0,1,4.2291428571428575,3.638273914945884,0.5908689421969737,00-0033307,Kendrick,Bourne,84,K.Bourne
2022,REG,0,Josh Reynolds,WR,DET,6.922280701754387,2.781045549895267,12.682372881355928,18.548788922189082,38,59,64.40677966101694,479.0,3,3.1207894736842103,3.0119767138786075,0.10881275980560279,00-0033943,Joshua Dedmon-Reynolds,Reynolds,8,J.Reynolds
2022,REG,0,Robert Woods,WR,TEN,6.918292682926829,2.7537809768196464,8.652857142857142,22.845197753226245,53,91,58.24175824175825,527.0,2,2.974339622641509,2.9005457125498744,0.07379391009163472,00-0030431,Robert,Woods,2,R.Woods
2022,REG,0,DeAndre Hopkins,WR,ARI,6.912826086956521,2.8099471651423453,9.9125,21.878980452386322,64,96,66.66666666666666,717.0,3,2.94578125,2.9241551045618883,0.0216261454381117,00-0030564,DeAndre,Hopkins,10,D.Hopkins
2022,REG,0,DeAndre Carter,WR,LAC,6.844035087719298,3.286056532949389,8.689076923076923,12.491070539969705,46,65,70.76923076923077,538.0,3,5.212173913043479,4.853308987790785,0.35886492525269365,00-0031763,DeAndre,Carter,1,D.Carter
2022,REG,0,Marquise Brown,WR,ARI,6.8048,3.3356818473589986,10.924018691588786,26.874405087621696,67,107,62.616822429906534,709.0,3,3.777014925373135,3.824110657202627,-0.04709573182949223,00-0035662,Marquise,Brown,2,M.Brown
2022,REG,0,Noah Brown,WR,DAL,6.786388888888889,2.351979024894406,11.293783783783784,18.475680120969347,43,74,58.108108108108105,555.0,3,3.049767441860465,2.767250334185014,0.2825171076754507,00-0033591,Noah,Brown,85,N.Brown
2022,REG,0,Curtis Samuel,WR,WAS,6.749390243902438,3.4912978851453222,7.005978260869566,14.404671712939068,64,92,69.56521739130434,656.0,4,4.673906250000001,3.827664859592801,0.8462413904071999,00-0033282,Curtis,Samuel,10,C.Samuel
2022,REG,0,Richie James,WR,NYG,6.744999999999999,3.1903275387012253,7.174857142857144,16.077390689172795,57,70,81.42857142857143,569.0,4,3.308596491228071,4.102729336694177,-0.7941328454661054,00-0034286,Richard,James,80,R.James
2022,REG,0,Darius Slayton,WR,NYG,6.734782608695651,2.5451484224755907,12.289436619718307,27.93152127635735,46,71,64.7887323943662,724.0,2,5.936956521739131,4.457593213961872,1.479363307777259,00-0035535,Darius,Slayton,86,D.Slayton
2022,REG,0,D.J. Moore,WR,CAR,6.716434782608696,2.8019472409594113,13.237203389830508,48.7409039280053,63,118,53.38983050847458,892.0,7,3.3926984126984125,3.3155648303323897,0.07713358236602286,00-0034827,Denniston,Moore,2,D.Moore
2022,REG,0,Isaiah Hodgins,WR,NYG,6.70191489361702,2.8115727274069564,9.052083333333334,13.908940455649846,37,48,77.08333333333334,392.0,4,2.8908108108108106,2.8361500754824363,0.054660735328374344,00-0036165,Isaiah,Hodgins,18,I.Hodgins
2022,REG,0,Deebo Samuel,WR,SF,6.698356164383562,3.582165655251973,4.337021276595746,11.834958530616513,56,94,59.57446808510638,632.0,2,8.999464285714284,6.4232279295587125,2.5762363561555714,00-0035719,Tyshun,Samuel,19,D.Samuel
2022,REG,0,Chris Godwin,WR,TB,6.684656488549619,2.9848232734696025,5.770845070422537,16.14317796777117,104,142,73.23943661971832,1019.0,3,5.2373076923076916,4.363654397404411,0.8736532949032805,00-0033921,Rod,Godwin,14,C.Godwin
2022,REG,0,Olamide Zaccheaus,WR,ATL,6.684313725490195,3.3029839034497,11.448852459016393,18.01234386404727,40,61,65.57377049180327,533.0,3,5.010999999999998,4.354841828480309,0.6561581715196896,00-0035208,Olamide,Zaccheaus,17,O.Zaccheaus
2022,REG,0,Corey Davis,WR,NYJ,6.66890625,2.3243764320212215,13.84671875,17.928253806408275,32,64,50.0,536.0,2,3.9040625,2.808204067126588,1.095858432873412,00-0033871,Corey,Davis,84,C.Davis
2022,REG,0,Zay Jones,WR,JAX,6.598290598290596,3.540296186865175,8.533223140495867,24.29636044040859,82,121,67.76859504132231,834.0,5,3.9345121951219513,3.9363979738126296,-0.001885778690678297,00-0033891,Isaiah,Jones,7,Z.Jones
2022,REG,0,Mack Hollins,WR,LV,6.590322580645163,2.996536330566694,12.68212765957447,22.831424522158812,57,94,60.63829787234043,690.0,4,3.5035087719298246,3.111759026306293,0.3917497456235317,00-0033555,Mack,Hollins,10,M.Hollins
2022,REG,0,CeeDee Lamb,WR,DAL,6.55781690140845,3.074781935692017,10.271538461538464,35.42332639174438,107,156,68.58974358974359,1359.0,9,4.824672897196263,4.031016109431396,0.793656787764867,00-0036358,Cedarian,Lamb,88,C.Lamb
2022,REG,0,Robert Tonyan,TE,GB,6.54962962962963,4.390483411144725,6.053731343283582,9.401663834886755,53,67,79.1044776119403,470.0,2,4.73622641509434,5.6669186943808425,-0.9306922792865029,00-0033757,Robert,Tonyan,85,R.Tonyan
2022,REG,0,Darnell Mooney,WR,CHI,6.525862068965517,3.579335805562361,11.678196721311476,22.007649246814868,40,61,65.57377049180327,493.0,2,4.526750000000001,4.459485682535883,0.06726431746411787,00-0036309,Darnell,Mooney,11,D.Mooney
2022,REG,0,Greg Dulcich,TE,DEN,6.51595744680851,3.483711278838321,11.462909090909092,13.373495253751926,33,55,60.0,411.0,2,4.905454545454545,4.580110213625909,0.325344331828636,00-0037252,Greg,Dulcich,80,G.Dulcich
2022,REG,0,Michael Pittman,WR,IND,6.501605839416059,2.737345718688387,7.27673758865248,26.54280266871554,99,141,70.2127659574468,925.0,4,3.540808080808082,3.559035793411072,-0.018227712602989943,00-0036252,Michael,Pittman,11,M.Pittman
2022,REG,0,DeVonta Smith,WR,PHI,6.496821705426357,2.9366545396199824,9.867647058823529,31.225423358105814,95,136,69.85294117647058,1210.0,7,5.235157894736842,4.72534485379332,0.5098130409435218,00-0036912,DeVonta,Smith,6,D.Smith
2022,REG,0,Parris Campbell,WR,IND,6.495058823529409,3.5060415038812813,6.421428571428571,15.11694386022098,63,91,69.23076923076923,623.0,3,4.54936507936508,4.0175685761639945,0.5317965032010852,00-0035639,Parris,Campbell,1,P.Campbell
2022,REG,0,Amon-Ra St. Brown,WR,DET,6.477822580645161,3.1029682752208707,6.298082191780822,22.794192379295048,106,146,72.6027397260274,1161.0,6,5.167641509433962,4.5428303858204355,0.6248111236135268,00-0036963,Amon-Ra,St. Brown,14,A.St. Brown
2022,REG,0,Cooper Kupp,WR,LAR,6.469882352941177,3.2298062294451877,7.342040816326531,19.96082848313017,75,98,76.53061224489795,812.0,6,5.658266666666667,4.427833843307677,1.2304328233589903,00-0033908,Cooper,Kupp,10,C.Kupp
2022,REG,0,Chigoziem Okonkwo,TE,TEN,6.466666666666668,2.960304330575876,7.833043478260869,10.453996843375728,32,46,69.56521739130434,450.0,3,8.051562500000001,5.0821290253372435,2.9694334746627575,00-0037809,Chigoziem,Okonkwo,85,C.Okonkwo
2022,REG,0,Jerry Jeudy,WR,DEN,6.460978260869565,3.6899449233771056,11.5622,24.52606459139843,67,100,67.0,972.0,6,6.304029850746269,5.197485518942161,1.1065443318041082,00-0036407,Jerry,Jeudy,10,J.Jeudy
2022,REG,0,Isaiah Likely,TE,BAL,6.4518518518518535,3.1613239870507033,7.068499999999999,10.718916254912614,36,60,60.0,373.0,3,4.461111111111112,4.020650762769959,0.4404603483411531,00-0037838,Isaiah,Likely,80,I.Likely
2022,REG,0,Romeo Doubs,WR,GB,6.419682539682539,3.348993098873621,9.23134328358209,14.336610162419769,42,67,62.68656716417911,425.0,3,4.848333333333334,4.711694961000636,0.1366383723326976,00-0037816,Romeo,Doubs,87,R.Doubs
2022,REG,0,Christian Kirk,WR,JAX,6.391999999999999,3.2314417583512403,9.479774436090224,29.668281686428887,84,133,63.1578947368421,1102.0,8,4.684047619047618,4.826045938865478,-0.14199831981786026,00-0034775,Christian,Kirk,13,C.Kirk
2022,REG,0,Tyreek Hill,WR,MIA,6.379797297297297,3.3101329104494246,12.171117647058821,40.154439405142405,119,170,70.0,1710.0,7,4.331092436974789,4.085669471703847,0.24542296527094187,00-0033040,Tyreek,Hill,10,T.Hill
2022,REG,0,Marquez Valdes-Scantling,WR,KC,6.366025641025641,2.8326130121571196,13.94246913580247,24.758572458954582,42,81,51.85185185185185,687.0,2,3.3780952380952387,4.419107004579358,-1.041011766484119,00-0034272,Marquez,Valdes-Scantling,11,M.Valdes-Scantling
2022,REG,0,DK Metcalf,WR,SEA,6.345441176470589,2.2668460913678534,11.770070921985814,37.62000077072514,90,141,63.829787234042556,1048.0,6,2.6163333333333334,2.4551854910512176,0.16114784228211576,00-0035640,DeKaylin,Metcalf,14,D.Metcalf
2022,REG,0,Josh Palmer,WR,LAC,6.307941176470588,3.4635611913344766,8.719065420560748,20.633189945925633,72,107,67.28971962616822,769.0,3,3.581944444444445,3.6056670970214872,-0.023722652577042425,00-0036988,Josh,Palmer,5,J.Palmer
2022,REG,0,Pat Freiermuth,TE,PIT,6.291562499999999,2.6842441316039514,8.00204081632653,16.970609812310506,63,98,64.28571428571429,732.0,2,4.664285714285714,3.4011108800834062,1.2631748342023075,00-0036894,Pat,Freiermuth,88,P.Freiermuth
2022,REG,0,Travis Kelce,TE,KC,6.2835833333333335,2.895535749907414,7.272763157894737,24.23505012704405,110,152,72.36842105263158,1338.0,12,6.190090909090909,4.813664643994135,1.3764262650967742,00-0030506,Travis,Kelce,87,T.Kelce
2022,REG,0,T.J. Hockenson,TE,MIN,6.253211009174311,2.9569193913618492,7.663100775193797,24.5051450045984,86,129,66.66666666666666,904.0,6,4.892558139534883,3.4068700611435445,1.4856880783913389,00-0035229,Thomas,Hockenson,87,T.Hockenson
2022,REG,0,Terry McLaurin,WR,WAS,6.247777777777777,2.4726463000932486,13.033999999999999,34.95471093440965,77,120,64.16666666666667,1191.0,5,5.177922077922077,4.123595806690196,1.054326271231881,00-0035659,Terry,McLaurin,17,T.McLaurin
2022,REG,0,Jauan Jennings,WR,SF,6.23811320754717,3.53274118862366,8.280714285714287,13.461800848257182,35,56,62.5,416.0,1,5.097142857142856,3.8916911562019956,1.2054517009408605,00-0036259,Bennie,Jennings,15,J.Jennings
2022,REG,0,K.J. Osborn,WR,MIN,6.229090909090909,3.366566119250483,8.313777777777778,15.33919917342495,60,90,66.66666666666666,650.0,5,5.245333333333332,4.429919410564485,0.8154139227688475,00-0036345,K.J.,Osborn,17,K.Osborn
2022,REG,0,Cade Otton,TE,TB,6.21943396226415,3.159231845034558,5.669384615384615,7.259564240967651,42,65,64.61538461538461,391.0,2,4.603571428571429,4.133155060729257,0.470416367842172,00-0038129,Cade,Otton,88,C.Otton
2022,REG,0,Mike Gesicki,TE,MIA,6.198695652173914,3.0846440075068458,9.789038461538462,9.878649208299128,32,52,61.53846153846154,362.0,5,3.4265624999999997,4.164502995293824,-0.7379404952938242,00-0034829,Michael,Gesicki,88,M.Gesicki
2022,REG,0,Dallas Goedert,TE,PHI,6.193636363636363,3.6505787409132817,5.8975,9.331096519598491,55,69,79.71014492753623,702.0,3,7.901818181818182,6.393163690370608,1.5086544914475741,00-0034351,Dallas,Goedert,88,D.Goedert
2022,REG,0,Hunter Renfrow,WR,LV,6.180851063829787,3.075739864737292,6.504999999999999,6.229172252652545,36,50,72.0,330.0,2,4.167222222222223,4.236986591440543,-0.06976436921832008,00-0034983,Hunter,Renfrow,13,H.Renfrow
2022,REG,0,Brandon Aiyuk,WR,SF,6.16557522123894,2.8892674173921553,9.861315789473686,32.635258120422336,78,114,68.42105263157895,1015.0,8,4.9011538461538455,4.280629367267246,0.6205244788865993,00-0036261,Brandon,Aiyuk,11,B.Aiyuk
2022,REG,0,A.J. Green,WR,ARI,6.154893617021277,2.338413590720807,11.11127659574468,12.0069986986651,24,47,51.06382978723404,236.0,2,2.5091666666666668,1.752109092883744,0.7570575737829228,00-0027942,Adriel,Green,18,A.Green
2022,REG,0,Alec Pierce,WR,IND,6.146025641025642,1.9436413699632846,12.086410256410254,24.38837623818726,41,78,52.56410256410257,593.0,2,2.7909756097560976,2.4830225038245444,0.30795310593155323,00-0037664,Alec,Pierce,14,A.Pierce
2022,REG,0,Elijah Moore,WR,NYJ,6.121475409836064,3.1008574073609885,12.029999999999998,15.819404488790154,37,65,56.92307692307692,450.0,1,2.776756756756757,3.069804724633875,-0.29304796787711807,00-0036980,Elijah,Moore,8,E.Moore
2022,REG,0,Chris Moore,WR,HOU,6.111111111111112,3.008335296461404,9.307297297297298,16.48618371919343,48,74,64.86486486486487,548.0,2,5.713125000000001,4.067874434938204,1.6452505650617963,00-0032398,Christopher,Moore,15,C.Moore
2022,REG,0,Nelson Agholor,WR,NE,6.110196078431372,3.3540598383855267,11.722075471698114,15.749726210756872,31,53,58.490566037735846,362.0,2,5.081612903225807,4.148897220683461,0.9327156825423462,00-0031549,Nelson,Agholor,15,N.Agholor
2022,REG,0,Christian Watson,WR,GB,6.100344827586206,2.890829454703176,13.950909090909093,21.342889528131977,41,66,62.121212121212125,611.0,7,6.799999999999999,5.311347528173213,1.4886524718267857,00-0038124,Christian,Watson,9,C.Watson
2022,REG,0,Michael Gallup,WR,DAL,6.088243243243243,2.3976046169568153,11.69391891891892,19.13026753856561,39,74,52.702702702702695,424.0,4,2.961025641025641,2.9949724667416318,-0.03394682571599095,00-0034764,Michael,Gallup,13,M.Gallup
2022,REG,0,Keenan Allen,WR,LAC,6.087625000000001,3.561398633532926,8.405730337078651,16.545432429144878,66,89,74.15730337078652,752.0,4,4.08060606060606,4.640409387866622,-0.5598033272605623,00-0030279,Keenan,Allen,13,K.Allen
2022,REG,0,Dalton Schultz,TE,DAL,6.084347826086956,2.8737079299715007,7.254719101123597,14.273808102647093,57,89,64.04494382022472,577.0,5,3.88421052631579,3.5189260754312315,0.3652844508845585,00-0034383,Dalton,Schultz,86,D.Schultz
2022,REG,0,Adam Thielen,WR,MIN,6.0571568627450985,2.7000781859567837,10.145233644859815,22.2539750223454,70,107,65.42056074766354,716.0,6,2.224142857142857,3.0810433476936585,-0.8569004905508013,00-0030035,Adam,Thielen,19,A.Thielen
2022,REG,0,Mark Andrews,TE,BAL,6.008349514563107,3.0741564414915765,9.991238938053097,28.534492563153176,73,113,64.60176991150442,847.0,5,3.6768493150684933,3.486966261249161,0.18988305381933213,00-0034753,Mark,Andrews,89,M.Andrews
2022,REG,0,Hayden Hurst,TE,CIN,6.008000000000001,3.8615629861692935,5.036029411764705,8.016433161276732,52,68,76.47058823529412,414.0,2,3.824423076923077,3.927740375853842,-0.10331729893076469,00-0034830,Hayden,Hurst,88,H.Hurst
2022,REG,0,Randall Cobb,WR,GB,5.99139534883721,2.8815060537327275,9.688600000000001,11.22891521581408,34,50,68.0,417.0,1,5.526470588235293,4.114972755529478,1.4114978327058152,00-0028002,Randall,Cobb,18,R.Cobb
2022,REG,0,Jahan Dotson,WR,WAS,5.9905,2.7821913681191486,14.69344262295082,20.03088551129825,35,61,57.377049180327866,523.0,7,4.276285714285715,3.6593493643540067,0.616936349931708,00-0037741,Jahan,Dotson,1,J.Dotson
2022,REG,0,Tyquan Thornton,WR,NE,5.939555555555557,3.147385115001464,13.993333333333332,15.963433925529321,22,45,48.888888888888886,247.0,2,3.2613636363636362,4.386157325720117,-1.1247936893564812,00-0038104,Tyquan,Thornton,11,T.Thornton
2022,REG,0,Trent Sherfield,WR,MIA,5.9,2.864272470289376,10.474901960784313,10.367506787532287,30,51,58.82352941176471,417.0,2,5.112666666666668,3.0546211603171924,2.058045506349475,00-0034487,Trent,Sherfield,14,T.Sherfield
2022,REG,0,Nico Collins,WR,HOU,5.8990909090909085,2.9005587279897145,11.908181818181818,18.81283391738956,37,66,56.060606060606055,481.0,2,4.158648648648648,3.835576415295732,0.3230722333529159,00-0036554,Nico,Collins,12,N.Collins
2022,REG,0,Marvin Jones,WR,JAX,5.868000000000001,2.0546859109491464,13.524691358024691,25.778350891476787,46,81,56.79012345679012,529.0,3,2.3147826086956518,2.548189269598273,-0.23340666090262108,00-0029293,Marvin,Jones,11,M.Jones
2022,REG,0,Austin Hooper,TE,TEN,5.85452380952381,2.662697864198289,7.998999999999997,13.924542753690455,41,60,68.33333333333333,444.0,2,3.39439024390244,3.2173166157482704,0.1770736281541696,00-0032392,Austin,Hooper,81,A.Hooper
2022,REG,0,Jordan Akins,TE,HOU,5.845428571428571,3.206869300485072,6.613518518518519,8.548524539936043,37,54,68.51851851851852,495.0,5,7.648918918918917,6.0429617657121595,1.6059571532067576,00-0034364,Jordan,Akins,88,J.Akins
2022,REG,0,Garrett Wilson,WR,NYJ,5.844042553191489,2.633355710021772,10.70312925170068,31.830191503910587,83,147,56.4625850340136,1103.0,4,4.967831325301205,3.927964203493184,1.039867121808021,00-0037740,Garrett,Wilson,17,G.Wilson
2022,REG,0,Gerald Everett,TE,LAC,5.7914925373134345,3.262859740408953,5.989080459770116,11.52370315489158,58,87,66.66666666666666,555.0,4,5.8312068965517225,5.310949200598467,0.5202576959532559,00-0033895,Gerald,Everett,7,G.Everett
2022,REG,0,Tee Higgins,WR,CIN,5.7642592592592585,2.543515705121587,11.31954128440367,28.88280253286048,74,109,67.88990825688074,1029.0,7,3.944324324324325,3.179018081278591,0.765306243045734,00-0036410,Tamaurice,Higgins,85,T.Higgins
2022,REG,0,Jaylen Waddle,WR,MIA,5.762123893805309,2.9652117293459694,11.98940170940171,27.223098763203907,75,117,64.1025641025641,1356.0,8,7.204666666666665,4.382012739320711,2.8226539273459545,00-0036613,Jaylen,Waddle,17,J.Waddle
2022,REG,0,Courtland Sutton,WR,DEN,5.756944444444445,2.6589590762681605,12.636422018348624,29.217160736066187,64,109,58.71559633027523,829.0,2,2.2806250000000006,2.770052886500677,-0.4894278865006765,00-0034348,Courtland,Sutton,14,C.Sutton
2022,REG,0,Amari Cooper,WR,CLE,5.725348837209302,2.471199962663058,12.869545454545458,38.70689910522851,78,132,59.09090909090909,1160.0,9,4.034358974358974,3.3768823965510024,0.6574765778079716,00-0031544,Amari,Cooper,2,A.Cooper
2022,REG,0,Tyler Higbee,TE,LAR,5.708915662650603,3.514613862958541,3.0906481481481483,9.259957943328915,72,108,66.66666666666666,620.0,3,5.715138888888889,5.507605990575068,0.20753289831382116,00-0033110,Tyler,Higbee,89,T.Higbee
2022,REG,0,Mike Evans,WR,TB,5.703577235772357,2.594674022537763,13.445118110236221,33.637957527284186,77,127,60.629921259842526,1124.0,6,3.294545454545454,2.8549764248872758,0.43956902965817823,00-0031408,Mike,Evans,13,M.Evans
2022,REG,0,JuJu Smith-Schuster,WR,KC,5.703020833333333,3.3265782560314987,7.357920792079208,16.29211143045681,78,101,77.22772277227723,933.0,3,6.102948717948719,4.320394501115351,1.7825542168333675,00-0033857,John,Smith-Schuster,9,J.Smith-Schuster
2022,REG,0,Cole Kmet,TE,CHI,5.693653846153847,4.356146365093728,6.617246376811595,14.10569306624816,50,69,72.46376811594203,544.0,7,6.2226,6.3339860707630224,-0.11138607076302254,00-0036290,Cole,Kmet,85,C.Kmet
2022,REG,0,Donovan Peoples-Jones,WR,CLE,5.684315789473684,2.5061793617866015,12.1615625,26.601850607109412,61,96,63.541666666666664,839.0,3,3.159508196721311,3.471111970786795,-0.311603774065484,00-0036233,Donovan,Peoples-Jones,11,D.Peoples-Jones
2022,REG,0,Hunter Henry,TE,NE,5.682340425531916,3.87200405221921,7.665762711864405,11.465685081528349,41,59,69.49152542372882,509.0,2,5.329756097560978,5.319527871828524,0.010228225732453744,00-0033090,Hunter,Henry,85,H.Henry
2022,REG,0,Jakobi Meyers,WR,NE,5.635232558139534,3.024350821870904,9.714375000000002,23.641701143830616,67,96,69.79166666666666,804.0,6,3.934925373134328,4.534393251732921,-0.5994678785985932,00-0034960,Jakobi,Meyers,16,J.Meyers
2022,REG,0,Chase Claypool,WR,CHI,5.624933333333335,2.797708808789563,10.385569620253165,25.34693474043226,46,79,58.22784810126582,457.0,1,3.1415217391304346,3.255594393477846,-0.11407265434741154,00-0036326,Chase,Claypool,10,C.Claypool
2022,REG,0,A.J. Brown,WR,PHI,5.582708333333335,2.6036546557724924,12.238344827586207,41.290154451833274,88,145,60.689655172413794,1496.0,11,6.622954545454544,4.629289544457863,1.993665000996681,00-0035676,Arthur,Brown,11,A.Brown
2022,REG,0,Juwan Johnson,TE,NO,5.567115384615385,2.599368052589101,9.222615384615386,13.722370758327692,42,65,64.61538461538461,508.0,7,4.330238095238094,3.218756776984732,1.1114813182533623,00-0036040,Juwan,Johnson,83,J.Johnson
2022,REG,0,George Kittle,TE,SF,5.562266666666666,3.253585281522551,7.285465116279069,18.188758995677425,60,86,69.76744186046511,765.0,11,6.784833333333332,5.243145240398778,1.541688092934554,00-0033288,George,Kittle,85,G.Kittle
2022,REG,0,Davante Adams,WR,LV,5.549885057471265,2.9486018846777635,12.116833333333334,41.77098096296013,100,180,55.55555555555556,1516.0,14,5.185599999999999,4.617899138975443,0.567700861024556,00-0031381,Davante,Adams,17,D.Adams
2022,REG,0,Ja'Marr Chase,WR,CIN,5.509212598425196,2.602489956679346,9.548507462686569,29.95189437831386,87,134,64.92537313432835,1046.0,9,4.8278160919540225,3.1303416515912215,1.697474440362801,00-0036900,Ja'Marr,Chase,1,J.Chase
2022,REG,0,D.J. Chark,WR,DET,5.484423076923078,2.1837906603046595,15.408846153846154,19.86261808969239,30,52,57.692307692307686,502.0,3,4.704,3.858985318229705,0.8450146817702948,00-0034777,Darrell,Chark,4,D.Chark
2022,REG,0,Dawson Knox,TE,BUF,5.477450980392156,4.2667712448568675,7.915538461538463,9.944451316623631,48,65,73.84615384615385,517.0,6,4.446458333333333,4.068264058281577,0.3781942750517562,00-0035689,Dawson,Knox,88,D.Knox
2022,REG,0,Nick Westbrook-Ikhine,WR,TEN,5.468958333333334,2.3214757783760844,13.421800000000001,19.470395042243055,25,50,50.0,397.0,3,4.881199999999999,4.371761448391304,0.509438551608695,00-0036182,Nicholas,Westbrook-Ikhine,15,N.Westbrook-Ikhine
2022,REG,0,Logan Thomas,TE,WAS,5.448461538461538,3.7383200358770323,6.972295081967213,9.505004927825793,39,61,63.934426229508205,323.0,1,3.289230769230769,3.363605571464094,-0.07437480223332482,00-0031260,Logan,Thomas,82,L.Thomas
2022,REG,0,Justin Jefferson,WR,MIN,5.432613636363636,3.094315914232406,10.342228260869566,39.01159501102919,128,184,69.56521739130434,1809.0,8,5.051015625,4.10653126895733,0.9444843560426701,00-0036322,Justin,Jefferson,18,J.Jefferson
2022,REG,0,Gabe Davis,WR,BUF,5.429782608695652,2.7552704388568845,15.876559139784943,28.53818440462016,48,93,51.61290322580645,836.0,7,2.980833333333333,2.352292261740273,0.6285410715930602,00-0036196,Gabriel,Davis,13,G.Davis
2022,REG,0,Mike Williams,WR,LAC,5.426989247311829,2.819758358696051,12.2152688172043,25.12457011423075,63,93,67.74193548387096,895.0,4,5.337460317460318,4.397326919597082,0.940133397863236,00-0033536,Michael,Williams,81,M.Williams
2022,REG,0,Foster Moreau,TE,LV,5.423636363636363,3.3605304789068238,7.806666666666668,8.07369670969472,33,54,61.111111111111114,420.0,2,7.594242424242425,6.301088845351908,1.293153578890517,00-0034981,Foster,Moreau,87,F.Moreau
2022,REG,0,Stefon Diggs,WR,BUF,5.359929078014184,2.828388766050926,11.616038961038964,34.57528644101867,108,154,70.12987012987013,1429.0,11,4.1161111111111115,3.3569227903771095,0.759188320734002,00-0031588,Stefon,Diggs,14,S.Diggs
2022,REG,0,Diontae Johnson,WR,PIT,5.304652777777778,2.820296642406143,10.566802721088436,33.61487839028074,86,147,58.50340136054422,882.0,0,2.5840697674418602,2.725778079087956,-0.14170831164609599,00-0035216,Diontae,Johnson,18,D.Johnson
2022,REG,0,Allen Lazard,WR,GB,5.217755102040816,2.6631272077367725,12.279600000000002,28.46367633798704,60,100,60.0,788.0,6,4.761166666666667,4.438444126897679,0.32272253976898835,00-0034521,Allen,Lazard,13,A.Lazard
2022,REG,0,David Njoku,TE,CLE,5.183220338983051,3.0687082983806158,6.8260000000000005,12.442496063871237,58,80,72.5,628.0,4,5.995517241379312,4.893282567158239,1.102234674221073,00-0033885,David,Njoku,85,D.Njoku
2022,REG,0,Zach Ertz,TE,ARI,5.139122807017543,3.0299166982669146,7.75536231884058,12.303362778143095,47,69,68.11594202898551,406.0,4,2.96531914893617,3.3362671622170215,-0.37094801328085136,00-0030061,Zachary,Ertz,86,Z.Ertz
2022,REG,0,Terrace Marshall,WR,CAR,5.102391304347826,2.581705838573924,12.461914893617022,18.276707814820828,28,47,59.57446808510638,490.0,1,5.697500000000001,4.456214233557595,1.241285766442406,00-0036955,Terrace,Marshall,88,T.Marshall
2022,REG,0,Tyler Boyd,WR,CIN,5.09611111111111,2.7046388866001694,9.414512195121953,18.07156150145722,58,82,70.73170731707317,762.0,5,4.472241379310344,3.452727490466085,1.0195138888442594,00-0033009,Tyler,Boyd,83,T.Boyd
2022,REG,0,Isaiah McKenzie,WR,BUF,4.942586206896552,3.345523539891503,8.413384615384615,10.569905524716651,42,65,64.61538461538461,423.0,4,3.2676190476190476,3.5769900289602456,-0.309370981341198,00-0033466,Isaiah,McKenzie,6,I.McKenzie
2022,REG,0,Allen Robinson,WR,LAR,4.843653846153846,2.14428141218037,9.45903846153846,13.64539235323165,33,52,63.46153846153846,339.0,3,2.6190909090909096,3.001418481334705,-0.38232757224379554,00-0031428,Allen,Robinson,1,A.Robinson
2022,REG,0,Tyler Conklin,TE,NYJ,4.808593749999999,4.201508777039625,7.280574712643678,12.814334672606401,58,87,66.66666666666666,552.0,3,5.061034482758621,4.742900177715548,0.31813430504307316,00-0034270,Tyler,Conklin,83,T.Conklin
2022,REG,0,George Pickens,WR,PIT,4.730952380952381,2.3704907088551113,14.758928571428571,26.82901493855132,52,84,61.904761904761905,801.0,4,2.3625000000000007,1.7678520125127142,0.5946479874872865,00-0037247,George,Pickens,14,G.Pickens
2022,REG,0,DeVante Parker,WR,NE,4.207659574468085,1.7292110932998248,15.663829787234043,18.663300073010465,31,47,65.95744680851064,539.0,3,4.1009677419354835,2.8109387052517145,1.290029036683769,00-0031547,DeVante,Parker,1,D.Parker
2023,REG,0,Zay Flowers,WR,BAL,7.666698113207548,3.6810160964910574,8.651944444444444,22.834430159502062,77,108,71.29629629629629,858.0,5,5.084415584415586,4.108854807018525,0.9755607773970612,00-0039064,Xavien,Flowers,4,Z.Flowers
2023,REG,0,Jakobi Meyers,WR,LV,7.315252525252526,2.7319104935965197,9.59179245283019,24.79043230195304,71,106,66.98113207547169,807.0,8,3.5307042253521126,3.664057657346567,-0.13335343199445449,00-0034960,Jakobi,Meyers,16,J.Meyers
2023,REG,0,Rondale Moore,WR,ARI,7.297755102040817,4.4956080947627575,5.064838709677419,7.9904731127526425,40,62,64.51612903225806,352.0,1,5.4735,5.674917814881669,-0.201417814881669,00-0036936,Rondale,Moore,4,R.Moore
2023,REG,0,Jerry Jeudy,WR,DEN,7.224875,3.6293528534451753,12.650574712643676,30.843819185606584,54,87,62.06896551724138,758.0,2,6.215000000000002,5.317385990388565,0.8976140096114369,00-0036407,Jerry,Jeudy,10,J.Jeudy
2023,REG,0,Dontayvion Wicks,WR,GB,7.1657142857142855,3.1723428820324013,10.272758620689654,12.373219254890557,39,58,67.24137931034483,581.0,4,5.646923076923078,3.491224749100244,2.155698327822834,00-0038393,Dontayvion,Wicks,13,D.Wicks
2023,REG,0,Elijah Moore,WR,CLE,7.149148936170213,3.6944083650887194,11.010576923076922,22.355803020600685,59,104,56.730769230769226,640.0,2,3.5438983050847455,3.7462336709182105,-0.202335365833465,00-0036980,Elijah,Moore,8,E.Moore
2023,REG,0,Kendrick Bourne,WR,NE,7.143272727272727,2.7471220936956757,10.090000000000002,14.125106266003534,37,55,67.27272727272727,406.0,4,5.406756756756757,3.793554141119025,1.6132026156377326,00-0033307,Kendrick,Bourne,84,K.Bourne
2023,REG,0,Jahan Dotson,WR,WAS,7.126538461538462,2.586194076625611,9.839397590361447,18.336394376063698,49,83,59.036144578313255,518.0,4,2.3300000000000005,2.868707727311854,-0.5387077273118535,00-0037741,Jahan,Dotson,1,J.Dotson
2023,REG,0,Cooper Kupp,WR,LAR,7.09406976744186,3.3519765706679183,8.138842105263157,18.019338645362616,59,95,62.10526315789474,737.0,5,5.816610169491526,4.61507445529143,1.2015357142000962,00-0033908,Cooper,Kupp,10,C.Kupp
2023,REG,0,Robert Woods,WR,HOU,7.074848484848485,2.6228678300843162,9.988,14.797241640872075,40,75,53.333333333333336,426.0,1,3.3567500000000003,3.132723177813903,0.22402682218609726,00-0030431,Robert,Woods,2,R.Woods
2023,REG,0,Pat Freiermuth,TE,PIT,7.044166666666666,2.954802799154321,6.752340425531914,8.715855848928095,32,47,68.08510638297872,308.0,2,4.5981250000000005,3.69807839259292,0.9000466074070803,00-0036894,Pat,Freiermuth,88,P.Freiermuth
2023,REG,0,Jaxon Smith-Njigba,WR,SEA,7.028426966292136,3.7858879094775504,6.213440860215052,13.533706036241336,63,93,67.74193548387096,628.0,4,5.916190476190475,5.616324505481724,0.2998659707087512,00-0038543,Jaxon,Smith-Njigba,11,J.Smith-Njigba
2023,REG,0,JuJu Smith-Schuster,WR,NE,7.014888888888888,2.4220562074219356,7.197872340425533,8.6107279030345,29,47,61.702127659574465,260.0,1,3.3879310344827585,4.099745854290936,-0.7118148198081777,00-0033857,John,Smith-Schuster,7,J.Smith-Schuster
2023,REG,0,Wan'Dale Robinson,WR,NYG,6.9703389830508495,3.973480571288485,5.239102564102563,11.493622466916984,60,78,76.92307692307693,525.0,1,5.0440000000000005,4.384356634702925,0.6596433652970752,00-0038117,Charles,Robinson,17,W.Robinson
2023,REG,0,Diontae Johnson,WR,PIT,6.955529411764705,2.9033799106617955,12.482298850574711,29.82439758539814,51,87,58.620689655172406,710.0,5,5.040196078431372,3.993679082424847,1.0465169960065253,00-0035216,Diontae,Johnson,18,D.Johnson
2023,REG,0,Chris Godwin,WR,TB,6.940731707317076,2.9221610769328694,9.345615384615385,25.63841214170101,83,130,63.84615384615384,1024.0,2,4.781927710843373,4.131302451876124,0.6506252589672492,00-0033921,Rod,Godwin,14,C.Godwin
2023,REG,0,Tank Dell,WR,HOU,6.899866666666667,2.946577120404939,14.231333333333332,21.083748318495275,47,75,62.66666666666667,709.0,7,3.1906382978723404,2.97705863581291,0.21357966205943058,00-0038977,Nathaniel,Dell,3,T.Dell
2023,REG,0,Curtis Samuel,WR,WAS,6.842162162162162,3.28831749243485,7.140659340659339,14.589722979375006,62,91,68.13186813186813,613.0,4,4.412741935483871,4.120330881905434,0.2924110535784372,00-0033282,Curtis,Samuel,4,C.Samuel
2023,REG,0,Keenan Allen,WR,LAC,6.78274074074074,3.0652255961221413,9.456199999999999,30.103718104083143,108,150,72.0,1243.0,7,4.035740740740741,3.919318986116947,0.11642175462379445,00-0030279,Keenan,Allen,13,K.Allen
2023,REG,0,Demario Douglas,WR,NE,6.782602739726027,3.0733747606638384,8.114810126582277,16.31711302630306,49,79,62.0253164556962,561.0,0,6.970204081632653,6.969532827809275,0.0006712538233779597,00-0038621,Demario,Douglas,81,D.Douglas
2023,REG,0,Michael Pittman,WR,IND,6.778235294117646,2.940494004551059,7.922564102564103,30.054885329299825,109,156,69.87179487179486,1152.0,4,4.893119266055046,4.606101742793048,0.2870175232619978,00-0036252,Michael,Pittman,11,M.Pittman
2023,REG,0,Josh Palmer,WR,LAC,6.777894736842107,2.610418173436483,11.401803278688522,14.76099418270261,38,61,62.295081967213115,581.0,2,5.628947368421053,5.063283970482872,0.5656633979381809,00-0036988,Josh,Palmer,5,J.Palmer
2023,REG,0,Deebo Samuel,WR,SF,6.773552631578947,3.6988329008754164,6.787640449438203,15.35368630799886,60,89,67.41573033707866,892.0,7,8.8665,4.939954389052084,3.926545610947916,00-0035719,Tyshun,Samuel,19,D.Samuel
2023,REG,0,Tyler Lockett,WR,SEA,6.754347826086957,2.8155919124350035,11.501967213114753,32.86499551491787,79,122,64.75409836065575,894.0,5,2.7499999999999996,2.994652692906812,-0.24465269290681224,00-0032211,Tyler,Lockett,16,T.Lockett
2023,REG,0,Nick Westbrook-Ikhine,WR,TEN,6.747,2.9041093336940706,12.316444444444445,12.491322965967994,28,45,62.22222222222222,370.0,3,4.5178571428571415,4.270141777171776,0.2477153656853659,00-0036182,Nicholas,Westbrook-Ikhine,15,N.Westbrook-Ikhine
2023,REG,0,Cole Kmet,TE,CHI,6.725428571428573,4.0935738951342,6.372777777777778,15.235431309734421,73,90,81.11111111111111,719.0,6,4.32027397260274,4.2399657100092645,0.08030826259347545,00-0036290,Cole,Kmet,85,C.Kmet
2023,REG,0,DeVonta Smith,WR,PHI,6.725047619047618,2.8183215114185023,12.455892857142858,30.350682153913766,81,112,72.32142857142857,1066.0,7,3.58246913580247,3.3807397849825884,0.20172935081988141,00-0036912,DeVonta,Smith,6,D.Smith
2023,REG,0,Noah Brown,WR,HOU,6.723269230769231,3.1158447851991857,12.267272727272728,13.327591690156709,33,55,60.0,567.0,2,6.909090909090907,3.851183452361014,3.0579074567298936,00-0033591,Noah,Brown,85,N.Brown
2023,REG,0,Jaylen Waddle,WR,MIA,6.708163265306122,3.422396920632551,10.001923076923077,24.382411472531697,72,104,69.23076923076923,1014.0,4,6.176111111111111,5.0442734680156995,1.1318376430954116,00-0036613,Jaylen,Waddle,17,J.Waddle
2023,REG,0,Amon-Ra St. Brown,WR,DET,6.702364864864865,3.2143896515204062,7.6571341463414635,31.26979621107991,119,164,72.5609756097561,1515.0,10,5.752268907563025,4.702549366044615,1.0497195415184093,00-0036963,Amon-Ra,St. Brown,14,A.St. Brown
2023,REG,0,Zay Jones,WR,JAX,6.69393442622951,2.4790105738790205,13.430000000000001,17.47265324044617,34,64,53.125,321.0,2,1.9041176470588237,1.9868346562572023,-0.08271700919837865,00-0033891,Isaiah,Jones,7,Z.Jones
2023,REG,0,Allen Robinson,WR,PIT,6.691276595744681,2.5720438307195455,7.605,10.025321461723948,33,48,68.75,273.0,0,2.1799999999999997,2.3026620394752637,-0.122662039475264,00-0031428,Allen,Robinson,11,A.Robinson
2023,REG,0,Travis Kelce,TE,KC,6.682815533980583,3.659598831305704,6.757603305785126,20.941519359514828,93,121,76.85950413223141,984.0,5,5.156021505376345,4.95582791957286,0.20019358580348534,00-0030506,Travis,Kelce,87,T.Kelce
2023,REG,0,Dallas Goedert,TE,PHI,6.660144927536232,2.9058752182169036,5.503132530120482,9.937190931301629,59,83,71.08433734939759,592.0,3,5.530508474576273,4.6805739228750936,0.8499345517011792,00-0034351,Dallas,Goedert,88,D.Goedert
2023,REG,0,Jonnu Smith,TE,ATL,6.647090909090909,3.8862629343069037,6.078571428571428,10.22278708493202,50,70,71.42857142857143,582.0,3,7.592000000000001,5.325441756004859,2.266558243995142,00-0033858,Jonnu,Smith,81,J.Smith
2023,REG,0,Tutu Atwell,WR,LAR,6.6187499999999995,2.612631787522305,11.21507462686567,17.511751641267896,39,67,58.2089552238806,483.0,3,2.6676923076923087,2.863889600831324,-0.19619729313901546,00-0036849,Chatarius,Atwell,5,T.Atwell
2023,REG,0,Rashid Shaheed,WR,NO,6.603750000000001,2.821496012206108,14.519866666666667,22.1063102016788,46,75,61.33333333333333,719.0,5,3.552826086956522,4.107798483661812,-0.5549723967052897,00-0037545,Rashid,Shaheed,22,R.Shaheed
2023,REG,0,Jayden Reed,WR,GB,6.5816470588235285,3.444667961961241,9.965851063829785,19.454043277816996,64,94,68.08510638297872,793.0,8,5.59359375,5.308712973978235,0.2848807760217653,00-0039146,Jayden,Reed,11,J.Reed
2023,REG,0,A.J. Brown,WR,PHI,6.579358974358975,2.436500003793638,12.156582278481013,41.787284590131115,106,158,67.08860759493672,1456.0,7,4.522075471698113,2.754841859450974,1.7672336122471388,00-0035676,Arthur,Brown,11,A.Brown
2023,REG,0,Justin Jefferson,WR,MIN,6.570744680851064,2.7057248300904826,12.523399999999999,26.29071908267781,68,100,68.0,1074.0,5,4.1061764705882355,3.517767338649681,0.5884091319385547,00-0036322,Justin,Jefferson,18,J.Jefferson
2023,REG,0,Mike Evans,WR,TB,6.5689473684210515,2.370892184852302,14.374999999999998,41.255953624509615,79,136,58.08823529411765,1255.0,13,4.552784810126583,3.6714221989243585,0.8813626112022241,00-0031408,Mike,Evans,13,M.Evans
2023,REG,0,Darius Slayton,WR,NYG,6.545,2.867353654183732,12.377468354430379,27.502003965742727,50,79,63.29113924050633,770.0,4,6.171200000000002,4.285543233297966,1.8856567667020352,00-0035535,Darius,Slayton,86,D.Slayton
2023,REG,0,Cade Otton,TE,TB,6.5016,3.4357684048952217,6.52955223880597,9.232048384475943,47,67,70.1492537313433,452.0,4,4.98468085106383,4.620845476133046,0.3638353749307841,00-0038129,Cade,Otton,88,C.Otton
2023,REG,0,Gabe Davis,WR,BUF,6.501518987341774,2.8100075784507923,15.063703703703707,26.057095997129835,45,81,55.55555555555556,746.0,7,4.312222222222221,3.238600483909495,1.0736217383127262,00-0036196,Gabriel,Davis,13,G.Davis
2023,REG,0,Jordan Addison,WR,MIN,6.434134615384616,2.7593986201497493,12.408148148148147,28.132669106085313,70,108,64.81481481481481,911.0,10,3.8542857142857136,2.4167099140357435,1.4375758002499701,00-0038994,Jordan,Addison,3,J.Addison
2023,REG,0,Logan Thomas,TE,WAS,6.41725806451613,3.2774368740565443,6.296666666666667,11.027387725592861,55,78,70.51282051282051,496.0,4,4.364545454545455,3.9465727722914017,0.4179726822540535,00-0031260,Logan,Thomas,82,L.Thomas
2023,REG,0,Trey Palmer,WR,TB,6.416212121212121,3.070626674677751,10.158823529411766,14.57780704031266,39,68,57.35294117647059,385.0,3,3.0753846153846154,3.64057688110388,-0.5651922657192645,00-0039052,Trey,Palmer,10,T.Palmer
2023,REG,0,Christian Watson,WR,GB,6.401,2.913774136445268,16.26811320754717,17.90526228350708,28,53,52.83018867924528,422.0,5,3.7060714285714296,1.8670894164674061,1.8389820121040235,00-0038124,Christian,Watson,9,C.Watson
2023,REG,0,Nelson Agholor,WR,BAL,6.395348837209302,3.5799465724612403,9.390000000000002,10.325968754505622,35,45,77.77777777777779,381.0,4,4.260000000000001,4.3074649168500185,-0.04746491685001786,00-0031549,Nelson,Agholor,15,N.Agholor
2023,REG,0,Kylen Granson,TE,IND,6.391794871794872,3.503700410756128,8.0102,9.73953178461217,30,50,60.0,368.0,1,4.546666666666668,4.640754739754702,-0.09408807308803446,00-0036876,Kylen,Granson,83,K.Granson
2023,REG,0,Courtland Sutton,WR,DEN,6.368977272727273,2.9192387594368774,12.706555555555555,32.0485945688423,59,90,65.55555555555556,772.0,10,3.080508474576272,3.186886052609805,-0.10637757803353276,00-0034348,Courtland,Sutton,14,C.Sutton
2023,REG,0,Rashee Rice,WR,KC,6.355957446808511,4.154307669667891,4.994411764705883,13.0471195070354,79,102,77.45098039215686,938.0,7,8.406455696202531,6.544876055216359,1.8615796409861725,00-0039067,Rashee,Rice,4,R.Rice
2023,REG,0,Drake London,WR,ATL,6.327870370370371,2.2239363759101027,11.36718181818182,30.04105932580059,69,110,62.727272727272734,905.0,2,3.037101449275362,2.754265736881031,0.28283571239433103,00-0037238,Drake,London,5,D.London
2023,REG,0,Adam Thielen,WR,CAR,6.30520325203252,2.88760037104662,7.6350364963503665,26.349465453482875,103,137,75.18248175182481,1014.0,4,3.4421359223300967,4.513196068744899,-1.0710601464148026,00-0030035,Adam,Thielen,19,A.Thielen
2023,REG,0,Tanner Hudson,TE,CIN,6.304736842105264,3.0683933297976207,5.111199999999999,6.812099499941357,39,50,78.0,352.0,1,4.068205128205128,3.7983991775846415,0.2698059506204866,00-0034613,Tanner,Hudson,87,T.Hudson
2023,REG,0,Allen Lazard,WR,NYJ,6.3046938775510215,2.209960657840716,12.02795918367347,15.389214989973263,23,49,46.93877551020408,311.0,1,2.4143478260869577,2.301296873140357,0.11305095294660061,00-0034521,Allen,Lazard,10,A.Lazard
2023,REG,0,Michael Wilson,WR,ARI,6.301454545454545,2.6488132385599372,12.617894736842105,18.301089332379963,37,57,64.91228070175438,561.0,3,3.9810810810810797,2.8111865367577447,1.169894544323335,00-0038559,Michael,Wilson,14,M.Wilson
2023,REG,0,Chris Olave,WR,NO,6.290930232558139,2.9562174364804776,13.260652173913044,37.148077098748516,87,138,63.04347826086957,1123.0,5,4.0537931034482755,4.314998608790422,-0.26120550534214626,00-0037239,Chris,Olave,12,C.Olave
2023,REG,0,Kyle Pitts,TE,ATL,6.277875000000001,2.374324590543921,11.448666666666666,24.75524173107463,53,90,58.88888888888889,667.0,3,2.84188679245283,3.0283869693294316,-0.18650017687660148,00-0036970,Kyle,Pitts,8,K.Pitts
2023,REG,0,D.J. Moore,WR,CHI,6.275075757575757,2.737857989088661,11.488823529411766,41.50476281550665,96,136,70.58823529411765,1364.0,8,5.904062500000001,4.328296013823823,1.5757664861761782,00-0034827,Denniston,Moore,2,D.Moore
2023,REG,0,Darren Waller,TE,NYG,6.261833333333333,2.943662681780704,7.649459459459459,15.920910152020134,52,74,70.27027027027027,552.0,1,4.318461538461539,4.538782680184086,-0.2203211417225477,00-0031610,Darren,Waller,12,D.Waller
2023,REG,0,Tyler Higbee,TE,LAR,6.260967741935484,3.6782785886710037,5.5282857142857145,9.018641820228439,47,70,67.14285714285714,495.0,2,5.460851063829787,5.374312893558835,0.08653817027095201,00-0033110,Tyler,Higbee,89,T.Higbee
2023,REG,0,Alec Pierce,WR,IND,6.241076923076923,2.1531582713154367,15.014923076923077,23.733466919247807,32,65,49.23076923076923,514.0,2,3.371249999999999,3.4087338932165405,-0.03748389321654155,00-0037664,Alec,Pierce,14,A.Pierce
2023,REG,0,Brandin Cooks,WR,DAL,6.225844155844156,2.6307468618744485,13.360875000000002,22.29520438365765,54,81,66.66666666666666,657.0,8,2.42037037037037,2.5458696226366526,-0.12549925226628256,00-0031236,Brandin,Cooks,3,B.Cooks
2023,REG,0,Evan Engram,TE,JAX,6.220818181818182,3.3855664522896727,4.732657342657342,13.757640931609217,114,143,79.72027972027972,963.0,4,4.796666666666666,4.30911290606087,0.48755376060579625,00-0033881,Evan,Engram,17,E.Engram
2023,REG,0,Jonathan Mingo,WR,CAR,6.17345238095238,2.76853596969463,10.28376470588235,22.01968904607881,43,85,50.588235294117645,418.0,0,3.695813953488373,4.364936336585179,-0.6691223830968065,00-0039062,Jonathan,Mingo,15,J.Mingo
2023,REG,0,Tyler Boyd,WR,CIN,6.135444444444444,3.093340407220002,6.739693877551019,17.605742677712737,67,98,68.36734693877551,667.0,2,4.486567164179106,3.419008793415187,1.0675583707639187,00-0033009,Tyler,Boyd,83,T.Boyd
2023,REG,0,Michael Gallup,WR,DAL,6.134736842105264,2.3062134999520603,10.862105263157893,12.914435658309987,34,57,59.64912280701754,418.0,2,3.130588235294118,2.9070451469240584,0.22354308837005954,00-0034764,Michael,Gallup,13,M.Gallup
2023,REG,0,Josh Downs,WR,IND,6.089431818181819,3.252041622825177,6.937244897959182,16.53247280659305,68,98,69.38775510204081,771.0,2,5.655147058823529,5.0905534744864145,0.5645935843371142,00-0038997,Joshua,Downs,1,J.Downs
2023,REG,0,Quentin Johnston,WR,LAC,6.0782089552238805,2.3844210874041636,13.080895522388062,18.60049535104345,38,67,56.71641791044776,431.0,2,3.8905263157894736,3.2215256877116474,0.6690006280778262,00-0038544,Quentin,Johnston,1,Q.Johnston
2023,REG,0,Christian Kirk,WR,JAX,6.069625,3.1287428175873155,9.938823529411765,17.173419417266526,57,85,67.05882352941175,787.0,3,4.696666666666665,4.4858077150461195,0.2108589516205459,00-0034775,Christian,Kirk,13,C.Kirk
2023,REG,0,Dalton Kincaid,TE,BUF,6.065569620253164,3.8297439689369206,5.867582417582418,11.402755710453933,73,91,80.21978021978022,673.0,2,4.487123287671233,4.331444572997653,0.15567871467357985,00-0038933,Dalton,Kincaid,86,D.Kincaid
2023,REG,0,Marquise Brown,WR,ARI,6.064591836734693,2.5148956893887444,11.86178217821782,30.485021361703634,51,101,50.495049504950494,574.0,4,3.385294117647059,3.803695691253705,-0.4184015736066464,00-0035662,Marquise,Brown,2,M.Brown
2023,REG,0,Hunter Henry,TE,NE,6.016346153846153,2.3545327314122955,8.838524590163933,13.722949893352201,42,61,68.85245901639344,419.0,6,2.106428571428572,2.1691862762598357,-0.06275770483126353,00-0033090,Hunter,Henry,85,H.Henry
2023,REG,0,Justin Watson,WR,KC,6.009183673469387,2.480391722434109,17.542307692307695,23.362547188657313,26,52,50.0,449.0,3,2.281153846153846,3.2326761635915813,-0.9515223174377354,00-0034386,Justin,Watson,84,J.Watson
2023,REG,0,Puka Nacua,WR,LAR,5.996315789473686,2.890085917127662,8.9824375,33.49398376560574,105,160,65.625,1486.0,6,6.342952380952381,4.402659577029722,1.9402928039226595,00-0039075,Puka,Nacua,17,P.Nacua
2023,REG,0,T.J. Hockenson,TE,MIN,5.983300970873788,3.0763958807720653,7.235826771653542,19.29177084579808,95,127,74.80314960629921,960.0,5,3.886315789473685,3.789140176613115,0.09717561286056986,00-0035229,Thomas,Hockenson,87,T.Hockenson
2023,REG,0,Tyler Conklin,TE,NYJ,5.97304347826087,3.450107991712769,6.715747126436782,15.256047376336902,61,87,70.11494252873564,621.0,0,4.45655737704918,4.224486263641857,0.232071113407323,00-0034270,Tyler,Conklin,83,T.Conklin
2023,REG,0,Stefon Diggs,WR,BUF,5.956666666666667,2.8111488611452033,10.102187499999998,34.517921514359415,107,160,66.875,1183.0,8,3.9614953271028037,3.6623475355368162,0.2991477915659875,00-0031588,Stefon,Diggs,14,S.Diggs
2023,REG,0,Tee Higgins,WR,CIN,5.940675675675675,2.3280172055338837,13.094078947368422,26.526298393201763,42,76,55.26315789473685,656.0,5,5.437380952380953,3.4750294206585552,1.9623515317223976,00-0036410,Tamaurice,Higgins,5,T.Higgins
2023,REG,0,Ja'Marr Chase,WR,CIN,5.9384732824427475,3.1961065643824584,8.601310344827585,33.24457025877235,100,145,68.96551724137932,1216.0,7,5.5698,4.346315288918142,1.2234847110818583,00-0036900,Ja'Marr,Chase,1,J.Chase
2023,REG,0,Gerald Everett,TE,LAC,5.935892857142855,3.984096198460132,3.9628571428571426,5.8873341667002705,51,70,72.85714285714285,411.0,3,5.588431372549021,4.945532954593304,0.6428984179557169,00-0033895,Gerald,Everett,7,G.Everett
2023,REG,0,Darnell Mooney,WR,CHI,5.909999999999999,3.0754228055485706,10.59934426229508,17.174824283186968,31,61,50.81967213114754,414.0,1,6.174838709677419,4.722360336693859,1.4524783729835606,00-0036309,Darnell,Mooney,11,D.Mooney
2023,REG,0,Romeo Doubs,WR,GB,5.904,2.7151352640385693,12.163854166666667,24.24990654981933,59,96,61.458333333333336,674.0,8,2.398644067796609,2.606293386064356,-0.2076493182677468,00-0037816,Romeo,Doubs,87,R.Doubs
2023,REG,0,K.J. Osborn,WR,MIN,5.884931506849315,3.273960466134413,8.998666666666667,14.168361873691854,48,75,64.0,540.0,3,3.967708333333334,3.734539317801738,0.23316901553159575,00-0036345,K.J.,Osborn,17,K.Osborn
2023,REG,0,Sam LaPorta,TE,DET,5.842929292929293,3.3862175699388692,7.0575,21.088567501344652,86,120,71.66666666666667,889.0,10,4.3477906976744185,3.5326838418786606,0.8151068557957579,00-0039065,Sam,LaPorta,87,S.LaPorta
2023,REG,0,DeVante Parker,WR,NE,5.841272727272728,1.994365960655412,10.968363636363636,15.354737554787443,33,55,60.0,394.0,0,4.203333333333333,3.882395272665118,0.3209380606682153,00-0031547,DeVante,Parker,1,D.Parker
2023,REG,0,Nico Collins,WR,HOU,5.8057943925233655,3.0195786656265766,11.175321100917433,24.06176480464916,80,109,73.39449541284404,1297.0,8,7.0005,4.5269986945302385,2.473501305469761,00-0036554,Nico,Collins,12,N.Collins
2023,REG,0,Mike Gesicki,TE,NE,5.805142857142857,3.0910282097670505,8.692444444444446,9.956170045968001,29,45,64.44444444444444,244.0,2,3.23551724137931,3.6871654864536643,-0.4516482450743542,00-0034829,Michael,Gesicki,88,M.Gesicki
2023,REG,0,DK Metcalf,WR,SEA,5.799243697478992,2.447393521119554,13.753781512605041,38.332814172391096,66,119,55.46218487394958,1114.0,8,5.923636363636363,3.9779730717729547,1.9456632918634083,00-0035640,DeKaylin,Metcalf,14,D.Metcalf
2023,REG,0,DeAndre Hopkins,WR,TEN,5.7894656488549625,2.271084470396227,14.190510948905109,43.815641199008326,75,137,54.74452554744526,1057.0,7,3.3619999999999997,3.5594040097784805,-0.19740400977848083,00-0030564,DeAndre,Hopkins,10,D.Hopkins
2023,REG,0,Dalton Schultz,TE,HOU,5.774852941176471,3.3139522000525816,7.986022727272727,13.882068492798915,59,88,67.04545454545455,635.0,5,4.621864406779661,4.154948978031588,0.4669154287480728,00-0034383,Dalton,Schultz,86,D.Schultz
2023,REG,0,Josh Reynolds,WR,DET,5.765,2.4974598711844074,11.148124999999999,17.766290165142735,40,64,62.5,608.0,5,4.96475,4.0006322476732,0.9641177523268007,00-0033943,Joshua Dedmon-Reynolds,Reynolds,8,J.Reynolds
2023,REG,0,Tyreek Hill,WR,MIA,5.756883116883117,3.2584266384584817,10.837251461988304,43.43852477268945,119,171,69.5906432748538,1799.0,13,5.770504201680673,5.0039547432324385,0.7665494584482344,00-0033040,Tyreek,Hill,10,T.Hill
2023,REG,0,Terry McLaurin,WR,WAS,5.750472440944881,2.6397086943460537,11.435151515151516,33.8909071314063,79,132,59.84848484848485,1002.0,4,4.558987341772152,3.93883858413503,0.6201487576371219,00-0035659,Terry,McLaurin,17,T.McLaurin
2023,REG,0,Brandon Aiyuk,WR,SF,5.748058252427185,2.895383651341387,14.090095238095241,37.60166321011752,75,105,71.42857142857143,1342.0,7,5.1179999999999986,3.2573604113830474,1.8606395886169511,00-0036261,Brandon,Aiyuk,11,B.Aiyuk
2023,REG,0,D.J. Chark,WR,CAR,5.74609375,2.2882380354006724,15.091818181818182,25.091442217587133,35,66,53.03030303030303,525.0,5,2.792285714285714,2.556324468783374,0.23596124550233988,00-0034777,Darrell,Chark,17,D.Chark
2023,REG,0,Khalil Shakir,WR,BUF,5.6899999999999995,3.5099802895777232,8.300222222222223,7.976483351271933,39,45,86.66666666666667,611.0,2,7.648717948717947,4.607449878110796,3.041268070607151,00-0037261,Khalil,Shakir,10,K.Shakir
2023,REG,0,Luke Musgrave,TE,GB,5.604285714285714,4.323183076949761,7.0997826086956515,6.782198778917638,34,46,73.91304347826086,352.0,1,5.332058823529412,5.280687320491923,0.05137150303748861,00-0039144,Luke,Musgrave,88,L.Musgrave
2023,REG,0,Calvin Ridley,WR,JAX,5.580962962962964,2.2906645676241943,13.753235294117646,38.02302392854166,76,136,55.88235294117647,1016.0,8,2.7048684210526317,3.136831703162853,-0.4319632821102215,00-0034837,Calvin,Ridley,0,C.Ridley
2023,REG,0,Garrett Wilson,WR,NYJ,5.552670807453415,2.4560430800553723,10.21154761904762,44.794974097593595,95,168,56.547619047619044,1042.0,3,3.5825263157894733,3.1155671375856677,0.4669591782038056,00-0037740,Garrett,Wilson,17,G.Wilson
2023,REG,0,Mark Andrews,TE,BAL,5.551836734693877,3.212977322272524,7.859836065573769,11.716449460058499,45,61,73.77049180327869,544.0,6,5.036222222222222,4.969058108286893,0.06716411393532962,00-0034753,Mark,Andrews,89,M.Andrews
2023,REG,0,CeeDee Lamb,WR,DAL,5.5458181818181815,2.710044245469009,9.6685635359116,36.502877453240075,135,181,74.58563535911603,1749.0,12,5.220222222222222,4.466668216701805,0.7535540055204164,00-0036358,Cedarian,Lamb,88,C.Lamb
2023,REG,0,Rashod Bateman,WR,BAL,5.542727272727273,2.5042399791084753,14.243035714285716,19.491411521195666,32,56,57.14285714285714,367.0,1,1.7765624999999996,2.2661838246674595,-0.4896213246674599,00-0036550,Rashod,Bateman,7,R.Bateman
2023,REG,0,Chigoziem Okonkwo,TE,TEN,5.491607142857143,3.7728061529462757,6.883376623376623,11.945458643227402,54,77,70.12987012987013,528.0,1,5.2650000000000015,5.10412924298922,0.16087075701078124,00-0037809,Chigoziem,Okonkwo,85,C.Okonkwo
2023,REG,0,Jake Ferguson,TE,DAL,5.467215189873418,3.3389146940786287,5.659019607843137,12.04004029894643,71,102,69.6078431372549,761.0,5,6.023380281690141,4.623660029048658,1.3997202526414831,00-0038041,Jake,Ferguson,87,J.Ferguson
2023,REG,0,Amari Cooper,WR,CLE,5.39536,2.1661048539902095,14.031640625000001,35.06430880722197,72,128,56.25,1250.0,5,4.271666666666667,2.654604355379979,1.6170623112866882,00-0031544,Amari,Cooper,2,A.Cooper
2023,REG,0,George Kittle,TE,SF,5.385774647887324,3.295197448332169,9.630555555555558,22.029146842340694,65,90,72.22222222222221,1020.0,6,7.660153846153846,4.81255162666852,2.847602219485326,00-0033288,George,Kittle,85,G.Kittle
2023,REG,0,Odell Beckham,WR,BAL,5.309375,2.676241473295458,14.2384375,22.268707341689247,35,64,54.6875,565.0,3,4.87,3.728633918944001,1.141366081055999,00-0031235,Odell,Beckham,3,O.Beckham
2023,REG,0,Davante Adams,WR,LV,5.252865497076024,2.551200385892476,10.426914285714286,44.49101504401043,103,175,58.857142857142854,1144.0,8,3.4702912621359223,3.1265960632043384,0.34369519893158396,00-0031381,Davante,Adams,17,D.Adams
2023,REG,0,Michael Thomas,WR,NO,5.113833333333333,1.9965129264071915,10.17125,13.214376338519942,39,64,60.9375,448.0,1,2.8933333333333326,2.5124562542642357,0.38087707906909696,00-0032765,Michael,Thomas,13,M.Thomas
2023,REG,0,Trey McBride,TE,ARI,5.107714285714285,3.46436421046467,5.949999999999999,16.04863190947421,81,106,76.41509433962264,825.0,3,5.447037037037037,4.4959268952530556,0.9511101417839818,00-0037744,Trey,McBride,85,T.McBride
2023,REG,0,David Njoku,TE,CLE,5.078837209302325,3.48310974053397,4.926991869918699,11.831336779796025,81,123,65.85365853658537,882.0,6,7.611975308641974,5.396506014491641,2.215469294150333,00-0033885,David,Njoku,85,D.Njoku
2023,REG,0,George Pickens,WR,PIT,5.0578095238095235,2.270821970280402,13.19,38.39799185978172,63,106,59.43396226415094,1140.0,5,6.6466666666666665,3.7060502696805933,2.9406163969860732,00-0037247,George,Pickens,14,G.Pickens
2023,REG,0,Juwan Johnson,TE,NO,4.9534,2.802762570983399,7.829322033898304,9.377099763506997,37,59,62.71186440677966,368.0,4,3.9802702702702697,3.7542252943325094,0.2260449759377603,00-0036040,Juwan,Johnson,83,J.Johnson
2024,REG,0,Ray-Ray McCloud,WR,ATL,8.143947368421053,3.187889198014638,6.720459770114944,13.054214688559146,62,87,71.26436781609196,686.0,1,5.6366129032258065,4.465058947621886,1.1715539556039207,00-0034407,Ray-Ray,McCloud,34,R.McCloud
2024,REG,0,Marvin Mims,WR,DEN,7.996363636363636,5.205587753915061,7.139807692307692,9.146721523509198,39,52,75.0,501.0,6,12.414102564102564,9.636652786159798,2.777449777942765,00-0038976,Marvin,Mims,19,M.Mims
2024,REG,0,Tutu Atwell,WR,LAR,7.494035087719299,3.3689980065504876,11.851451612903226,18.011677844452286,42,62,67.74193548387096,562.0,0,2.897142857142857,3.496919408193282,-0.5997765510504252,00-0036849,Chatarius,Atwell,5,T.Atwell
2024,REG,0,Greg Dortch,WR,ARI,7.47525,3.688801355792188,4.2516,5.757698870561468,37,50,74.0,342.0,3,8.034324324324327,5.521060629666562,2.5132636946577653,00-0035500,Greg,Dortch,4,G.Dortch
2024,REG,0,Troy Franklin,WR,DEN,7.358235294117648,3.805752775194941,13.236603773584907,17.28335447949644,28,53,52.83018867924528,263.0,2,6.086785714285715,5.645540720035366,0.4412449942503489,00-0039868,Troy,Franklin,16,T.Franklin
2024,REG,0,Zay Flowers,WR,BAL,7.253076923076923,3.9155002147205766,10.62301724137931,29.742848315745775,74,116,63.793103448275865,1059.0,4,6.233648648648649,4.596885334031022,1.6367633146176273,00-0039064,Xavien,Flowers,4,Z.Flowers
2024,REG,0,Jalen McMillan,WR,TB,7.17490909090909,3.2762200694816372,12.167586206896555,18.425869113980237,37,58,63.793103448275865,461.0,8,3.7989189189189183,3.9761300146720604,-0.1772110957531421,00-0039855,Jalen,McMillan,15,J.McMillan
2024,REG,0,Cooper Kupp,WR,LAR,7.11934065934066,3.2635752640753366,7.8189,19.166225438286855,67,100,67.0,710.0,6,4.2429850746268665,4.007833425403783,0.2351516492230834,00-0033908,Cooper,Kupp,10,C.Kupp
2024,REG,0,Olamide Zaccheaus,WR,WAS,7.107333333333333,3.9944681268748887,6.35921875,10.240313607874416,45,64,70.3125,506.0,3,6.414666666666666,5.678746020517229,0.7359206461494372,00-0035208,Olamide,Zaccheaus,14,O.Zaccheaus
2024,REG,0,Jayden Reed,WR,GB,7.012711864406779,3.996402117259854,8.156533333333334,15.194205864674357,55,75,73.33333333333333,857.0,6,7.520181818181818,6.490640493207048,1.0295413249747707,00-0039146,Jayden,Reed,11,J.Reed
2024,REG,0,Cole Kmet,TE,CHI,6.967142857142857,3.901410308037418,6.730545454545456,8.894025160254875,47,55,85.45454545454545,474.0,4,4.427659574468085,4.730171090071509,-0.30251151560342393,00-0036290,Cole,Kmet,85,C.Kmet
2024,REG,0,Stefon Diggs,WR,HOU,6.933220338983051,3.021883810509726,8.716406249999999,12.348616826526113,47,64,73.4375,496.0,3,4.06468085106383,3.906554492479935,0.15812635858389523,00-0031588,Stefon,Diggs,1,S.Diggs
2024,REG,0,Dalton Schultz,TE,HOU,6.927068965517242,3.1690435838639153,7.599882352941177,14.299691644290771,53,85,62.35294117647059,532.0,2,4.218490566037737,3.9093161134095733,0.30917445262816345,00-0034383,Dalton,Schultz,86,D.Schultz
2024,REG,0,Sterling Shepard,WR,TB,6.904285714285714,3.1058601324461725,9.600392156862744,12.783645122126341,32,51,62.745098039215684,334.0,1,2.9543749999999998,3.4961925779700125,-0.5418175779700127,00-0032385,Sterling,Shepard,17,S.Shepard
2024,REG,0,Demario Douglas,WR,NE,6.8672499999999985,4.010061826531089,5.7924137931034485,13.555811401149153,66,87,75.86206896551724,621.0,3,5.817878787878787,5.518932041033413,0.2989467468453748,00-0038621,Demario,Douglas,3,D.Douglas
2024,REG,0,Pat Freiermuth,TE,PIT,6.8486206896551725,3.5037504967012536,6.089102564102563,13.423643927917334,65,78,83.33333333333334,655.0,7,4.494,3.5808024039479758,0.913197596052024,00-0036894,Pat,Freiermuth,88,P.Freiermuth
2024,REG,0,Colby Parkinson,TE,LAR,6.817187499999999,3.7235658411046417,5.731836734693878,6.884633486292505,30,49,61.224489795918366,294.0,1,5.593666666666666,6.165020361064037,-0.5713536943973709,00-0036244,Colby,Parkinson,86,C.Parkinson
2024,REG,0,Chigoziem Okonkwo,TE,TEN,6.797199999999999,4.060949185072256,5.784571428571429,9.83837578844042,52,70,74.28571428571429,483.0,2,5.187115384615385,4.179482266654736,1.0076331179606495,00-0037809,Chigoziem,Okonkwo,85,C.Okonkwo
2024,REG,0,Lil'Jordan Humphrey,WR,DEN,6.786666666666667,3.359991106858923,6.391111111111112,7.085401756568658,31,45,68.88888888888889,293.0,1,6.155161290322579,4.61677894442788,1.538382345894699,00-0035406,Lil'Jordan,Humphrey,84,L.Humphrey
2024,REG,0,Isaiah Likely,TE,BAL,6.714897959183673,4.317954919105887,8.482586206896553,11.874981897525515,42,58,72.41379310344827,477.0,6,6.401904761904763,5.081919856154866,1.3199849057498971,00-0037838,Isaiah,Likely,80,I.Likely
2024,REG,0,Drake London,WR,ATL,6.6970833333333335,2.4186223045925064,10.837088607594938,38.229817408894235,100,158,63.29113924050633,1271.0,9,3.512199999999999,2.760216772440635,0.7519832275593643,00-0037238,Drake,London,5,D.London
2024,REG,0,Khalil Shakir,WR,BUF,6.673404255319147,4.253743736038472,5.4061,13.278037853742886,76,100,76.0,821.0,4,8.158026315789474,6.73766774542652,1.4203585703629544,00-0037261,Khalil,Shakir,10,K.Shakir
2024,REG,0,Wan'Dale Robinson,WR,NYG,6.646017699115045,3.247169975782151,4.940214285714286,17.60845046756097,93,140,66.42857142857143,699.0,3,4.054623655913978,3.7100160601510055,0.3446075957629722,00-0038117,Charles,Robinson,17,W.Robinson
2024,REG,0,Evan Engram,TE,JAX,6.620408163265305,3.646108447464602,5.3629687499999985,7.932927322524354,47,64,73.4375,365.0,1,3.6397872340425534,4.357243371045069,-0.7174561370025154,00-0033881,Evan,Engram,17,E.Engram
2024,REG,0,Curtis Samuel,WR,BUF,6.607567567567568,4.056089405564893,4.4852173913043485,5.067469654620211,31,46,67.3913043478261,253.0,1,5.3990322580645165,5.309485449262343,0.08954680880217314,00-0033282,Curtis,Samuel,1,C.Samuel
2024,REG,0,Josh Palmer,WR,LAC,6.607500000000001,2.555612455667099,15.21476923076923,23.37690580309656,39,65,60.0,575.0,1,2.5892307692307686,2.4475277456403175,0.14170302359045106,00-0036988,Josh,Palmer,5,J.Palmer
2024,REG,0,Noah Brown,WR,WAS,6.589230769230768,2.6139237058800577,11.59,16.330556387269493,35,56,62.5,453.0,1,2.485714285714286,3.091674051618528,-0.6059597659042417,00-0033591,Noah,Brown,85,N.Brown
2024,REG,0,Michael Pittman,WR,IND,6.584112149532712,2.841029382738347,10.587387387387386,22.97210390615684,69,111,62.16216216216216,808.0,3,3.9342028985507254,3.1393979366678235,0.7948049618829018,00-0036252,Michael,Pittman,11,M.Pittman
2024,REG,0,Christian Kirk,WR,JAX,6.582820512820513,2.7862910270696193,13.16340425531915,14.299284665965589,27,47,57.446808510638306,379.0,1,4.929259259259259,4.825258604006904,0.10400065525235469,00-0034775,Christian,Kirk,13,C.Kirk
2024,REG,0,Mike Evans,WR,TB,6.558440366972477,2.491417273611868,11.874454545454546,34.10373232725421,74,110,67.27272727272727,1004.0,11,3.3959459459459462,2.629450588885462,0.7664953570604842,00-0031408,Mike,Evans,13,M.Evans
2024,REG,0,Jalen Tolbert,WR,DAL,6.544594594594595,2.7227795481580093,11.91518987341772,20.314526623834873,49,79,62.0253164556962,610.0,7,3.4726530612244892,3.377135760038563,0.09551730118592605,00-0037666,Jalen,Tolbert,1,J.Tolbert
2024,REG,0,Amon-Ra St. Brown,WR,DET,6.542890624999999,3.091643513003559,8.03418439716312,31.897483837541955,115,141,81.56028368794325,1263.0,12,3.7073043478260868,3.2094389241852985,0.49786542364078823,00-0036963,Amon-Ra,St. Brown,14,A.St. Brown
2024,REG,0,Parker Washington,WR,JAX,6.541,3.165127913263332,11.233333333333333,13.241191221846002,32,51,62.745098039215684,390.0,3,3.5253125,2.7282400598533125,0.7970724401466875,00-0038606,Christopher,Washington,11,P.Washington
2024,REG,0,Terry McLaurin,WR,WAS,6.540357142857144,2.7326569820340496,13.67025641025641,40.24315681148554,82,117,70.08547008547008,1096.0,13,3.6980487804878064,2.8021144777413616,0.8959343027464448,00-0035659,Terry,McLaurin,17,T.McLaurin
2024,REG,0,DeVonta Smith,WR,PHI,6.536785714285713,2.957029785309726,9.605280898876403,25.60656346600848,68,89,76.40449438202246,833.0,8,4.303676470588236,4.036818202239138,0.26685826834909854,00-0036912,DeVonta,Smith,6,D.Smith
2024,REG,0,Jameson Williams,WR,DET,6.517386363636363,3.36673002446728,11.328901098901099,29.028506746559145,58,91,63.73626373626373,992.0,7,7.7843103448275865,6.1631244563231045,1.621185888504482,00-0037240,Jameson,Williams,9,J.Williams
2024,REG,0,Puka Nacua,WR,LAR,6.509191919191918,3.319900838167648,7.691320754716981,19.98470408283327,79,106,74.52830188679245,990.0,3,6.726582278481012,5.239685190830669,1.486897087650343,00-0039075,Puka,Nacua,17,P.Nacua
2024,REG,0,Keenan Allen,WR,CHI,6.491150442477876,3.0022840319087076,9.747520661157026,28.33772212237995,70,121,57.85123966942148,744.0,7,3.7638571428571423,3.868565738071702,-0.10470859521455944,00-0030279,Keenan,Allen,13,K.Allen
2024,REG,0,Brock Bowers,TE,LV,6.48290322580645,3.515527475627349,6.004901960784313,22.407388889837346,112,153,73.20261437908496,1194.0,5,5.440357142857144,4.457379927637281,0.9829772152198624,00-0039338,Brock,Bowers,89,B.Bowers
2024,REG,0,Brenton Strange,TE,JAX,6.473777777777777,3.0354875110980575,6.4841509433962266,7.942865727525916,40,53,75.47169811320755,411.0,2,4.918750000000001,3.7774282304012416,1.1413217695987594,00-0038935,Brenton,Strange,85,B.Strange
2024,REG,0,Darnell Mooney,WR,ATL,6.457171717171717,2.9777865475755743,12.671981132075471,29.99044399690993,64,106,60.37735849056604,992.0,5,4.433906250000001,4.6921197881920715,-0.25821353819207093,00-0036309,Darnell,Mooney,1,D.Mooney
2024,REG,0,Jakobi Meyers,WR,LV,6.4472,2.731501328602795,9.809379844961239,30.862077796015324,87,129,67.44186046511628,1027.0,4,3.5316091954022997,3.359381169979856,0.17222802542244375,00-0034960,Jakobi,Meyers,16,J.Meyers
2024,REG,0,Tyler Boyd,WR,TEN,6.431555555555555,2.774185579386632,7.127543859649122,9.871176853624638,39,57,68.42105263157895,390.0,0,5.16076923076923,4.029816659021234,1.1309525717479953,00-0033009,Tyler,Boyd,83,T.Boyd
2024,REG,0,Jalen Coker,WR,CAR,6.430000000000001,2.669252053979642,11.380652173913044,12.517484691181496,32,46,69.56521739130434,478.0,2,5.601562499999999,3.4185336161594084,2.1830288838405907,00-0039491,Jalen,Coker,18,J.Coker
2024,REG,0,Calvin Austin,WR,PIT,6.4069230769230785,2.958910182762406,12.60637931034483,20.665261039636423,36,58,62.06896551724138,548.0,4,4.716944444444445,3.678598499887814,1.0383459445566308,00-0037837,Calvin,Austin,19,C.Austin
2024,REG,0,Adam Thielen,WR,CAR,6.4055,3.004133022666709,10.9491935483871,16.231771088629753,48,62,77.41935483870968,615.0,5,3.508333333333333,3.6864382538569607,-0.1781049205236278,00-0030035,Adam,Thielen,19,A.Thielen
2024,REG,0,Tyler Lockett,WR,SEA,6.4013888888888895,2.664344589976156,11.09364864864865,20.137565280956483,49,74,66.21621621621621,600.0,2,2.997959183673469,3.892384137000493,-0.8944249533270239,00-0032211,Tyler,Lockett,16,T.Lockett
2024,REG,0,Chris Godwin,WR,TB,6.390701754385964,3.233242610841702,5.581129032258065,9.034607903291079,50,62,80.64516129032258,576.0,5,7.3256,5.047980963331976,2.277619036668024,00-0033921,Rod,Godwin,14,C.Godwin
2024,REG,0,David Njoku,TE,CLE,6.390454545454546,3.09989212913583,5.297835051546391,10.431349464111724,64,97,65.97938144329896,505.0,5,4.214843749999999,3.415874500640829,0.7989692493591702,00-0033885,David,Njoku,85,D.Njoku
2024,REG,0,Dontayvion Wicks,WR,GB,6.365616438356164,2.971322299092621,11.674473684210525,22.037485035294353,39,76,51.31578947368421,415.0,5,3.8176923076923073,2.7126729972299213,1.105019310462386,00-0038393,Dontayvion,Wicks,13,D.Wicks
2024,REG,0,Xavier Legette,WR,CAR,6.355063291139241,2.619110107955592,12.29654761904762,24.697589563462554,49,84,58.333333333333336,497.0,4,2.5199999999999996,2.4602070073881013,0.0597929926118983,00-0039342,Xavier,Legette,17,X.Legette
2024,REG,0,Jordan Addison,WR,MIN,6.3459574468085105,2.9958312128217406,13.366868686868688,28.82541425151553,63,99,63.63636363636363,875.0,9,3.5577777777777775,2.912267740051747,0.6455100377260305,00-0038994,Jordan,Addison,3,J.Addison
2024,REG,0,Jonnu Smith,TE,MIA,6.345308641975309,3.496320195255606,4.621711711711711,14.6127136676057,88,111,79.27927927927928,884.0,8,6.133068181818181,5.284924896122789,0.8481432856953921,00-0033858,Jonnu,Smith,9,J.Smith
2024,REG,0,Zach Ertz,TE,WAS,6.322409638554217,3.6313738164396203,7.613406593406592,17.43210907837429,66,91,72.52747252747253,654.0,7,3.143333333333334,3.3507680741110404,-0.2074347407777064,00-0030061,Zachary,Ertz,86,Z.Ertz
2024,REG,0,Xavier Worthy,WR,KC,6.321868131868132,3.7734579572632674,8.992551020408163,24.468099874781696,59,98,60.204081632653065,638.0,6,7.085762711864408,6.639783540419275,0.4459791714451331,00-0039894,Xavier,Worthy,1,X.Worthy
2024,REG,0,Kavontae Turpin,WR,DAL,6.316363636363636,3.3728610555409193,8.846153846153847,9.927421913273179,31,52,59.61538461538461,420.0,2,8.721612903225807,7.41994816294951,1.3016647402762977,00-0037801,Kavontae,Turpin,9,K.Turpin
2024,REG,0,Brandin Cooks,WR,DAL,6.237924528301886,2.1633950295248603,12.583703703703703,14.664960301103022,26,54,48.148148148148145,259.0,3,2.3646153846153846,2.9965910200593324,-0.6319756354439479,00-0031236,Brandin,Cooks,3,B.Cooks
2024,REG,0,Jaxon Smith-Njigba,WR,SEA,6.228250000000001,3.295539909218757,8.820510948905111,29.64252160496099,100,137,72.99270072992701,1130.0,6,4.904,4.330446171919262,0.5735538280807377,00-0038543,Jaxon,Smith-Njigba,11,J.Smith-Njigba
2024,REG,0,Tee Higgins,WR,CIN,6.22211009174312,2.3719850756602376,10.53899082568807,24.564783669524264,73,109,66.97247706422019,911.0,10,3.2075342465753423,2.026651924792704,1.1808823217826383,00-0036410,Tamaurice,Higgins,5,T.Higgins
2024,REG,0,Nick Westbrook-Ikhine,WR,TEN,6.170847457627119,2.313465212806617,12.066,17.59011788945798,32,60,53.333333333333336,497.0,9,4.2459375,2.103275017530498,2.142662482469502,00-0036182,Nicholas,Westbrook-Ikhine,15,N.Westbrook-Ikhine
2024,REG,0,Brian Thomas,WR,JAX,6.1616800000000005,3.0374099303711843,11.388195488721806,35.00699155235576,87,133,65.41353383458647,1282.0,10,6.7796551724137935,5.503592521489139,1.2760626509246542,00-0039893,Brian,Thomas,7,B.Thomas
2024,REG,0,Tyler Conklin,TE,NYJ,6.160222222222222,4.324308091444355,5.209305555555556,9.563184277489663,51,72,70.83333333333334,449.0,4,5.460980392156863,5.53507050555922,-0.07409011340235772,00-0034270,Tyler,Conklin,83,T.Conklin
2024,REG,0,Tre Tucker,WR,LV,6.159999999999998,2.8012876434862855,12.500493827160492,24.694832703690782,47,81,58.0246913580247,539.0,3,4.52,4.539111352806705,-0.019111352806705284,00-0038563,Tre,Tucker,11,T.Tucker
2024,REG,0,Elijah Moore,WR,CLE,6.143118279569892,3.093441668841841,9.086470588235294,18.813332250730753,61,102,59.80392156862745,538.0,1,2.525409836065574,2.8096889002176395,-0.2842790641520656,00-0036980,Elijah,Moore,8,E.Moore
2024,REG,0,Cedric Tillman,WR,CLE,6.1244444444444435,2.920522131983175,11.666122448979591,11.603605066580057,29,49,59.183673469387756,339.0,3,3.9127586206896536,3.1150766838395216,0.797681936850132,00-0038979,Cedric,Tillman,19,C.Tillman
2024,REG,0,Malik Nabers,WR,NYG,6.115975609756098,2.812611932483602,9.45229411764706,40.9103754490393,109,170,64.11764705882354,1204.0,7,4.481834862385321,3.7314270631665534,0.7504077992187672,00-0039337,Malik,Nabers,1,M.Nabers
2024,REG,0,T.J. Hockenson,TE,MIN,6.113076923076922,3.062507251337355,8.712741935483871,11.766768827287558,41,62,66.12903225806451,455.0,0,3.9160975609756092,3.7801273072989385,0.1359702536766707,00-0035229,Thomas,Hockenson,87,T.Hockenson
2024,REG,0,Travis Kelce,TE,KC,6.100769230769232,3.4728247074398646,6.644962406015035,24.537788994671963,97,133,72.93233082706767,823.0,3,3.7696907216494844,4.261860003202084,-0.4921692815526,00-0030506,Travis,Kelce,87,T.Kelce
2024,REG,0,Romeo Doubs,WR,GB,6.0943055555555565,2.5664642248203933,12.457500000000001,22.27791383310069,46,72,63.888888888888886,601.0,4,3.0889130434782617,2.890176474410672,0.19873656906758974,00-0037816,Romeo,Doubs,87,R.Doubs
2024,REG,0,Tank Dell,WR,HOU,6.05474358974359,2.6679110861756405,12.879135802469136,23.09258861629526,51,81,62.96296296296296,667.0,3,3.62078431372549,3.8669140382217706,-0.24612972449628057,00-0038977,Nathaniel,Dell,3,T.Dell
2024,REG,0,Josh Downs,WR,IND,6.043522727272728,3.2853027487737334,6.420934579439252,13.42984536052246,72,107,67.28971962616822,803.0,5,5.82875,5.43881185627578,0.38993814372422,00-0038997,Joshua,Downs,1,J.Downs
2024,REG,0,Tucker Kraft,TE,GB,6.04280701754386,4.403760280932288,5.220428571428571,9.07643549404641,50,70,71.42857142857143,707.0,7,9.5536,6.432470174954526,3.1211298250454735,00-0038996,Tucker,Kraft,85,T.Kraft
2024,REG,0,Michael Wilson,WR,ARI,6.030714285714286,2.580553943158636,11.429859154929579,21.979903036212452,47,71,66.19718309859155,548.0,4,2.936808510638298,2.519757026612914,0.41705148402538406,00-0038559,Michael,Wilson,14,M.Wilson
2024,REG,0,Amari Cooper,WR,BUF,6.0304761904761905,2.6037789190710265,12.779058823529413,22.048960701526468,44,85,51.76470588235295,547.0,4,2.9238636363636363,3.3558318245029026,-0.4319681881392663,00-0031544,Amari,Cooper,18,A.Cooper
2024,REG,0,Adonai Mitchell,WR,IND,6.012075471698114,2.6281684808362327,14.716181818181818,15.821469690779685,23,55,41.81818181818181,312.0,0,4.552173913043476,4.943017201357579,-0.39084328831410264,00-0039890,Adonai,Mitchell,10,A.Mitchell
2024,REG,0,Calvin Ridley,WR,TEN,6.006347826086954,2.744836643924202,15.289,44.57737649791531,64,120,53.333333333333336,1017.0,4,4.066562500000001,3.765521079650674,0.30104142034932657,00-0034837,Calvin,Ridley,0,C.Ridley
2024,REG,0,Rashod Bateman,WR,BAL,6.005,3.596526447505863,14.716944444444445,25.575658688705026,45,72,62.5,756.0,9,4.2362222222222226,3.8714160098434056,0.36480621237881694,00-0036550,Rashod,Bateman,7,R.Bateman
2024,REG,0,Noah Fant,TE,SEA,6.00156862745098,4.191326581736609,5.5390625,8.69595080225972,48,64,75.0,500.0,1,6.071041666666667,5.399806882688419,0.6712347839782478,00-0035644,Noah,Fant,87,N.Fant
2024,REG,0,Juwan Johnson,TE,NO,5.994561403508772,3.3959521574149885,8.281363636363636,12.863406471594693,50,66,75.75757575757575,548.0,3,4.5276000000000005,4.144848498062634,0.3827515019373662,00-0036040,Juwan,Johnson,83,J.Johnson
2024,REG,0,Will Dissly,TE,LAC,5.98392156862745,3.325704332928727,4.3981249999999985,6.653587046448409,50,64,78.125,481.0,2,6.177800000000002,5.322872918301727,0.8549270816982748,00-0034159,Will,Dissly,81,W.Dissly
2024,REG,0,Kyle Pitts,TE,ATL,5.981403508771929,3.476140248329832,8.608243243243242,14.22259235609061,47,74,63.51351351351351,602.0,4,6.00872340425532,4.780962478066971,1.227760926188349,00-0036970,Kyle,Pitts,8,K.Pitts
2024,REG,0,Ricky Pearsall,WR,SF,5.980227272727273,2.4240357325886457,10.994782608695653,11.496792554908463,31,46,67.3913043478261,400.0,3,3.660322580645161,3.8689725471769116,-0.2086499665317505,00-0039916,Ricky,Pearsall,14,R.Pearsall
2024,REG,0,Courtland Sutton,WR,DEN,5.976917293233083,2.472155025066519,13.21237037037037,43.94304085931439,81,135,60.0,1081.0,8,2.4745679012345687,2.551023613082588,-0.07645571184801936,00-0034348,Courtland,Sutton,14,C.Sutton
2024,REG,0,Sam LaPorta,TE,DET,5.966349206349205,3.52911501205482,7.344939759036144,17.165713062870275,60,83,72.28915662650603,726.0,7,5.901999999999999,4.468653045778596,1.4333469542214035,00-0039065,Sam,LaPorta,87,S.LaPorta
2024,REG,0,Jerry Jeudy,WR,CLE,5.96581560283688,2.7656987620610693,11.175172413793103,32.89217278337122,90,145,62.06896551724138,1229.0,4,4.490888888888889,4.485357525469912,0.005531363418977087,00-0036407,Jerry,Jeudy,3,J.Jeudy
2024,REG,0,Quentin Johnston,WR,LAC,5.963626373626373,3.171256976360084,11.047472527472527,23.763621321356812,55,91,60.43956043956044,711.0,8,5.603818181818182,4.4426349747841005,1.1611832070340817,00-0038544,Quentin,Johnston,1,Q.Johnston
2024,REG,0,Ladd McConkey,WR,LAC,5.947009345794392,3.100955626421623,9.869821428571429,26.12977189457511,82,112,73.21428571428571,1155.0,7,5.10829268292683,4.097037299786076,1.011255383140754,00-0039915,Andrew,McConkey,15,L.McConkey
2024,REG,0,Hunter Henry,TE,NE,5.940972222222222,2.7885421982741536,7.335051546391752,19.13910348834707,66,97,68.04123711340206,674.0,2,4.320606060606062,4.66084795034651,-0.3402418897404482,00-0033090,Hunter,Henry,85,H.Henry
2024,REG,0,Dallas Goedert,TE,PHI,5.9312195121951214,3.199622072109197,6.778846153846154,10.558697371258779,42,52,80.76923076923077,496.0,2,6.272142857142859,4.911097571996165,1.3610452851466937,00-0034351,Dallas,Goedert,88,D.Goedert
2024,REG,0,Jake Ferguson,TE,DAL,5.921940298507463,3.3301693208653904,3.9606976744186055,7.351040113258936,59,86,68.6046511627907,494.0,0,5.509322033898306,5.13630164398741,0.3730203899108968,00-0038041,Jake,Ferguson,87,J.Ferguson
2024,REG,0,Noah Gray,TE,KC,5.862972972972973,4.3912958734531875,6.3808163265306135,8.68087658362278,40,49,81.63265306122449,437.0,5,5.41075,5.279109225054759,0.1316407749452413,00-0036637,Noah,Gray,83,N.Gray
2024,REG,0,David Moore,WR,CAR,5.861851851851852,2.2660789733529554,11.558245614035089,15.752839992061652,32,57,56.14035087719298,351.0,3,2.071875,2.20392283383569,-0.1320478338356903,00-0033589,David,Moore,83,D.Moore
2024,REG,0,Tyreek Hill,WR,MIA,5.854122807017543,3.159804801014422,11.585203252032523,40.58951038393945,81,123,65.85365853658537,959.0,6,3.757530864197531,4.022245333014223,-0.26471446881669225,00-0033040,Tyreek,Hill,10,T.Hill
2024,REG,0,CeeDee Lamb,WR,DAL,5.83264705882353,2.8854620804636872,7.953092105263159,26.08904897456206,101,152,66.44736842105263,1194.0,6,5.596633663366338,3.3913175849794652,2.2053160783868724,00-0036358,Cedarian,Lamb,88,C.Lamb
2024,REG,0,Cade Otton,TE,TB,5.818611111111111,2.9285440362183346,5.045977011494252,11.461991357815169,59,87,67.81609195402298,600.0,4,5.593898305084746,4.044148107115804,1.549750197968942,00-0038129,Cade,Otton,88,C.Otton
2024,REG,0,Mack Hollins,WR,BUF,5.817199999999999,2.9889089434892746,13.0892,16.074332057787625,31,50,62.0,378.0,5,3.329677419354838,3.574764247325211,-0.24508682797037284,00-0033555,Mack,Hollins,13,M.Hollins
2024,REG,0,Devaughn Vele,WR,DEN,5.808039215686275,3.1093440975647324,8.217818181818183,11.135117823135959,41,55,74.54545454545455,475.0,3,3.5029268292682927,3.647971240798387,-0.1450444115300944,00-0039424,Devaughn,Vele,17,D.Vele
2024,REG,0,D.J. Moore,WR,CHI,5.777984496124031,3.4436736229439004,7.4205000000000005,24.960116479102005,98,140,70.0,966.0,6,6.212857142857142,5.488773911733834,0.7240832311233074,00-0034827,Denniston,Moore,2,D.Moore
2024,REG,0,Justin Jefferson,WR,MIN,5.762721088435375,3.0790871730858984,11.3,37.906164707317444,103,154,66.88311688311688,1533.0,10,4.988932038834951,4.4511427816258085,0.537789257209143,00-0036322,Justin,Jefferson,18,J.Jefferson
2024,REG,0,George Pickens,WR,PIT,5.751881188118812,2.3220798412801456,13.533398058252427,39.397313858050516,59,103,57.28155339805825,900.0,3,4.500338983050846,3.4317534193652333,1.068585563685613,00-0037247,George,Pickens,14,G.Pickens
2024,REG,0,Alec Pierce,WR,IND,5.748985507246376,2.406297044963777,21.450289855072462,28.931519595290638,37,69,53.62318840579711,824.0,7,3.6445945945945937,2.887647507241973,0.7569470873526205,00-0037664,Alec,Pierce,14,A.Pierce
2024,REG,0,Rome Odunze,WR,CHI,5.683870967741934,2.9607346385893925,13.686336633663368,33.21192084802938,54,101,53.46534653465347,734.0,3,4.981851851851853,4.482638835050708,0.4992130168011446,00-0039919,Rome,Odunze,15,R.Odunze
2024,REG,0,Dalton Kincaid,TE,BUF,5.67357142857143,3.536217491037853,7.976666666666667,14.693746223713363,44,75,58.666666666666664,448.0,2,6.442272727272728,5.520305920242468,0.9219668070302607,00-0038933,Dalton,Kincaid,86,D.Kincaid
2024,REG,0,DK Metcalf,WR,SEA,5.656698113207547,2.55766126374373,13.69861111111111,36.29118311538263,66,108,61.111111111111114,992.0,5,4.27181818181818,3.8946034914028997,0.37721469041528,00-0035640,DeKaylin,Metcalf,14,D.Metcalf
2024,REG,0,Deebo Samuel,WR,SF,5.648333333333333,3.1397865544736616,6.44074074074074,11.859136103874851,51,81,62.96296296296296,670.0,3,8.416862745098042,6.1502140339164955,2.2666487111815465,00-0035719,Tyshun,Samuel,1,D.Samuel
2024,REG,0,A.J. Brown,WR,PHI,5.621030927835051,2.097740166108409,11.994536082474227,34.85029115046369,67,97,69.0721649484536,1079.0,7,5.402835820895523,3.000230973773025,2.4026048471224977,00-0035676,Arthur,Brown,11,A.Brown
2024,REG,0,DeAndre Hopkins,WR,KC,5.575128205128205,2.7079566212781927,10.83925,24.07578622376593,56,80,70.0,618.0,5,2.6367857142857143,2.9925817912470087,-0.35579607696129445,00-0030564,DeAndre,Hopkins,8,D.Hopkins
2024,REG,0,Darius Slayton,WR,NYG,5.56927536231884,2.41465559684947,13.410985915492958,24.241884195599102,39,71,54.929577464788736,573.0,2,3.717948717948718,2.732981346804213,0.984967371144505,00-0035535,Darius,Slayton,86,D.Slayton
2024,REG,0,George Kittle,TE,SF,5.541052631578947,3.582076421664702,8.309893617021277,17.756425119455173,78,94,82.97872340425532,1106.0,8,7.087435897435898,4.976562647659094,2.1108732497768044,00-0033288,George,Kittle,85,G.Kittle
2024,REG,0,Davante Adams,WR,NYJ,5.461353383458647,3.2460858681193367,8.617304964539006,30.979954207270737,85,141,60.28368794326241,1063.0,8,5.773411764705882,4.751070429767443,1.0223413349384387,00-0031381,Davante,Adams,17,D.Adams
2024,REG,0,Austin Hooper,TE,NE,5.4502439024390235,3.503594172659716,6.7923728813559325,10.780036153134349,45,59,76.27118644067797,476.0,3,4.923555555555556,3.6574960510963175,1.2660595044592382,00-0032392,Austin,Hooper,81,A.Hooper
2024,REG,0,Ja'Marr Chase,WR,CIN,5.449999999999999,3.0274632477253545,8.869314285714283,33.19063127484544,127,175,72.57142857142857,1708.0,17,6.25275590551181,3.9274429387200365,2.3253129667917736,00-0036900,Ja'Marr,Chase,1,J.Chase
2024,REG,0,Mike Gesicki,TE,CIN,5.392876712328767,3.0255195866939495,7.579518072289155,13.452627122087238,65,83,78.3132530120482,665.0,2,3.847384615384615,4.445951153664023,-0.5985665382794076,00-0034829,Michael,Gesicki,88,M.Gesicki
2024,REG,0,Jauan Jennings,WR,SF,5.329449541284403,2.4917435586970256,10.44221238938053,26.822742626968004,77,113,68.14159292035397,975.0,6,3.0401298701298707,2.538628286633916,0.5015015834959549,00-0036259,Bennie,Jennings,15,J.Jennings
2024,REG,0,Allen Lazard,WR,NYJ,5.3021052631578955,2.6047981292468405,10.6735,16.328575580950634,37,60,61.66666666666667,530.0,6,4.729729729729728,4.213815871521045,0.5159138582086831,00-0034521,Allen,Lazard,10,A.Lazard
2024,REG,0,Christian Watson,WR,GB,5.259615384615385,2.3829016929203037,17.544528301886793,23.095570447128022,29,53,54.71698113207547,620.0,2,6.12448275862069,6.069630790719859,0.05485196790083169,00-0038124,Christian,Watson,9,C.Watson
2024,REG,0,Garrett Wilson,WR,NYJ,5.256712328767122,3.265328268426823,8.913506493506492,34.99931157923722,101,154,65.5844155844156,1104.0,7,5.023267326732673,4.747016659391977,0.2762506673406957,00-0037740,Garrett,Wilson,5,G.Wilson
2024,REG,0,Nico Collins,WR,HOU,5.228367346938775,3.07948798626782,11.339696969696972,24.85063674457832,68,99,68.68686868686868,1006.0,7,5.641323529411765,5.074514839134359,0.5668086902774059,00-0036554,Nico,Collins,12,N.Collins
2024,REG,0,Diontae Johnson,WR,HOU,5.21246153846154,2.6821615965763,11.011044776119403,17.63987155177979,33,67,49.25373134328358,375.0,3,2.9587878787878794,3.6916525666517557,-0.7328646878638763,00-0035216,Diontae,Johnson,82,D.Johnson
2024,REG,0,Brandon Aiyuk,WR,SF,5.195744680851064,2.3546868965845733,12.632978723404257,13.496956223261828,25,47,53.191489361702125,369.0,0,3.7124,2.8622835629764505,0.8501164370235497,00-0036261,Brandon,Aiyuk,11,B.Aiyuk
2024,REG,0,Mark Andrews,TE,BAL,5.042407407407406,3.5691250016462193,10.451159420289857,17.40564990297074,55,69,79.71014492753623,673.0,11,3.865818181818182,3.721480015449569,0.14433816636861296,00-0034753,Mark,Andrews,89,M.Andrews
2024,REG,0,Andrei Iosivas,WR,CIN,5.021186440677966,2.7648879849053922,11.278688524590166,14.712140295654144,36,61,59.01639344262295,479.0,6,2.342777777777778,2.052703980429317,0.29007379734846106,00-0038619,Andrei,Iosivas,80,A.Iosivas
2024,REG,0,Marvin Harrison,WR,ARI,4.907499999999999,2.0484661199334173,13.58008620689655,42.666504157525516,62,116,53.44827586206896,885.0,8,2.502903225806452,2.2813935365700972,0.22150968923635483,00-0039849,Marvin,Harrison,18,M.Harrison
2024,REG,0,Trey McBride,TE,ARI,4.901696428571428,3.511887939588254,6.359523809523811,25.320278432328493,111,147,75.51020408163265,1146.0,2,4.884504504504504,4.246801016960822,0.637703487543682,00-0037744,Trey,McBride,85,T.McBride
2024,REG,0,Jordan Akins,TE,CLE,4.8229729729729724,4.018240006615709,5.9896551724137925,7.051802533290028,40,58,68.96551724137932,390.0,2,4.935250000000001,4.52178476127864,0.41346523872136043,00-0034364,Jordan,Akins,88,J.Akins
2024,REG,0,Jaylen Waddle,WR,MIA,4.759113924050633,3.419876842566599,9.399156626506022,22.221430992591245,58,83,69.87951807228916,767.0,2,4.865689655172414,4.822512503459544,0.04317715171286984,00-0036613,Jaylen,Waddle,17,J.Waddle
2024,REG,0,Keon Coleman,WR,BUF,4.651249999999999,2.0177499312176668,15.394385964912281,21.551973984762228,29,57,50.877192982456144,556.0,4,7.822413793103447,4.289272679748168,3.5331411133552786,00-0039901,Keon,Coleman,0,K.Coleman
2024,REG,0,Kayshon Boutte,WR,NE,4.533880597014926,2.4151571901920157,14.176764705882352,25.9318039983645,43,68,63.23529411764706,589.0,3,3.4606976744186047,2.5069118962273964,0.9537857781912082,00-0038608,Kayshon,Boutte,9,K.Boutte
2024,REG,0,Demarcus Robinson,WR,LAR,4.065555555555555,2.66492023403923,15.736875,24.68819861160136,31,64,48.4375,505.0,7,2.6325806451612896,2.3162087901319226,0.31637185502936704,00-0032775,Demarcus,Robinson,15,D.Robinson
