player_id,player_display_name,season_n,season_n1,breakout,touch_share,touches,carries,targets,yards_per_carry,ppr_per_touch,rush_yards_over_expected_per_att,has_ngs_rushing,avg_snap_pct,age,years_exp,draft_number,games_played,ppr_ppg,pos_rank,team_pos_rank,forty,vertical,broad_jump,cone,shuttle,combine_weight
00-0022736,Steven Jackson,2013,2014,0,0.5659340659340659,206,157,49,3.4585987261146496,0.7203883495145631,,0,0.515,30.0,9.0,24.0,12,12.366666666666667,23.0,1.0,4.55,,,,,241.0
00-0023437,Ronnie Brown,2013,2014,0,0.09397163120567376,53,45,8,3.488888888888889,0.6735849056603774,,0,0.1594444444444444,31.0,8.0,2.0,12,2.975,78.0,3.0,4.43,34.0,117.0,7.1,4.08,233.0
00-0023500,Frank Gore,2013,2014,0,0.7023255813953488,302,276,26,4.086956521739131,0.6321192052980132,,0,0.751578947368421,30.0,8.0,65.0,16,11.93125,24.0,1.0,4.58,,,,,217.0
00-0023500,Frank Gore,2014,2015,0,0.7345844504021448,274,255,19,4.337254901960784,0.5791970802919708,,0,0.61125,31.0,9.0,65.0,16,9.91875,30.0,1.0,4.58,,,,,217.0
00-0023500,Frank Gore,2015,2016,0,0.8760330578512396,318,260,58,3.7192307692307693,0.6081761006289308,,0,0.625625,32.0,10.0,65.0,16,12.0875,25.0,1.0,4.58,,,,,217.0
00-0023500,Frank Gore,2016,2017,0,0.7175925925925926,310,263,47,3.897338403041825,0.6909677419354838,,0,0.59375,33.0,11.0,65.0,16,13.3875,19.0,1.0,4.58,,,,,217.0
00-0023500,Frank Gore,2017,2018,0,0.6514161220043573,299,261,38,3.681992337164751,0.5806020066889632,,0,0.538125,34.0,12.0,65.0,16,10.85,26.0,1.0,4.58,,,,,217.0
00-0023500,Frank Gore,2018,2019,0,0.4174757281553398,172,156,16,4.628205128205129,0.5965116279069768,0.3447779302095448,1,0.4071428571428571,35.0,13.0,300.0,14,7.328571428571428,62.0,2.0,4.58,,,,,217.0
00-0023500,Frank Gore,2019,2020,0,0.48663101604278075,182,166,16,3.608433734939759,0.5214285714285715,-0.4020678878608198,1,0.3352941176470588,36.0,14.0,65.0,15,6.326666666666667,61.0,2.0,4.58,,,,,217.0
00-0023564,Darren Sproles,2013,2014,0,0.2751937984496124,142,53,89,4.150943396226415,1.235211267605634,,0,0.3423529411764706,30.0,8.0,130.0,15,11.693333333333332,27.0,2.0,4.47,33.0,105.0,6.96,3.96,187.0
00-0023564,Darren Sproles,2014,2015,0,0.23017408123791103,119,57,62,5.771929824561403,1.3243697478991596,,0,0.3073333333333333,31.0,9.0,130.0,15,10.506666666666666,27.0,2.0,4.47,33.0,105.0,6.96,3.96,187.0
00-0023564,Darren Sproles,2015,2016,0,0.3029197080291971,166,83,83,3.819277108433735,0.9728915662650602,,0,0.34625,32.0,10.0,130.0,16,10.09375,40.0,2.0,4.47,33.0,105.0,6.96,3.96,187.0
00-0023564,Darren Sproles,2018,2019,0,0.13,52,29,23,4.137931034482759,1.1730769230769231,,0,0.405,35.0,13.0,130.0,6,10.166666666666666,37.0,4.0,4.47,33.0,105.0,6.96,3.96,187.0
00-0024204,Fred Jackson,2013,2014,0,0.4883303411131059,272,206,66,4.320388349514563,0.8628676470588235,,0,,32.0,8.0,300.0,16,14.66875,13.0,1.0,,,,,,
00-0024204,Fred Jackson,2014,2015,0,0.45652173913043476,231,141,90,3.723404255319149,0.8164502164502164,,0,,33.0,9.0,300.0,14,13.471428571428572,15.0,1.0,,,,,,
00-0024217,Reggie Bush,2013,2014,0,0.5459459459459459,303,223,80,4.511210762331839,0.7894389438943894,,0,0.6064285714285714,28.0,7.0,2.0,14,17.085714285714285,7.0,1.0,4.37,,,,,201.0
00-0024242,DeAngelo Williams,2013,2014,0,0.8116438356164384,237,201,36,4.1940298507462686,0.690295358649789,,0,0.4831249999999999,30.0,7.0,27.0,15,10.906666666666666,32.0,1.0,4.45,35.5,121.0,,,214.0
00-0024242,DeAngelo Williams,2014,2015,1,0.21794871794871795,68,62,6,3.532258064516129,0.4308823529411765,,0,0.27,31.0,8.0,27.0,6,4.883333333333334,76.0,2.0,4.45,35.5,121.0,,,214.0
00-0024242,DeAngelo Williams,2015,2016,0,0.6398963730569949,247,200,47,4.535,0.9449392712550607,,0,0.620625,32.0,9.0,27.0,16,14.5875,10.0,1.0,4.45,35.5,121.0,,,214.0
00-0024275,Maurice Jones-Drew,2013,2014,0,0.6697038724373576,294,234,60,3.4316239316239314,0.6361224489795919,,0,0.6593333333333333,28.0,7.0,60.0,15,12.467999999999998,22.0,1.0,4.39,36.0,116.0,7.08,4.38,207.0
00-0024813,Pierre Thomas,2013,2014,0,0.4476744186046512,231,147,84,3.7346938775510203,0.9229437229437228,,0,,28.0,6.0,300.0,16,13.325,19.0,1.0,,,,,,
00-0025394,Adrian Peterson,2017,2018,0,0.3485576923076923,145,129,16,3.4728682170542635,0.4717241379310345,,0,0.452,32.0,10.0,300.0,6,11.4,20.0,1.0,4.4,38.5,127.0,7.09,4.4,217.0
00-0025394,Adrian Peterson,2018,2019,0,0.6707021791767555,277,251,26,4.151394422310757,0.6823104693140795,0.2484537665774232,1,0.46125,33.0,11.0,7.0,16,11.8125,30.0,1.0,4.4,38.5,127.0,7.09,4.4,217.0
00-0025394,Adrian Peterson,2019,2020,0,0.6428571428571429,234,211,23,4.2559241706161135,0.6282051282051282,0.4852499661618975,1,0.4713333333333333,34.0,12.0,7.0,15,9.8,38.0,1.0,4.4,38.5,127.0,7.09,4.4,217.0
00-0025399,Marshawn Lynch,2013,2014,0,0.7949308755760369,345,301,44,4.176079734219269,0.7979710144927536,,0,0.7163157894736841,27.0,6.0,12.0,16,17.20625,6.0,1.0,4.46,35.5,125.0,7.05,4.55,215.0
00-0025399,Marshawn Lynch,2014,2015,0,0.7161572052401747,328,280,48,4.664285714285715,0.9216463414634146,,0,0.6810526315789474,28.0,7.0,12.0,16,18.89375,5.0,1.0,4.46,35.5,125.0,7.05,4.55,215.0
00-0025399,Marshawn Lynch,2017,2018,0,0.4887063655030801,238,207,31,4.304347826086956,0.6899159663865546,,0,0.4946666666666666,31.0,10.0,12.0,15,10.946666666666664,24.0,1.0,4.46,35.5,125.0,7.05,4.55,215.0
00-0025637,Ahmad Bradshaw,2014,2015,0,0.5684647302904564,137,90,47,4.722222222222222,1.1277372262773722,,0,0.514,28.0,7.0,250.0,10,15.45,8.0,1.0,4.55,34.0,112.0,6.7,4.09,198.0
00-0025701,Jackie Battle,2013,2014,0,0.08991228070175439,41,36,5,3.9444444444444446,0.6780487804878049,,0,,29.0,6.0,300.0,8,3.475,73.0,3.0,,,,,,
00-0026144,Darren McFadden,2013,2014,0,0.3982808022922636,139,114,25,3.324561403508772,0.7074820143884892,,0,0.5349999999999999,26.0,5.0,4.0,10,9.834,37.0,2.0,4.33,33.0,128.0,,,211.0
00-0026144,Darren McFadden,2014,2015,1,0.5626666666666666,211,155,56,3.445161290322581,0.571563981042654,,0,0.50875,27.0,6.0,4.0,16,7.5375,50.0,1.0,4.33,33.0,128.0,,,211.0
00-0026153,Jonathan Stewart,2013,2014,1,0.18835616438356165,55,48,7,3.75,0.5345454545454545,,0,0.2716666666666666,26.0,5.0,13.0,6,4.9,65.0,2.0,4.46,36.5,128.0,,,235.0
00-0026153,Jonathan Stewart,2014,2015,0,0.6602564102564102,206,175,31,4.622857142857143,0.7087378640776699,,0,0.6233333333333333,27.0,6.0,13.0,13,11.23076923076923,24.0,1.0,4.46,36.5,128.0,,,235.0
00-0026153,Jonathan Stewart,2015,2016,0,0.7450424929178471,263,242,21,4.086776859504132,0.6190114068441065,,0,0.6387499999999999,28.0,7.0,13.0,13,12.523076923076925,18.0,1.0,4.46,36.5,128.0,,,235.0
00-0026153,Jonathan Stewart,2016,2017,0,0.7264437689969605,239,218,21,3.779816513761468,0.6125523012552302,,0,0.6338461538461538,29.0,8.0,300.0,13,11.261538461538462,28.0,1.0,4.46,36.5,128.0,,,235.0
00-0026164,Chris Johnson,2013,2014,0,0.7258771929824561,331,279,52,3.860215053763441,0.7256797583081571,,0,0.74625,27.0,5.0,24.0,16,15.0125,12.0,1.0,4.24,35.0,130.0,,,197.0
00-0026164,Chris Johnson,2014,2015,0,0.4012738853503185,189,155,34,4.27741935483871,0.6105820105820106,,0,0.368125,28.0,6.0,24.0,16,7.2125,54.0,2.0,4.24,35.0,130.0,,,197.0
00-0026184,Matt Forte,2013,2014,0,0.8436123348017621,383,289,94,4.633217993079585,0.8806788511749347,,0,0.88,27.0,5.0,44.0,16,21.08125,2.0,1.0,4.44,33.0,118.0,6.84,4.23,217.0
00-0026184,Matt Forte,2014,2015,0,0.9041095890410958,396,266,130,3.9022556390977443,0.8752525252525253,,0,0.9225,28.0,6.0,44.0,16,21.6625,3.0,1.0,4.44,33.0,118.0,6.84,4.23,217.0
00-0026184,Matt Forte,2015,2016,0,0.5390625,276,218,58,4.1192660550458715,0.7778985507246376,,0,0.6738461538461539,29.0,7.0,44.0,13,16.515384615384615,5.0,1.0,4.44,33.0,118.0,6.84,4.23,217.0
00-0026184,Matt Forte,2016,2017,0,0.5600858369098712,261,218,43,3.729357798165138,0.7034482758620689,,0,0.5342857142857144,30.0,8.0,44.0,14,13.114285714285714,20.0,1.0,4.44,33.0,118.0,6.84,4.23,217.0
00-0026213,Jamaal Charles,2013,2014,0,0.7363083164300203,363,259,104,4.969111969111969,1.0413223140495869,,0,0.78625,26.0,5.0,73.0,15,25.2,1.0,1.0,4.38,30.5,122.0,6.8,4.22,200.0
00-0026289,Tim Hightower,2015,2016,0,0.2219959266802444,109,96,13,3.90625,0.7926605504587156,,0,0.32375,29.0,7.0,149.0,6,14.4,13.0,2.0,,,,,,
00-0026367,Peyton Hillis,2013,2014,0,0.2874617737003058,94,73,21,3.3835616438356166,0.6095744680851064,,0,0.4257142857142857,27.0,5.0,227.0,7,8.185714285714285,42.0,2.0,4.64,30.5,117.0,7.15,,240.0
00-0026373,Justin Forsett,2013,2014,1,0.05011389521640091,22,6,16,5.166666666666667,1.1954545454545455,,0,0.1677777777777777,27.0,5.0,233.0,8,3.2875,76.0,3.0,4.62,26.5,112.0,6.96,,194.0
00-0026373,Justin Forsett,2014,2015,0,0.6242038216560509,294,235,59,5.3872340425531915,0.8397959183673469,,0,0.6744444444444445,28.0,6.0,233.0,16,15.43125,9.0,1.0,4.62,26.5,112.0,6.96,,194.0
00-0026796,Arian Foster,2013,2014,0,0.3391304347826087,156,121,35,4.479338842975206,0.6955128205128205,,0,,27.0,4.0,300.0,8,13.5625,17.0,2.0,,,,,,
00-0026899,Shonn Greene,2013,2014,0,0.18421052631578946,84,77,7,3.831168831168831,0.7547619047619049,,0,0.2054545454545454,28.0,4.0,65.0,11,5.763636363636365,58.0,2.0,4.55,37.0,121.0,7.1,4.4,227.0
00-0027003,Donald Brown,2013,2014,0,1.0,137,102,35,5.264705882352941,1.0956204379562042,,0,0.3888888888888889,26.0,4.0,27.0,15,10.006666666666666,36.0,1.0,4.46,41.5,125.0,6.93,4.1,210.0
00-0027003,Donald Brown,2014,2015,0,0.2889908256880734,126,85,41,2.623529411764706,0.5746031746031747,,0,0.4092307692307692,27.0,5.0,27.0,13,5.56923076923077,65.0,2.0,4.46,41.5,125.0,6.93,4.1,210.0
00-0027029,LeSean McCoy,2013,2014,0,0.7842323651452282,378,314,64,5.117834394904459,0.8746031746031747,,0,0.8017647058823529,25.0,4.0,53.0,16,20.6625,3.0,1.0,4.5,,,,,198.0
00-0027029,LeSean McCoy,2014,2015,0,0.6750483558994197,349,312,37,4.227564102564102,0.5713467048710602,,0,0.6625,26.0,5.0,53.0,16,12.4625,21.0,1.0,4.5,,,,,198.0
00-0027029,LeSean McCoy,2015,2016,0,0.6520618556701031,253,203,50,4.4088669950738915,0.7063241106719367,,0,0.7316666666666666,27.0,6.0,53.0,12,14.891666666666666,9.0,1.0,4.5,,,,,198.0
00-0027029,LeSean McCoy,2016,2017,0,0.6409691629955947,291,234,57,5.414529914529915,1.025085910652921,,0,0.6573333333333333,28.0,7.0,300.0,15,19.886666666666667,4.0,1.0,4.5,,,,,198.0
00-0027029,LeSean McCoy,2017,2018,0,0.9054726368159204,364,287,77,3.965156794425087,0.7241758241758243,,0,0.6835294117647058,29.0,8.0,53.0,16,16.475,9.0,1.0,4.5,,,,,198.0
00-0027029,LeSean McCoy,2018,2019,0,0.5012106537530266,207,161,46,3.1925465838509317,0.6144927536231884,-1.0490461382073273,1,0.5335714285714286,30.0,9.0,53.0,14,9.085714285714284,46.0,1.0,4.5,,,,,198.0
00-0027029,LeSean McCoy,2019,2020,0,0.34615384615384615,135,101,34,4.603960396039604,0.8785185185185185,-0.228203858550598,1,0.3228571428571429,31.0,10.0,53.0,13,9.123076923076924,44.0,2.0,4.5,,,,,198.0
00-0027155,Rashad Jennings,2013,2014,0,0.6017191977077364,210,163,47,4.4969325153374236,0.830952380952381,,0,0.56,28.0,4.0,250.0,15,11.633333333333333,29.0,1.0,4.52,34.0,120.0,6.86,4.2,231.0
00-0027155,Rashad Jennings,2014,2015,0,0.4126984126984127,208,167,41,3.8263473053892216,0.6658653846153846,,0,0.5281818181818182,29.0,5.0,250.0,11,12.590909090909092,20.0,2.0,4.52,34.0,120.0,6.86,4.2,231.0
00-0027155,Rashad Jennings,2015,2016,0,0.46168958742632615,235,195,40,4.425641025641026,0.7017021276595745,,0,0.379375,30.0,6.0,250.0,16,10.30625,35.0,1.0,4.52,34.0,120.0,6.86,4.2,231.0
00-0027218,Joique Bell,2013,2014,0,0.42342342342342343,235,166,69,3.9156626506024095,0.9221276595744681,,0,,27.0,3.0,300.0,16,13.54375,18.0,2.0,,,,,,
00-0027218,Joique Bell,2014,2015,0,0.5774058577405857,276,223,53,3.8565022421524664,0.7181159420289854,,0,,28.0,4.0,300.0,15,13.213333333333331,16.0,1.0,,,,,,
00-0027325,LeGarrette Blount,2013,2014,0,0.28990825688073396,158,153,5,5.045751633986928,0.7658227848101266,,0,,26.0,3.0,300.0,16,7.5625,45.0,2.0,,,,,,
00-0027325,LeGarrette Blount,2014,2015,0,0.146,73,65,8,4.092307692307692,0.6328767123287672,,0,,27.0,4.0,300.0,10,4.62,80.0,2.0,,,,,,
00-0027325,LeGarrette Blount,2015,2016,0,0.39090909090909093,172,165,7,4.260606060606061,0.7127906976744186,,0,,28.0,5.0,300.0,12,10.216666666666669,37.0,1.0,,,,,,
00-0027325,LeGarrette Blount,2016,2017,0,0.5903846153846154,307,299,8,3.882943143812709,0.7586319218241042,,0,,29.0,6.0,300.0,16,14.55625,15.0,1.0,,,,,,
00-0027325,LeGarrette Blount,2017,2018,0,0.40857787810383744,181,173,8,4.427745664739884,0.594475138121547,,0,,30.0,7.0,300.0,16,6.725,60.0,1.0,,,,,,
00-0027531,Chris Ivory,2013,2014,0,0.44786729857819907,189,182,7,4.576923076923077,0.5518518518518518,,0,,25.0,3.0,300.0,15,6.953333333333333,51.0,2.0,,,,,,
00-0027531,Chris Ivory,2014,2015,0,0.47770700636942676,225,198,27,4.146464646464646,0.6773333333333333,,0,,26.0,4.0,300.0,16,9.525,33.0,1.0,,,,,,
00-0027531,Chris Ivory,2015,2016,0,0.5668662674650699,284,247,37,4.331983805668016,0.7137323943661972,,0,,27.0,5.0,300.0,15,13.513333333333334,15.0,1.0,,,,,,
00-0027531,Chris Ivory,2016,2017,0,0.37275064267352187,145,117,28,3.752136752136752,0.6517241379310345,,0,,28.0,6.0,300.0,11,8.590909090909092,45.0,2.0,,,,,,
00-0027531,Chris Ivory,2017,2018,0,0.2413793103448276,140,112,28,3.4107142857142856,0.605,,0,,29.0,7.0,300.0,14,6.05,66.0,2.0,,,,,,
00-0027772,Anthony Dixon,2013,2014,0,0.07209302325581396,31,28,3,2.0,0.7612903225806452,,0,0.1010526315789473,25.0,3.0,173.0,10,2.3600000000000003,83.0,3.0,4.67,33.0,121.0,7.09,4.49,233.0
00-0027772,Anthony Dixon,2014,2015,0,0.22529644268774704,114,105,9,4.114285714285714,0.5973684210526315,,0,0.215,26.0,4.0,173.0,13,5.238461538461538,71.0,2.0,4.67,33.0,121.0,7.09,4.49,233.0
00-0027791,James Starks,2013,2014,0,0.2372093023255814,102,89,13,5.53932584269663,0.903921568627451,,0,0.2364285714285714,27.0,3.0,193.0,13,7.092307692307693,49.0,2.0,4.5,36.0,119.0,6.89,4.23,218.0
00-0027791,James Starks,2014,2015,0,0.2632794457274827,114,85,29,3.9176470588235293,0.6780701754385965,,0,0.2427777777777778,28.0,4.0,193.0,14,5.521428571428571,66.0,2.0,4.5,36.0,119.0,6.89,4.23,218.0
00-0027791,James Starks,2015,2016,0,0.4831730769230769,201,148,53,4.0608108108108105,0.8273631840796021,,0,0.4566666666666666,29.0,5.0,193.0,16,10.39375,34.0,2.0,4.5,36.0,119.0,6.89,4.23,218.0
00-0027861,C.J. Spiller,2013,2014,0,0.43447037701974867,242,202,40,4.618811881188119,0.6396694214876033,,0,0.362,26.0,3.0,9.0,15,10.32,34.0,2.0,4.37,,,,,196.0
00-0027861,C.J. Spiller,2014,2015,0,0.1976284584980237,100,78,22,3.8461538461538463,0.715,,0,0.3166666666666666,27.0,4.0,9.0,9,7.944444444444445,47.0,3.0,4.37,,,,,196.0
00-0027864,Ryan Mathews,2013,2014,0,0.5638297872340425,318,285,33,4.4035087719298245,0.6616352201257861,,0,0.3988888888888888,25.0,3.0,12.0,16,13.15,20.0,1.0,4.37,36.0,121.0,7.0,4.33,218.0
00-0027864,Ryan Mathews,2014,2015,0,0.1926605504587156,84,74,10,4.45945945945946,0.7964285714285715,,0,0.41,26.0,4.0,12.0,6,11.15,26.0,3.0,4.37,36.0,121.0,7.0,4.33,218.0
00-0027864,Ryan Mathews,2015,2016,0,0.24452554744525548,134,106,28,5.084905660377358,0.9291044776119403,,0,0.2569230769230769,27.0,5.0,12.0,13,9.576923076923077,45.0,3.0,4.37,36.0,121.0,7.0,4.33,218.0
00-0027888,Toby Gerhart,2013,2014,0,0.11879049676025918,55,36,19,7.861111111111111,1.0927272727272728,,0,0.2142857142857142,26.0,3.0,51.0,12,5.008333333333334,64.0,3.0,4.5,38.0,118.0,6.94,4.25,231.0
00-0027890,Ben Tate,2013,2014,0,0.5,230,181,49,4.259668508287293,0.6308695652173912,,0,0.5042857142857142,25.0,3.0,58.0,14,10.364285714285714,33.0,1.0,4.34,40.5,124.0,6.91,4.12,220.0
00-0027966,Mark Ingram,2013,2014,1,0.17248062015503876,89,78,11,4.948717948717949,0.6561797752808989,,0,0.2484615384615384,23.0,2.0,28.0,11,5.309090909090909,61.0,3.0,4.62,31.5,118.0,7.13,4.62,215.0
00-0027966,Mark Ingram,2014,2015,0,0.5137254901960784,262,226,36,4.265486725663717,0.732442748091603,,0,0.5176923076923077,24.0,3.0,28.0,13,14.761538461538462,12.0,1.0,4.62,31.5,118.0,7.13,4.62,215.0
00-0027966,Mark Ingram,2015,2016,0,0.46028513238289204,226,166,60,4.632530120481928,0.9,,0,0.6275000000000001,25.0,4.0,28.0,12,16.95,4.0,1.0,4.62,31.5,118.0,7.13,4.62,215.0
00-0027966,Mark Ingram,2016,2017,0,0.5479166666666667,263,205,58,5.087804878048781,0.920912547528517,,0,0.460625,26.0,5.0,300.0,16,15.1375,10.0,1.0,4.62,31.5,118.0,7.13,4.62,215.0
00-0027966,Mark Ingram,2017,2018,0,0.5777351247600768,301,230,71,4.886956521739131,0.9235880398671097,,0,0.5377777777777778,27.0,6.0,28.0,16,17.375,8.0,1.0,4.62,31.5,118.0,7.13,4.62,215.0
00-0027966,Mark Ingram,2018,2019,0,0.35560344827586204,165,138,27,4.673913043478261,0.8636363636363636,0.5078601558885081,1,0.445,28.0,7.0,28.0,12,11.875,29.0,2.0,4.62,31.5,118.0,7.13,4.62,215.0
00-0027966,Mark Ingram,2019,2020,0,0.5202702702702703,231,202,29,5.03960396039604,1.0497835497835497,0.1481641860040926,1,0.47375,29.0,8.0,28.0,15,16.166666666666668,11.0,1.0,4.62,31.5,118.0,7.13,4.62,215.0
00-0027966,Mark Ingram,2020,2021,0,0.1941747572815534,80,72,8,4.152777777777778,0.66125,,0,0.2336363636363636,30.0,9.0,28.0,10,5.29,70.0,3.0,4.62,31.5,118.0,7.13,4.62,215.0
00-0027966,Mark Ingram,2021,2022,0,0.20302375809935205,94,68,26,3.823529411764706,0.6787234042553191,-0.3523812831074953,1,0.4407142857142857,31.0,10.0,28.0,7,9.114285714285714,44.0,2.0,4.62,31.5,118.0,7.13,4.62,215.0
00-0027994,Shane Vereen,2013,2014,0,0.20733944954128442,113,44,69,4.7272727272727275,1.1902654867256637,,0,0.4679999999999999,24.0,2.0,56.0,8,16.8125,8.0,3.0,4.49,34.0,115.0,6.95,4.28,210.0
00-0027994,Shane Vereen,2014,2015,0,0.43467336683417085,173,96,77,4.072916666666667,0.9583815028901734,,0,0.53,25.0,3.0,56.0,16,10.3625,29.0,1.0,4.49,34.0,115.0,6.95,4.28,210.0
00-0028000,Daniel Thomas,2013,2014,0,0.3727810650887574,126,109,17,3.7247706422018347,0.776984126984127,,0,0.37,25.0,2.0,62.0,15,6.526666666666666,55.0,2.0,4.62,,,,,230.0
00-0028009,DeMarco Murray,2013,2014,0,0.884375,283,217,66,5.1658986175115205,0.9120141342756185,,0,0.7664285714285715,25.0,2.0,71.0,14,18.435714285714287,5.0,1.0,4.37,34.5,124.0,7.28,4.18,213.0
00-0028009,DeMarco Murray,2014,2015,0,0.8099467140319716,456,392,64,4.706632653061225,0.7699561403508772,,0,0.7416666666666667,26.0,3.0,71.0,16,21.94375,2.0,1.0,4.37,34.5,124.0,7.28,4.18,213.0
00-0028009,DeMarco Murray,2015,2016,0,0.45255474452554745,248,193,55,3.6373056994818653,0.7435483870967742,,0,0.4386666666666666,27.0,4.0,71.0,15,12.293333333333331,22.0,1.0,4.37,34.5,124.0,7.28,4.18,213.0
00-0028009,DeMarco Murray,2016,2017,0,0.7422680412371134,360,293,67,4.392491467576792,0.8161111111111111,,0,0.809375,28.0,5.0,71.0,16,18.3625,6.0,1.0,4.37,34.5,124.0,7.28,4.18,213.0
00-0028011,Stevan Ridley,2013,2014,0,0.3486238532110092,190,178,12,4.342696629213483,0.6710526315789473,,0,0.310625,24.0,2.0,73.0,14,9.107142857142858,40.0,1.0,4.65,36.0,118.0,6.78,4.21,225.0
00-0028011,Stevan Ridley,2014,2015,0,0.24874371859296482,99,94,5,3.617021276595745,0.5252525252525253,,0,0.4233333333333333,25.0,3.0,73.0,6,8.666666666666666,40.0,2.0,4.65,36.0,118.0,6.78,4.21,225.0
00-0028043,Roy Helu,2013,2014,1,0.2653061224489796,104,62,42,4.419354838709677,1.0336538461538463,,0,0.458125,24.0,2.0,105.0,16,6.71875,54.0,2.0,4.4,36.5,119.0,6.67,4.01,219.0
00-0028043,Roy Helu,2014,2015,0,0.21534653465346534,87,40,47,5.4,1.4632183908045977,,0,0.3978571428571428,25.0,3.0,105.0,13,9.792307692307691,31.0,2.0,4.4,36.5,119.0,6.67,4.01,219.0
00-0028064,Bilal Powell,2013,2014,0,0.5521327014218009,233,176,57,3.960227272727273,0.6012875536480686,,0,0.595625,24.0,2.0,126.0,16,8.75625,41.0,1.0,4.51,,,,,207.0
00-0028064,Bilal Powell,2014,2015,1,0.10191082802547771,48,33,15,4.2727272727272725,0.8395833333333332,,0,0.2333333333333333,25.0,3.0,126.0,14,2.878571428571429,90.0,3.0,4.51,,,,,207.0
00-0028064,Bilal Powell,2015,2016,0,0.2654690618762475,133,70,63,4.4714285714285715,1.0157894736842106,,0,0.4663636363636363,26.0,4.0,126.0,11,12.28181818181818,23.0,2.0,4.51,,,,,207.0
00-0028064,Bilal Powell,2016,2017,0,0.43991416309012876,205,131,74,5.511450381679389,0.9609756097560975,,0,0.5075,27.0,5.0,126.0,16,12.3125,25.0,2.0,4.51,,,,,207.0
00-0028064,Bilal Powell,2017,2018,0,0.44608879492600423,211,178,33,4.337078651685394,0.6881516587677725,,0,0.4186666666666667,28.0,6.0,126.0,15,9.68,34.0,1.0,4.51,,,,,207.0
00-0028064,Bilal Powell,2018,2019,0,0.2153846153846154,98,80,18,4.2875,0.6153061224489795,,0,0.4714285714285715,29.0,7.0,300.0,7,8.614285714285714,49.0,3.0,4.51,,,,,207.0
00-0028074,Anthony Sherman,2013,2014,0,0.05273833671399594,26,2,24,1.5,1.4538461538461538,,0,0.3564705882352941,24.0,2.0,136.0,11,3.436363636363637,74.0,3.0,4.74,32.5,111.0,7.23,4.41,242.0
00-0028083,Jacquizz Rodgers,2013,2014,0,0.4340659340659341,158,96,62,3.4583333333333335,0.8943037974683545,,0,0.4326666666666667,23.0,2.0,145.0,15,9.42,39.0,2.0,4.59,33.0,113.0,7.31,4.26,196.0
00-0028083,Jacquizz Rodgers,2016,2017,0,0.32293986636971045,145,129,16,4.341085271317829,0.6262068965517241,,0,0.485,26.0,5.0,145.0,10,9.08,42.0,2.0,4.59,33.0,113.0,7.31,4.26,196.0
00-0028083,Jacquizz Rodgers,2017,2018,0,0.176056338028169,75,64,11,3.8125,0.624,,0,0.15875,27.0,6.0,145.0,13,3.6,86.0,3.0,4.59,33.0,113.0,7.31,4.26,196.0
00-0028087,Dion Lewis,2015,2016,0,0.225,99,49,50,4.775510204081633,1.2141414141414142,,0,0.5942857142857143,24.0,4.0,149.0,7,17.17142857142857,3.0,2.0,4.56,34.5,112.0,6.9,4.18,193.0
00-0028087,Dion Lewis,2016,2017,1,0.16923076923076924,88,64,24,4.421875,0.6215909090909091,,0,0.305,25.0,5.0,300.0,7,7.814285714285715,53.0,3.0,4.56,34.5,112.0,6.9,4.18,193.0
00-0028087,Dion Lewis,2017,2018,0,0.40186915887850466,215,180,35,4.977777777777778,0.9441860465116279,,0,0.3689473684210526,26.0,6.0,149.0,16,12.6875,16.0,1.0,4.56,34.5,112.0,6.9,4.18,193.0
00-0028087,Dion Lewis,2018,2019,0,0.4879120879120879,222,155,67,3.335483870967742,0.7238738738738738,-0.4134069387448217,1,0.605625,27.0,7.0,149.0,16,10.04375,39.0,2.0,4.56,34.5,112.0,6.9,4.18,193.0
00-0028087,Dion Lewis,2019,2020,0,0.20823244552058112,86,54,32,3.8703703703703702,0.7709302325581395,,0,0.3373684210526316,28.0,8.0,149.0,15,4.42,77.0,2.0,4.56,34.5,112.0,6.9,4.18,193.0
00-0028121,Jordan Todman,2013,2014,0,0.23234624145785876,102,76,26,3.3684210526315788,0.6784313725490196,,0,0.244375,23.0,2.0,183.0,15,4.613333333333333,66.0,2.0,4.4,38.0,126.0,7.24,4.18,203.0
00-0028198,Matt Asiata,2014,2015,0,0.463265306122449,227,164,63,3.475609756097561,0.8555066079295154,,0,,27.0,3.0,300.0,15,12.946666666666664,18.0,1.0,,,,,,
00-0028198,Matt Asiata,2015,2016,0,0.10303030303030303,51,29,22,3.8620689655172415,0.8509803921568627,,0,,28.0,4.0,300.0,15,2.893333333333333,87.0,3.0,,,,,,
00-0028202,Shaun Draughn,2015,2016,0,0.453781512605042,108,76,32,3.460526315789474,0.6925925925925925,,0,,27.0,4.0,300.0,6,12.466666666666669,19.0,2.0,,,,,,
00-0028841,Will Johnson,2013,2014,0,0.024886877828054297,11,0,11,,1.6454545454545455,,0,,24.0,1.0,300.0,9,2.011111111111111,85.0,4.0,,,,,,
00-0029004,Lance Dunbar,2013,2014,0,0.115625,37,30,7,5.0,0.7,,0,,23.0,1.0,300.0,7,3.7,72.0,2.0,,,,,,
00-0029141,Alfred Morris,2013,2014,0,0.7346938775510204,288,276,12,4.619565217391305,0.6190972222222223,,0,0.52875,24.0,1.0,173.0,16,11.14375,30.0,1.0,4.63,35.5,117.0,7.01,4.19,219.0
00-0029141,Alfred Morris,2014,2015,0,0.7202970297029703,291,265,26,4.052830188679246,0.6457044673539519,,0,0.56,25.0,2.0,173.0,16,11.74375,22.0,1.0,4.63,35.5,117.0,7.01,4.19,219.0
00-0029141,Alfred Morris,2015,2016,0,0.4603854389721627,215,202,13,3.717821782178218,0.4493023255813953,,0,0.3476470588235294,26.0,3.0,173.0,16,6.0375,65.0,1.0,4.63,35.5,117.0,7.01,4.19,219.0
00-0029141,Alfred Morris,2016,2017,0,0.1595744680851064,75,69,6,3.5217391304347827,0.5386666666666666,,0,0.1392857142857143,27.0,4.0,173.0,13,3.107692307692308,84.0,2.0,4.63,35.5,117.0,7.01,4.19,219.0
00-0029141,Alfred Morris,2017,2018,0,0.2572614107883817,124,115,9,4.756521739130434,0.582258064516129,,0,0.225,28.0,5.0,173.0,13,5.553846153846154,74.0,2.0,4.63,35.5,117.0,7.01,4.19,219.0
00-0029205,Travaris Cadet,2016,2017,0,0.12083333333333333,58,4,54,4.75,1.6206896551724137,,0,,27.0,4.0,300.0,13,7.230769230769231,57.0,3.0,,,,,,
00-0029239,Brandon Bolden,2013,2014,0,0.15412844036697249,84,55,29,4.927272727272728,0.9678571428571429,,0,0.2635714285714285,23.0,1.0,300.0,10,8.129999999999999,43.0,4.0,4.55,38.0,119.0,6.96,4.44,222.0
00-0029239,Brandon Bolden,2014,2015,0,0.08542713567839195,34,28,6,3.1785714285714284,0.5205882352941176,,0,0.0663157894736842,24.0,2.0,300.0,9,1.9666666666666663,99.0,4.0,4.55,38.0,119.0,6.96,4.44,222.0
00-0029239,Brandon Bolden,2021,2022,0,0.19914346895074947,93,44,49,5.136363636363637,1.3344086021505375,,0,0.3116666666666667,31.0,9.0,300.0,16,7.75625,57.0,3.0,4.55,38.0,119.0,6.96,4.44,222.0
00-0029264,Bernard Pierce,2013,2014,0,0.38146551724137934,177,152,25,2.8684210526315788,0.4858757062146893,,0,0.3525,22.0,1.0,84.0,16,5.375,60.0,2.0,4.45,36.5,123.0,7.07,4.28,218.0
00-0029273,Robert Turbin,2013,2014,0,0.20506912442396313,89,77,12,3.4285714285714284,0.45393258426966293,,0,0.2173684210526315,23.0,1.0,106.0,15,2.6933333333333334,80.0,2.0,4.42,36.0,122.0,7.16,4.31,222.0
00-0029273,Robert Turbin,2014,2015,0,0.2052401746724891,94,74,20,4.1891891891891895,0.8042553191489361,,0,0.2357894736842105,24.0,2.0,106.0,16,4.725,78.0,2.0,4.42,36.0,122.0,7.16,4.31,222.0
00-0029273,Robert Turbin,2015,2016,0,0.09352517985611511,39,32,7,4.34375,0.6769230769230768,,0,0.2319999999999999,25.0,3.0,106.0,7,3.7714285714285714,79.0,3.0,4.42,36.0,122.0,7.16,4.31,222.0
00-0029273,Robert Turbin,2016,2017,0,0.18981481481481483,82,47,35,3.4893617021276597,1.3207317073170732,,0,0.2973333333333333,26.0,4.0,106.0,15,7.22,58.0,2.0,4.42,36.0,122.0,7.16,4.31,222.0
00-0029384,Bobby Rainey,2013,2014,0,0.3318777292576419,152,137,15,3.883211678832117,0.6638157894736842,,0,,25.0,1.0,300.0,8,12.6125,21.0,1.0,,,,,,
00-0029429,Bryce Brown,2013,2014,0,0.1825726141078838,88,75,13,4.1866666666666665,0.7022727272727273,,0,0.1670588235294118,22.0,1.0,229.0,15,4.12,67.0,2.0,,,,,,
00-0029438,Chris Polk,2013,2014,0,0.03319502074688797,16,11,5,8.909090909090908,2.36875,,0,,23.0,1.0,300.0,6,6.316666666666666,56.0,3.0,,,,,,
00-0029438,Chris Polk,2014,2015,0,0.09477756286266925,49,46,3,3.739130434782609,1.036734693877551,,0,,24.0,2.0,300.0,9,5.644444444444444,63.0,3.0,,,,,,
00-0029510,Jonathan Grimes,2014,2015,0,0.08499095840867993,47,39,8,3.923076923076923,0.6361702127659574,,0,,24.0,2.0,300.0,9,3.322222222222222,89.0,3.0,,,,,,
00-0029510,Jonathan Grimes,2015,2016,0,0.19772727272727272,87,56,31,5.035714285714286,0.9827586206896551,,0,,25.0,3.0,300.0,13,6.576923076923077,62.0,3.0,,,,,,
00-0029613,Doug Martin,2013,2014,0,0.3296943231441048,151,127,24,3.590551181102362,0.46490066225165566,,0,0.7400000000000001,24.0,1.0,31.0,6,11.7,26.0,2.0,4.46,36.0,120.0,6.79,4.16,223.0
00-0029613,Doug Martin,2014,2015,1,0.39896373056994816,154,134,20,3.6865671641791047,0.5246753246753246,,0,0.4981818181818182,25.0,2.0,31.0,11,7.345454545454545,52.0,1.0,4.46,36.0,120.0,6.79,4.16,223.0
00-0029613,Doug Martin,2015,2016,0,0.6522593320235757,332,288,44,4.868055555555555,0.699698795180723,,0,0.56625,26.0,3.0,31.0,16,14.51875,11.0,1.0,4.46,36.0,120.0,6.79,4.16,223.0
00-0029613,Doug Martin,2016,2017,0,0.35634743875278396,160,144,16,2.923611111111111,0.534375,,0,0.58875,27.0,4.0,31.0,8,10.6875,32.0,1.0,4.46,36.0,120.0,6.79,4.16,223.0
00-0029613,Doug Martin,2017,2018,0,0.36619718309859156,156,138,18,2.9420289855072466,0.48717948717948717,,0,0.3799999999999999,28.0,5.0,31.0,11,6.909090909090909,59.0,1.0,4.46,36.0,120.0,6.79,4.16,223.0
00-0029615,Lamar Miller,2013,2014,1,0.6272189349112426,212,177,35,4.005649717514125,0.584433962264151,,0,0.6,22.0,1.0,97.0,16,7.74375,44.0,1.0,4.34,33.0,,,,212.0
00-0029615,Lamar Miller,2014,2015,0,0.6802030456852792,268,216,52,5.087962962962963,0.8335820895522388,,0,0.5875,23.0,2.0,97.0,16,13.9625,14.0,1.0,4.34,33.0,,,,212.0
00-0029615,Lamar Miller,2015,2016,0,0.7070422535211267,251,194,57,4.494845360824742,0.9239043824701195,,0,0.613125,24.0,3.0,97.0,16,14.49375,12.0,1.0,4.34,33.0,,,,212.0
00-0029615,Lamar Miller,2016,2017,0,0.6290983606557377,307,268,39,4.003731343283582,0.6224755700325733,,0,0.631875,25.0,4.0,300.0,14,13.65,18.0,1.0,4.34,33.0,,,,212.0
00-0029615,Lamar Miller,2017,2018,0,0.6302895322939867,283,238,45,3.73109243697479,0.6837455830388692,,0,0.67375,26.0,5.0,97.0,16,12.09375,18.0,1.0,4.34,33.0,,,,212.0
00-0029683,Ronnie Hillman,2013,2014,1,0.12994350282485875,69,55,14,3.963636363636364,0.7202898550724638,,0,0.209,21.0,1.0,67.0,9,5.522222222222222,59.0,3.0,4.42,37.0,,,,200.0
00-0029683,Ronnie Hillman,2014,2015,0,0.330188679245283,140,106,34,4.09433962264151,0.7307142857142856,,0,0.5055555555555555,22.0,2.0,67.0,8,12.7875,19.0,2.0,4.42,37.0,,,,200.0
00-0029731,Fozzy Whittaker,2013,2014,0,0.1875,63,28,35,2.8214285714285716,0.8952380952380952,,0,,24.0,1.0,300.0,9,6.266666666666667,57.0,3.0,,,,,,
00-0029731,Fozzy Whittaker,2014,2015,0,0.12179487179487179,38,32,6,4.53125,0.9868421052631579,,0,,25.0,2.0,300.0,8,4.6875,79.0,3.0,,,,,,
00-0029731,Fozzy Whittaker,2015,2016,0,0.11331444759206799,40,25,15,4.32,0.8800000000000001,,0,,26.0,3.0,300.0,13,2.707692307692308,89.0,3.0,,,,,,
00-0029731,Fozzy Whittaker,2016,2017,0,0.2735562310030395,90,57,33,4.649122807017544,0.801111111111111,,0,,27.0,4.0,300.0,16,4.50625,67.0,2.0,,,,,,
00-0029795,Benny Cunningham,2013,2014,0,0.13286713286713286,57,47,10,5.553191489361702,0.7719298245614035,,0,,23.0,0.0,300.0,13,3.3846153846153846,75.0,3.0,,,,,,
00-0029795,Benny Cunningham,2014,2015,0,0.28132387706855794,119,66,53,3.727272727272727,1.0823529411764707,,0,,24.0,1.0,300.0,16,8.05,45.0,2.0,,,,,,
00-0029795,Benny Cunningham,2015,2016,0,0.1721698113207547,73,37,36,3.7837837837837838,0.8904109589041096,,0,,25.0,2.0,300.0,14,4.642857142857143,76.0,3.0,,,,,,
00-0029795,Benny Cunningham,2016,2017,0,0.10526315789473684,42,21,21,4.809523809523809,0.8380952380952381,,0,,26.0,3.0,300.0,10,3.5200000000000005,80.0,2.0,,,,,,
00-0029854,C.J. Anderson,2014,2015,0,0.5259433962264151,223,179,44,4.743016759776537,0.9475336322869956,,0,,23.0,1.0,300.0,14,15.092857142857143,10.0,1.0,,,,,,
00-0029854,C.J. Anderson,2015,2016,1,0.4113785557986871,188,152,36,4.7368421052631575,0.7515957446808511,,0,,24.0,2.0,300.0,15,9.42,46.0,2.0,,,,,,
00-0029854,C.J. Anderson,2016,2017,0,0.3471502590673575,134,110,24,3.9727272727272727,0.7649253731343284,,0,,25.0,3.0,300.0,7,14.642857142857142,14.0,2.0,,,,,,
00-0029854,C.J. Anderson,2017,2018,0,0.5711422845691383,285,245,40,4.110204081632653,0.6143859649122807,,0,,26.0,4.0,300.0,16,10.94375,25.0,1.0,,,,,,
00-0030107,Theo Riddick,2013,2014,0,0.03063063063063063,17,9,8,2.7777777777777777,0.888235294117647,,0,0.0507142857142857,22.0,0.0,199.0,9,1.6777777777777778,88.0,3.0,4.68,32.0,118.0,,,201.0
00-0030107,Theo Riddick,2014,2015,0,0.14644351464435146,70,20,50,2.55,1.352857142857143,,0,0.1806666666666666,23.0,1.0,199.0,13,7.284615384615384,53.0,3.0,4.68,32.0,118.0,,,201.0
00-0030107,Theo Riddick,2015,2016,0,0.32272727272727275,142,43,99,3.0930232558139537,1.2605633802816902,,0,0.428125,24.0,2.0,199.0,16,11.1875,31.0,2.0,4.68,32.0,118.0,,,201.0
00-0030107,Theo Riddick,2016,2017,0,0.424,159,92,67,3.880434782608696,1.0176100628930818,,0,0.654,25.0,3.0,300.0,10,16.18,8.0,1.0,4.68,32.0,118.0,,,201.0
00-0030107,Theo Riddick,2017,2018,0,0.4189189189189189,155,84,71,3.4047619047619047,0.9935483870967742,,0,0.45125,26.0,4.0,199.0,16,9.625,35.0,2.0,4.68,32.0,118.0,,,201.0
00-0030280,Knile Davis,2013,2014,0,0.1724137931034483,85,70,15,3.4571428571428573,0.831764705882353,,0,0.1870588235294117,21.0,0.0,96.0,14,5.05,63.0,2.0,4.37,33.5,121.0,6.96,4.38,227.0
00-0030280,Knile Davis,2014,2015,0,0.3613636363636364,159,134,25,3.455223880597015,0.7610062893081762,,0,0.27875,22.0,1.0,96.0,15,8.066666666666666,44.0,2.0,4.37,33.5,121.0,6.96,4.38,227.0
00-0030282,Stepfan Taylor,2013,2014,0,0.09202453987730061,45,36,9,3.1944444444444446,0.5911111111111111,,0,0.121875,22.0,0.0,140.0,11,2.4181818181818184,82.0,3.0,4.76,30.0,110.0,7.13,4.5,214.0
00-0030282,Stepfan Taylor,2014,2015,0,0.20103092783505155,78,63,15,3.3015873015873014,0.8423076923076923,,0,0.2273333333333333,23.0,1.0,140.0,12,5.4750000000000005,67.0,2.0,4.76,30.0,110.0,7.13,4.5,214.0
00-0030287,Andre Ellington,2013,2014,0,0.35787321063394684,175,118,57,5.52542372881356,0.9445714285714286,,0,0.4039999999999999,24.0,0.0,187.0,15,11.02,31.0,2.0,4.61,34.0,122.0,,,199.0
00-0030287,Andre Ellington,2014,2015,0,0.6829896907216495,265,201,64,3.283582089552239,0.6698113207547169,,0,0.6725,25.0,1.0,187.0,12,14.791666666666666,11.0,1.0,4.61,34.0,122.0,,,199.0
00-0030287,Andre Ellington,2015,2016,0,0.14375,69,45,24,6.4222222222222225,1.0826086956521739,,0,0.2758333333333333,26.0,2.0,187.0,10,7.470000000000001,58.0,3.0,4.61,34.0,122.0,,,199.0
00-0030287,Andre Ellington,2016,2017,0,0.11373390557939914,53,34,19,2.823529411764706,0.5679245283018868,,0,0.13,27.0,3.0,300.0,13,2.315384615384616,88.0,2.0,4.61,34.0,122.0,,,199.0
00-0030288,Rex Burkhead,2015,2016,0,0.0395010395010395,19,4,15,1.0,1.2526315789473685,,0,0.0705882352941176,25.0,2.0,190.0,12,1.9833333333333327,93.0,3.0,4.73,39.0,125.0,6.85,4.09,214.0
00-0030288,Rex Burkhead,2016,2017,1,0.19381443298969073,94,74,20,4.648648648648648,0.8074468085106383,,0,0.221875,26.0,3.0,190.0,9,8.433333333333334,49.0,3.0,4.73,39.0,125.0,6.85,4.09,214.0
00-0030288,Rex Burkhead,2017,2018,0,0.18691588785046728,100,64,36,4.125,1.298,,0,0.2466666666666666,27.0,4.0,190.0,10,12.98,15.0,4.0,4.73,39.0,125.0,6.85,4.09,214.0
00-0030288,Rex Burkhead,2018,2019,0,0.13184931506849315,77,57,20,3.263157894736842,0.6454545454545455,,0,0.2609090909090909,28.0,5.0,190.0,8,6.2125,71.0,3.0,4.73,39.0,125.0,6.85,4.09,214.0
00-0030288,Rex Burkhead,2019,2020,0,0.18458781362007168,103,65,38,4.6461538461538465,0.9815533980582524,,0,0.2828571428571428,29.0,6.0,190.0,13,7.776923076923077,52.0,3.0,4.73,39.0,125.0,6.85,4.09,214.0
00-0030288,Rex Burkhead,2020,2021,0,0.2331002331002331,100,67,33,4.08955223880597,1.0759999999999998,,0,0.404,30.0,7.0,190.0,10,10.76,34.0,2.0,4.73,39.0,125.0,6.85,4.09,214.0
00-0030288,Rex Burkhead,2021,2022,0,0.3684210526315789,154,122,32,3.5,0.6772727272727272,-0.2206511657124001,1,0.375,31.0,8.0,190.0,14,7.45,59.0,1.0,4.73,39.0,125.0,6.85,4.09,214.0
00-0030348,Khiry Robinson,2013,2014,0,0.10465116279069768,54,54,0,4.148148148148148,0.5259259259259259,,0,,23.0,0.0,300.0,10,2.8400000000000003,79.0,4.0,,,,,,
00-0030348,Khiry Robinson,2014,2015,0,0.17058823529411765,87,76,11,4.7631578947368425,0.764367816091954,,0,,24.0,1.0,300.0,9,7.388888888888889,51.0,3.0,,,,,,
00-0030388,Joseph Randle,2014,2015,1,0.0994671403197158,56,51,5,6.7254901960784315,0.975,,0,0.0838888888888888,22.0,1.0,151.0,14,3.9,84.0,2.0,4.63,35.0,123.0,,,204.0
00-0030404,Chris Thompson,2015,2016,0,0.1777301927194861,83,35,48,6.171428571428572,1.1156626506024097,,0,0.3321428571428572,24.0,2.0,154.0,13,7.123076923076924,61.0,3.0,4.42,,,,,192.0
00-0030404,Chris Thompson,2016,2017,1,0.3073286052009456,130,68,62,5.235294117647059,1.1346153846153846,,0,0.455625,25.0,3.0,154.0,16,9.21875,40.0,2.0,4.42,,,,,192.0
00-0030404,Chris Thompson,2017,2018,0,0.30569948186528495,118,64,54,4.59375,1.3169491525423729,,0,0.5189999999999999,26.0,4.0,300.0,10,15.54,10.0,2.0,4.42,,,,,192.0
00-0030404,Chris Thompson,2018,2019,0,0.23728813559322035,98,43,55,4.1395348837209305,0.9346938775510204,,0,0.506,27.0,5.0,154.0,10,9.16,44.0,2.0,4.42,,,,,192.0
00-0030404,Chris Thompson,2019,2020,0,0.260989010989011,95,37,58,3.72972972972973,0.9852631578947367,,0,0.4554545454545454,28.0,6.0,154.0,11,8.50909090909091,48.0,2.0,4.42,,,,,192.0
00-0030414,Spencer Ware,2015,2016,1,0.25742574257425743,78,72,6,5.597222222222222,1.0615384615384615,,0,0.2492307692307692,23.0,2.0,194.0,9,9.2,48.0,2.0,4.62,,,,,228.0
00-0030433,Mike Gillislee,2016,2017,0,0.24669603524229075,112,101,11,5.712871287128713,1.1223214285714287,,0,0.2726666666666666,25.0,3.0,300.0,15,8.379999999999999,51.0,2.0,4.55,30.5,119.0,7.12,4.4,208.0
00-0030456,Giovani Bernard,2013,2014,0,0.5128205128205128,240,170,70,4.088235294117647,0.9287500000000001,,0,0.5552941176470588,21.0,0.0,37.0,16,13.93125,16.0,1.0,4.53,33.5,122.0,6.91,4.12,202.0
00-0030456,Giovani Bernard,2014,2015,0,0.4530938123752495,227,168,59,4.0476190476190474,0.8277533039647578,,0,0.5971428571428571,22.0,1.0,37.0,13,14.453846153846154,13.0,2.0,4.53,33.5,122.0,6.91,4.12,202.0
00-0030456,Giovani Bernard,2015,2016,0,0.4573804573804574,220,154,66,4.740259740259741,0.8236363636363636,,0,0.5335294117647059,23.0,2.0,37.0,16,11.325,28.0,2.0,4.53,33.5,122.0,6.91,4.12,202.0
00-0030456,Giovani Bernard,2016,2017,0,0.2927835051546392,142,91,51,3.7032967032967035,0.8612676056338028,,0,0.571,24.0,3.0,37.0,10,12.23,26.0,2.0,4.53,33.5,122.0,6.91,4.12,202.0
00-0030456,Giovani Bernard,2017,2018,0,0.39473684210526316,165,105,60,4.3619047619047615,0.9145454545454546,,0,0.4875,25.0,4.0,37.0,16,9.43125,38.0,2.0,4.53,33.5,122.0,6.91,4.12,202.0
00-0030456,Giovani Bernard,2018,2019,0,0.26262626262626265,104,56,48,3.767857142857143,0.9221153846153847,,0,0.4258333333333333,26.0,5.0,37.0,12,7.991666666666667,56.0,2.0,4.53,33.5,122.0,6.91,4.12,202.0
00-0030456,Giovani Bernard,2019,2020,0,0.22911694510739858,96,53,43,3.207547169811321,0.7125,,0,0.400625,27.0,6.0,37.0,16,4.275,79.0,2.0,4.53,33.5,122.0,6.91,4.12,202.0
00-0030456,Giovani Bernard,2020,2021,0,0.4216589861751152,183,124,59,3.3548387096774195,0.8639344262295081,-0.7998083398352052,1,0.489375,28.0,7.0,37.0,16,9.88125,36.0,1.0,4.53,33.5,122.0,6.91,4.12,202.0
00-0030465,Kenjon Barner,2016,2017,0,0.08225108225108226,38,27,11,4.777777777777778,0.8973684210526316,,0,0.1053846153846154,27.0,3.0,182.0,10,3.41,82.0,4.0,4.52,35.5,122.0,6.87,4.2,196.0
00-0030485,Eddie Lacy,2013,2014,0,0.7627906976744186,328,284,44,4.147887323943662,0.739329268292683,,0,0.648125,23.0,0.0,61.0,15,16.166666666666668,11.0,1.0,4.55,,,,,231.0
00-0030485,Eddie Lacy,2014,2015,0,0.6951501154734411,301,246,55,4.630081300813008,0.9056478405315616,,0,0.6538888888888889,24.0,1.0,61.0,16,17.0375,6.0,1.0,4.55,,,,,231.0
00-0030496,Le'Veon Bell,2013,2014,0,0.7013574660633484,310,244,66,3.5245901639344264,0.6996774193548387,,0,0.7753846153846153,21.0,0.0,48.0,13,16.684615384615384,9.0,1.0,4.6,31.5,118.0,6.75,4.24,230.0
00-0030496,Le'Veon Bell,2014,2015,0,0.79,395,290,105,4.6931034482758625,0.9379746835443038,,0,0.83375,22.0,1.0,48.0,16,23.15625,1.0,1.0,4.6,31.5,118.0,6.75,4.24,230.0
00-0030496,Le'Veon Bell,2015,2016,0,0.3601036269430052,139,113,26,4.920353982300885,0.8,,0,0.8283333333333333,23.0,2.0,48.0,6,18.53333333333333,2.0,2.0,4.6,31.5,118.0,6.75,4.24,230.0
00-0030496,Le'Veon Bell,2016,2017,0,0.7395833333333334,355,261,94,4.85823754789272,0.8940845070422535,,0,0.9046666666666668,24.0,3.0,300.0,12,26.45,1.0,1.0,4.6,31.5,118.0,6.75,4.24,230.0
00-0030496,Le'Veon Bell,2019,2020,0,0.8197969543147208,323,245,78,3.220408163265306,0.6656346749226006,-0.5199275167596167,1,0.8313333333333334,27.0,6.0,48.0,15,14.333333333333334,18.0,1.0,4.6,31.5,118.0,6.75,4.24,230.0
00-0030513,Latavius Murray,2014,2015,0,0.28,105,82,23,5.170731707317073,0.8161904761904762,,0,0.2793333333333334,24.0,1.0,181.0,10,8.57,42.0,2.0,,,,,,
00-0030513,Latavius Murray,2015,2016,0,0.8461538461538461,319,266,53,4.007518796992481,0.6420062695924765,,0,0.645,25.0,2.0,181.0,16,12.8,17.0,1.0,,,,,,
00-0030513,Latavius Murray,2016,2017,0,0.5063829787234042,238,195,43,4.041025641025641,0.8747899159663866,,0,0.5266666666666666,26.0,3.0,300.0,14,14.87142857142857,11.0,1.0,,,,,,
00-0030513,Latavius Murray,2017,2018,0,0.516629711751663,233,216,17,3.8981481481481484,0.6759656652360515,,0,0.3688888888888889,27.0,4.0,181.0,16,9.84375,33.0,1.0,,,,,,
00-0030513,Latavius Murray,2018,2019,0,0.4585635359116022,166,140,26,4.128571428571429,0.7945783132530121,0.2704078134292477,1,0.43,28.0,5.0,181.0,16,8.24375,53.0,2.0,,,,,,
00-0030513,Latavius Murray,2019,2020,0,0.4135667396061269,189,146,43,4.363013698630137,0.8317460317460317,-0.0031459737409455,1,0.3888235294117647,29.0,6.0,181.0,16,9.825,37.0,2.0,,,,,,
00-0030513,Latavius Murray,2020,2021,0,0.36909871244635195,172,146,26,4.493150684931507,0.791860465116279,0.0952010087349882,1,0.35125,30.0,7.0,181.0,15,9.08,42.0,2.0,,,,,,
00-0030513,Latavius Murray,2021,2022,1,0.3728813559322034,132,119,13,4.2100840336134455,0.7848484848484848,0.0700604468324046,1,0.3771428571428571,31.0,8.0,181.0,14,7.399999999999999,60.0,2.0,,,,,,
00-0030513,Latavius Murray,2022,2023,0,0.5464788732394367,194,160,34,4.39375,0.7252577319587629,-0.0655720324872262,1,0.5284615384615384,32.0,9.0,181.0,12,11.725,27.0,1.0,,,,,,
00-0030536,Zac Stacy,2013,2014,0,0.6643356643356644,285,250,35,3.892,0.6435087719298246,,0,0.6728571428571428,22.0,0.0,160.0,13,14.107692307692307,14.0,1.0,4.55,33.0,122.0,6.7,4.17,216.0
00-0030536,Zac Stacy,2014,2015,0,0.23404255319148937,99,76,23,3.8552631578947367,0.6515151515151515,,0,0.2338461538461538,23.0,1.0,160.0,9,7.166666666666667,55.0,3.0,4.55,33.0,122.0,6.7,4.17,216.0
00-0030547,Denard Robinson,2013,2014,0,0.04783599088838269,21,20,1,3.3,0.21904761904761902,,0,0.0475,22.0,0.0,135.0,12,0.3833333333333333,91.0,4.0,4.43,36.5,123.0,7.09,4.22,199.0
00-0030547,Denard Robinson,2014,2015,0,0.46111111111111114,166,135,31,4.311111111111111,0.6843373493975903,,0,0.4561538461538462,23.0,1.0,135.0,13,8.738461538461538,39.0,1.0,4.43,36.5,123.0,7.09,4.22,199.0
00-0030547,Denard Robinson,2015,2016,0,0.29846153846153844,97,67,30,3.970149253731343,0.7010309278350515,,0,0.3061538461538461,24.0,2.0,135.0,12,5.666666666666667,68.0,2.0,4.43,36.5,123.0,7.09,4.22,199.0
00-0030578,Cordarrelle Patterson,2013,2014,0,0.19222462203023757,89,12,77,13.166666666666666,1.8168539325842696,,0,0.41,22.0,0.0,29.0,16,10.10625,35.0,2.0,4.42,37.0,128.0,,,216.0
00-0030578,Cordarrelle Patterson,2016,2017,0,0.171875,77,7,70,6.142857142857143,1.553246753246753,,0,0.495,25.0,3.0,29.0,16,7.475,56.0,3.0,4.42,37.0,128.0,,,216.0
00-0030578,Cordarrelle Patterson,2017,2018,0,0.11293634496919917,55,13,42,9.307692307692308,1.5636363636363637,,0,0.431875,26.0,4.0,29.0,15,5.733333333333333,70.0,4.0,4.42,37.0,128.0,,,216.0
00-0030578,Cordarrelle Patterson,2018,2019,0,0.11986301369863013,70,42,28,5.428571428571429,1.4071428571428573,,0,0.2055555555555555,27.0,5.0,29.0,15,6.566666666666666,68.0,4.0,4.42,37.0,128.0,,,216.0
00-0030578,Cordarrelle Patterson,2019,2020,0,0.0709812108559499,34,17,17,6.0588235294117645,1.0470588235294118,,0,0.1875,28.0,6.0,29.0,12,2.966666666666667,89.0,3.0,4.42,37.0,128.0,,,216.0
00-0030578,Cordarrelle Patterson,2020,2021,1,0.21394230769230768,89,64,25,3.625,0.7797752808988765,,0,0.1917647058823529,29.0,7.0,29.0,15,4.626666666666667,77.0,2.0,4.42,37.0,128.0,,,216.0
00-0030578,Cordarrelle Patterson,2021,2022,0,0.46638655462184875,222,153,69,4.03921568627451,1.0567567567567566,-0.060143919785181,1,0.47625,30.0,8.0,29.0,16,14.6625,18.0,1.0,4.42,37.0,128.0,,,216.0
00-0030578,Cordarrelle Patterson,2022,2023,0,0.3391472868217054,175,144,31,4.826388888888889,0.8839999999999999,0.6249702887228714,1,0.4684615384615384,31.0,9.0,29.0,13,11.9,26.0,2.0,4.42,37.0,128.0,,,216.0
00-0030578,Cordarrelle Patterson,2023,2024,0,0.1085814360770578,62,50,12,3.62,0.5951612903225806,,0,0.1928571428571428,32.0,10.0,29.0,12,3.075,77.0,3.0,4.42,37.0,128.0,,,216.0
00-0030656,Isaiah Crowell,2014,2015,0,0.3410526315789474,162,148,14,4.101351351351352,0.7555555555555555,,0,,21.0,0.0,300.0,15,8.16,43.0,2.0,,,,,,
00-0030656,Isaiah Crowell,2015,2016,1,0.5376623376623376,207,185,22,3.8162162162162163,0.6657004830917873,,0,,22.0,1.0,300.0,16,8.612499999999999,52.0,1.0,,,,,,
00-0030656,Isaiah Crowell,2016,2017,0,0.6306532663316583,251,198,53,4.808080808080808,0.8171314741035857,,0,,23.0,2.0,300.0,16,12.81875,22.0,1.0,,,,,,
00-0030656,Isaiah Crowell,2017,2018,0,0.5862884160756501,248,206,42,4.140776699029126,0.5786290322580645,,0,,24.0,3.0,300.0,16,8.96875,43.0,1.0,,,,,,
00-0030668,Charcandrick West,2015,2016,0,0.6402640264026402,194,160,34,3.9625,0.6845360824742268,,0,,24.0,1.0,300.0,13,10.215384615384616,39.0,1.0,,,,,,
00-0030668,Charcandrick West,2016,2017,0,0.3177083333333333,122,88,34,3.3295454545454546,0.771311475409836,,0,,25.0,2.0,300.0,15,6.2733333333333325,62.0,2.0,,,,,,
00-0030705,Juwan Thompson,2014,2015,0,0.14386792452830188,61,54,7,5.037037037037037,0.8475409836065574,,0,,22.0,0.0,300.0,12,4.308333333333333,82.0,3.0,,,,,,
00-0030874,Damien Williams,2014,2015,0,0.1598984771573604,63,36,27,3.388888888888889,0.919047619047619,,0,0.15,22.0,0.0,300.0,12,4.825,77.0,2.0,4.45,35.5,121.0,7.37,4.25,222.0
00-0030874,Damien Williams,2015,2016,0,0.12394366197183099,44,16,28,3.6875,1.0250000000000001,,0,0.150625,23.0,1.0,300.0,13,3.4692307692307693,81.0,3.0,4.45,35.5,121.0,7.37,4.25,222.0
00-0030874,Damien Williams,2016,2017,0,0.1654320987654321,67,35,32,3.2857142857142856,1.3940298507462687,,0,0.1868749999999999,24.0,2.0,300.0,15,6.226666666666668,63.0,2.0,4.45,35.5,121.0,7.37,4.25,222.0
00-0030874,Damien Williams,2017,2018,0,0.1791767554479419,74,46,28,3.9347826086956523,0.8054054054054054,,0,0.28,25.0,3.0,300.0,10,5.96,67.0,3.0,4.45,35.5,121.0,7.37,4.25,222.0
00-0030874,Damien Williams,2018,2019,0,0.19786096256684493,74,50,24,5.12,1.3324324324324324,,0,0.2638888888888889,26.0,4.0,300.0,10,9.86,41.0,2.0,4.45,35.5,121.0,7.37,4.25,222.0
00-0031045,Carlos Hyde,2014,2015,1,0.26541554959785524,99,83,16,4.0120481927710845,0.7484848484848484,,0,0.315,23.0,0.0,57.0,14,5.292857142857143,70.0,2.0,4.62,34.5,114.0,,,230.0
00-0031045,Carlos Hyde,2015,2016,0,0.5462184873949579,130,115,15,4.086956521739131,0.6253846153846153,,0,0.6742857142857143,24.0,1.0,57.0,7,11.614285714285714,27.0,1.0,4.62,34.5,114.0,,,230.0
00-0031045,Carlos Hyde,2016,2017,0,0.576036866359447,250,217,33,4.552995391705069,0.7684,,0,0.6353846153846153,25.0,2.0,57.0,13,14.776923076923076,12.0,1.0,4.62,34.5,114.0,,,230.0
00-0031045,Carlos Hyde,2017,2018,0,0.6993603411513859,328,240,88,3.908333333333333,0.7128048780487806,,0,0.715,26.0,3.0,57.0,16,14.6125,11.0,1.0,4.62,34.5,114.0,,,230.0
00-0031045,Carlos Hyde,2018,2019,0,0.26973684210526316,123,114,9,3.3508771929824563,0.6268292682926829,-0.5767298672794711,1,0.3992857142857143,27.0,4.0,57.0,6,12.85,22.0,2.0,4.62,34.5,114.0,,,230.0
00-0031045,Carlos Hyde,2019,2020,0,0.6428571428571429,261,245,16,4.36734693877551,0.5869731800766284,0.4426364587946516,1,0.4961111111111111,28.0,5.0,57.0,16,9.575,41.0,1.0,4.62,34.5,114.0,,,230.0
00-0031045,Carlos Hyde,2020,2021,0,0.26790450928381965,101,81,20,4.395061728395062,0.8405940594059407,,0,0.3672727272727272,29.0,6.0,57.0,10,8.49,47.0,2.0,4.62,34.5,114.0,,,230.0
00-0031055,Andre Williams,2014,2015,0,0.503968253968254,254,217,37,3.3225806451612905,0.571259842519685,,0,0.464375,22.0,0.0,113.0,16,9.06875,37.0,1.0,4.56,38.0,129.0,7.27,4.06,230.0
00-0031057,Ka'Deem Carey,2014,2015,0,0.0958904109589041,42,36,6,4.388888888888889,0.6309523809523809,,0,0.1035714285714285,21.0,0.0,117.0,10,2.65,91.0,2.0,4.69,32.5,115.0,7.08,4.38,207.0
00-0031057,Ka'Deem Carey,2015,2016,0,0.08984375,46,43,3,3.697674418604651,0.7999999999999999,,0,0.1054545454545454,22.0,1.0,117.0,7,5.257142857142857,70.0,3.0,4.69,32.5,115.0,7.08,4.38,207.0
00-0031062,James White,2015,2016,0,0.17272727272727273,76,22,54,2.5454545454545454,1.6131578947368421,,0,0.349375,23.0,1.0,130.0,12,10.216666666666669,37.0,4.0,4.57,32.0,114.0,7.05,4.2,204.0
00-0031062,James White,2016,2017,0,0.2403846153846154,125,39,86,4.256410256410256,1.2936,,0,0.3910526315789474,24.0,2.0,300.0,16,10.10625,36.0,2.0,4.57,32.0,114.0,7.05,4.2,204.0
00-0031062,James White,2017,2018,1,0.21495327102803738,115,43,72,3.9767441860465116,1.1652173913043478,,0,0.41,25.0,3.0,130.0,14,9.571428571428571,36.0,2.0,4.57,32.0,114.0,7.05,4.2,204.0
00-0031062,James White,2018,2019,0,0.3715753424657534,217,94,123,4.5212765957446805,1.2746543778801844,-0.0769328111297276,1,0.5157894736842106,26.0,4.0,130.0,16,17.2875,10.0,2.0,4.57,32.0,114.0,7.05,4.2,204.0
00-0031062,James White,2019,2020,0,0.2903225806451613,162,67,95,3.925373134328358,1.248148148148148,,0,0.451875,27.0,5.0,130.0,15,13.48,22.0,2.0,4.57,32.0,114.0,7.05,4.2,204.0
00-0031075,Alfred Blue,2014,2015,0,0.33815551537070526,187,169,18,3.1242603550295858,0.5513368983957219,,0,0.289375,23.0,0.0,181.0,16,6.44375,59.0,2.0,4.63,32.0,121.0,7.15,4.5,223.0
00-0031075,Alfred Blue,2015,2016,0,0.45227272727272727,199,183,16,3.814207650273224,0.5613065326633166,,0,0.3147058823529412,24.0,1.0,181.0,14,7.978571428571428,55.0,1.0,4.63,32.0,121.0,7.15,4.5,223.0
00-0031075,Alfred Blue,2016,2017,0,0.23770491803278687,116,100,16,4.2,0.5344827586206896,,0,0.225,25.0,2.0,300.0,14,4.428571428571429,69.0,2.0,4.63,32.0,121.0,7.15,4.5,223.0
00-0031075,Alfred Blue,2017,2018,0,0.17817371937639198,80,71,9,3.6901408450704225,0.5575,,0,0.2336363636363636,26.0,3.0,181.0,8,5.575,73.0,3.0,4.63,32.0,121.0,7.15,4.5,223.0
00-0031277,Branden Oliver,2014,2015,0,0.4701834862385321,205,160,45,3.6375,0.7087804878048781,,0,,23.0,0.0,300.0,14,10.37857142857143,28.0,1.0,,,,,,
00-0031285,Devonta Freeman,2014,2015,1,0.22417582417582418,102,65,37,3.8153846153846156,0.8558823529411764,,0,0.215,22.0,0.0,103.0,16,5.45625,68.0,2.0,4.58,31.5,118.0,7.11,4.26,206.0
00-0031285,Devonta Freeman,2015,2016,0,0.7211155378486056,362,265,97,3.9849056603773585,0.8740331491712706,,0,0.7173333333333333,23.0,1.0,103.0,15,21.09333333333333,1.0,1.0,4.58,31.5,118.0,7.11,4.26,206.0
00-0031285,Devonta Freeman,2016,2017,0,0.6488888888888888,292,227,65,4.753303964757709,0.9729452054794522,,0,0.5894736842105263,24.0,2.0,103.0,16,17.75625,7.0,1.0,4.58,31.5,118.0,7.11,4.26,206.0
00-0031301,Jeremy Hill,2014,2015,0,0.5069860279441117,254,222,32,5.063063063063063,0.8303149606299213,,0,0.46,21.0,0.0,55.0,16,13.18125,17.0,1.0,4.56,29.0,113.0,,,233.0
00-0031301,Jeremy Hill,2015,2016,0,0.5031185031185031,242,223,19,3.5605381165919283,0.7037190082644629,,0,0.4464705882352941,22.0,1.0,55.0,16,10.64375,32.0,1.0,4.56,29.0,113.0,,,233.0
00-0031301,Jeremy Hill,2016,2017,0,0.51340206185567,249,222,27,3.779279279279279,0.7080321285140563,,0,0.4366666666666666,23.0,2.0,55.0,15,11.753333333333334,27.0,1.0,4.56,29.0,113.0,,,233.0
00-0031375,Terrance West,2014,2015,0,0.3873684210526316,184,171,13,3.935672514619883,0.6125,,0,0.4342857142857143,23.0,0.0,94.0,14,8.05,45.0,1.0,4.56,33.5,120.0,,,225.0
00-0031375,Terrance West,2015,2016,0,0.11538461538461539,51,46,5,3.9130434782608696,0.4725490196078432,,0,0.22875,24.0,1.0,94.0,6,4.016666666666667,77.0,3.0,4.56,33.5,120.0,,,225.0
00-0031376,Jerick McKinnon,2014,2015,0,0.3142857142857143,154,113,41,4.761061946902655,0.6123376623376623,,0,0.4527272727272727,22.0,0.0,96.0,11,8.572727272727272,41.0,2.0,4.41,40.5,132.0,6.83,4.12,209.0
00-0031376,Jerick McKinnon,2015,2016,0,0.16363636363636364,81,52,29,5.211538461538462,1.0296296296296297,,0,0.1694117647058823,23.0,1.0,96.0,16,5.2125,71.0,2.0,4.41,40.5,132.0,6.83,4.12,209.0
00-0031376,Jerick McKinnon,2016,2017,0,0.4732142857142857,212,159,53,3.389937106918239,0.7000000000000001,,0,0.5133333333333333,24.0,2.0,96.0,15,9.893333333333334,37.0,1.0,4.41,40.5,132.0,6.83,4.12,209.0
00-0031376,Jerick McKinnon,2020,2021,0,0.26239669421487605,127,81,46,3.9382716049382718,0.9937007874015749,,0,0.339375,28.0,6.0,96.0,14,9.014285714285714,44.0,2.0,4.41,40.5,132.0,6.83,4.12,209.0
00-0031376,Jerick McKinnon,2021,2022,1,0.0735632183908046,32,12,20,5.166666666666667,1.121875,,0,0.285,29.0,7.0,96.0,7,5.128571428571428,81.0,4.0,4.41,40.5,132.0,6.83,4.12,209.0
00-0031376,Jerick McKinnon,2022,2023,0,0.33966745843230406,143,72,71,4.041666666666667,1.3727272727272728,,0,0.472,30.0,8.0,96.0,17,11.547058823529412,28.0,2.0,4.41,40.5,132.0,6.83,4.12,209.0
00-0031390,Charles Sims,2014,2015,0,0.24093264248704663,93,66,27,2.803030303030303,0.6505376344086021,,0,0.4775,23.0,0.0,69.0,8,7.5625,49.0,3.0,4.48,37.5,126.0,7.16,4.3,214.0
00-0031390,Charles Sims,2015,2016,0,0.3477406679764244,177,107,70,4.94392523364486,1.0169491525423728,,0,0.419375,24.0,1.0,69.0,16,11.25,30.0,2.0,4.48,37.5,126.0,7.16,4.3,214.0
00-0031390,Charles Sims,2016,2017,0,0.18485523385300667,83,51,32,2.9215686274509802,0.8180722891566264,,0,0.46,25.0,2.0,69.0,7,9.7,38.0,3.0,4.48,37.5,126.0,7.16,4.3,214.0
00-0031391,Tre Mason,2014,2015,0,0.4846335697399527,205,179,26,4.273743016759776,0.66,,0,0.5175,21.0,0.0,75.0,12,11.275,23.0,1.0,4.5,38.5,126.0,,4.15,207.0
00-0031413,Bishop Sankey,2014,2015,0,0.5368098159509203,175,152,23,3.7434210526315788,0.5497142857142857,,0,0.3775,21.0,0.0,54.0,16,6.0125,60.0,1.0,4.49,35.5,126.0,6.75,4.0,209.0
00-0031569,Jeremy Langford,2015,2016,0,0.37109375,190,148,42,3.6283783783783785,0.7768421052631579,,0,0.36875,23.0,0.0,106.0,15,9.84,43.0,2.0,4.42,34.5,118.0,7.22,4.32,208.0
00-0031577,Javorius Allen,2017,2018,0,0.4143968871595331,213,153,60,3.8627450980392157,0.77981220657277,,0,0.4275,26.0,2.0,125.0,16,10.38125,27.0,2.0,4.53,35.5,121.0,6.96,4.28,221.0
00-0031590,Jay Ajayi,2015,2016,1,0.16901408450704225,60,49,11,3.816326530612245,0.7116666666666667,,0,0.2744444444444445,22.0,0.0,149.0,9,4.744444444444444,75.0,2.0,4.57,39.0,121.0,7.1,4.1,221.0
00-0031590,Jay Ajayi,2016,2017,0,0.7283950617283951,295,260,35,4.892307692307693,0.7298305084745763,,0,0.65125,23.0,1.0,300.0,15,14.353333333333332,16.0,1.0,4.57,39.0,121.0,7.1,4.1,221.0
00-0031665,Zach Zenner,2016,2017,0,0.296,111,88,23,3.7954545454545454,0.8378378378378378,,0,,24.0,1.0,300.0,11,8.454545454545455,47.0,2.0,,,,,,
00-0031665,Zach Zenner,2017,2018,0,0.04054054054054054,15,14,1,1.8571428571428572,0.5733333333333334,,0,,25.0,2.0,300.0,7,1.2285714285714284,95.0,3.0,,,,,,
00-0031687,Raheem Mostert,2018,2019,0,0.09534883720930233,41,34,7,7.676470588235294,0.9414634146341464,,0,0.1588888888888889,26.0,3.0,300.0,6,6.433333333333334,69.0,4.0,,,,,,
00-0031687,Raheem Mostert,2019,2020,0,0.31610337972166996,159,137,22,5.635036496350365,1.0515723270440251,0.2894803767727503,1,0.3910526315789474,27.0,4.0,300.0,15,11.146666666666668,31.0,2.0,,,,,,
00-0031687,Raheem Mostert,2022,2023,1,0.5533498759305211,223,181,42,4.922651933701657,0.7547085201793723,-0.0979190330955475,1,0.5675,30.0,7.0,300.0,16,10.51875,33.0,1.0,,,,,,
00-0031687,Raheem Mostert,2023,2024,0,0.49793388429752067,241,209,32,4.842105263157895,1.1107883817427386,0.6140348002523186,1,0.558125,31.0,8.0,300.0,15,17.846666666666668,4.0,1.0,,,,,,
00-0031743,Akeem Hunt,2015,2016,0,0.06136363636363636,27,17,10,5.647058823529412,0.7222222222222222,,0,,22.0,0.0,300.0,7,2.7857142857142856,88.0,4.0,,,,,,
00-0031743,Akeem Hunt,2016,2017,0,0.04918032786885246,24,20,4,5.45,0.7000000000000001,,0,,23.0,1.0,300.0,6,2.8000000000000003,85.0,4.0,,,,,,
00-0031806,Malcolm Brown,2016,2017,0,0.05263157894736842,21,18,3,2.1666666666666665,0.4523809523809524,,0,0.065,23.0,1.0,300.0,8,1.1875,91.0,3.0,4.62,34.5,117.0,6.86,4.15,224.0
00-0031806,Malcolm Brown,2017,2018,0,0.16818181818181818,74,63,11,3.9047619047619047,0.6878378378378378,,0,0.1958333333333333,24.0,2.0,300.0,11,4.627272727272727,81.0,2.0,4.62,34.5,117.0,6.86,4.15,224.0
00-0031806,Malcolm Brown,2018,2019,0,0.12919896640826872,50,43,7,4.930232558139535,0.7879999999999999,,0,0.1483333333333333,25.0,3.0,300.0,10,3.94,82.0,2.0,4.62,34.5,117.0,6.86,4.15,224.0
00-0031806,Malcolm Brown,2019,2020,0,0.1913265306122449,75,69,6,3.6956521739130435,0.788,,0,0.2335714285714285,26.0,4.0,300.0,13,4.546153846153846,73.0,2.0,4.62,34.5,117.0,6.86,4.15,224.0
00-0031806,Malcolm Brown,2020,2021,0,0.2945054945054945,134,101,33,4.148514851485149,0.8141791044776119,-0.5517052373220749,1,0.39,27.0,5.0,300.0,16,6.81875,58.0,3.0,4.62,34.5,117.0,6.86,4.15,224.0
00-0031806,Malcolm Brown,2021,2022,0,0.10951008645533142,38,33,5,3.787878787878788,0.5921052631578947,,0,0.2885714285714286,28.0,6.0,300.0,6,3.75,89.0,3.0,4.62,34.5,117.0,6.86,4.15,224.0
00-0031897,Thomas Rawls,2015,2016,0,0.4425770308123249,158,147,11,5.64625850340136,0.8075949367088607,,0,,22.0,0.0,300.0,12,10.633333333333333,33.0,1.0,,,,,,
00-0031897,Thomas Rawls,2016,2017,0,0.35,126,109,17,3.2018348623853212,0.5992063492063492,,0,,23.0,1.0,300.0,9,8.38888888888889,50.0,2.0,,,,,,
00-0031900,Rod Smith,2017,2018,0,0.16182572614107885,78,55,23,4.218181818181818,1.1846153846153846,,0,,25.0,2.0,300.0,10,9.24,41.0,3.0,,,,,,
00-0031939,Matt Jones,2015,2016,0,0.3618843683083512,169,144,25,3.4027777777777777,0.6887573964497041,,0,0.4030769230769231,22.0,0.0,95.0,13,8.953846153846154,50.0,2.0,4.61,31.5,112.0,,4.2,231.0
00-0032058,Tevin Coleman,2015,2016,1,0.1952191235059761,98,87,11,4.505747126436781,0.4346938775510204,,0,0.2616666666666666,22.0,0.0,73.0,12,3.5499999999999994,80.0,2.0,4.4,,,,,206.0
00-0032058,Tevin Coleman,2016,2017,0,0.3511111111111111,158,118,40,4.406779661016949,1.209493670886076,,0,0.4075,23.0,1.0,73.0,13,14.7,13.0,2.0,4.4,,,,,206.0
00-0032058,Tevin Coleman,2017,2018,0,0.4452054794520548,195,156,39,4.0256410256410255,0.86,,0,0.4399999999999999,24.0,2.0,73.0,15,11.18,22.0,2.0,4.4,,,,,206.0
00-0032058,Tevin Coleman,2018,2019,0,0.6336336336336337,211,167,44,4.790419161676646,0.9175355450236966,-0.1532724348778837,1,0.551875,25.0,3.0,73.0,16,12.1,27.0,1.0,4.4,,,,,206.0
00-0032058,Tevin Coleman,2019,2020,0,0.3320079522862823,167,137,30,3.9708029197080292,0.8107784431137725,-0.0077157105054794,1,0.3952941176470588,26.0,4.0,73.0,14,9.671428571428573,39.0,1.0,4.4,,,,,206.0
00-0032058,Tevin Coleman,2020,2021,0,0.06818181818181818,33,28,5,1.8928571428571428,0.38484848484848483,,0,0.125,27.0,5.0,73.0,6,2.1166666666666667,100.0,5.0,4.4,,,,,206.0
00-0032063,Mike Davis,2016,2017,0,0.055299539170506916,24,19,5,2.6315789473684212,0.6041666666666666,,0,0.125,23.0,1.0,126.0,6,2.4166666666666665,86.0,4.0,4.61,34.0,116.0,7.0,4.18,217.0
00-0032063,Mike Davis,2017,2018,0,0.2654320987654321,86,68,18,3.5294117647058822,0.6058139534883721,,0,0.485,24.0,2.0,126.0,6,8.683333333333334,46.0,2.0,4.61,34.0,116.0,7.0,4.18,217.0
00-0032063,Mike Davis,2020,2021,0,0.7781456953642384,235,165,70,3.890909090909091,0.8787234042553191,0.0681222395086894,1,0.6073333333333333,27.0,5.0,126.0,14,14.75,16.0,1.0,4.61,34.0,116.0,7.0,4.18,217.0
00-0032104,Ameer Abdullah,2019,2020,0,0.09381663113006397,44,23,21,5.0,0.9386363636363636,,0,0.135,26.0,4.0,54.0,11,3.754545454545455,81.0,3.0,4.6,42.5,130.0,6.79,3.95,205.0
00-0032104,Ameer Abdullah,2020,2021,0,0.03441295546558704,17,8,9,5.25,1.7647058823529411,,0,0.064375,27.0,5.0,54.0,6,5.0,75.0,3.0,4.6,42.5,130.0,6.79,3.95,205.0
00-0032104,Ameer Abdullah,2021,2022,0,0.19829424307036247,93,44,49,3.090909090909091,0.8795698924731182,,0,0.2758823529411764,28.0,6.0,54.0,10,8.18,52.0,3.0,4.6,42.5,130.0,6.79,3.95,205.0
00-0032104,Ameer Abdullah,2022,2023,0,0.07453416149068323,36,4,32,5.0,1.5027777777777778,,0,0.1611764705882353,29.0,7.0,54.0,13,4.161538461538462,79.0,2.0,4.6,42.5,130.0,6.79,3.95,205.0
00-0032104,Ameer Abdullah,2023,2024,0,0.08685968819599109,39,15,24,5.933333333333334,1.0512820512820513,,0,0.2052941176470588,30.0,8.0,54.0,16,2.5625,85.0,3.0,4.6,42.5,130.0,6.79,3.95,205.0
00-0032144,Melvin Gordon,2015,2016,1,0.40699815837937386,221,184,37,3.483695652173913,0.49004524886877826,,0,0.3964285714285714,22.0,0.0,15.0,14,7.735714285714286,56.0,1.0,4.52,35.0,126.0,7.04,4.07,215.0
00-0032144,Melvin Gordon,2016,2017,0,0.8036175710594315,311,254,57,3.925196850393701,0.8057877813504823,,0,0.7553846153846154,23.0,1.0,15.0,13,19.27692307692308,5.0,1.0,4.52,35.0,126.0,7.04,4.07,215.0
00-0032144,Melvin Gordon,2017,2018,0,0.7414141414141414,367,284,83,3.890845070422535,0.7850136239782017,,0,0.7075,24.0,2.0,15.0,16,18.006249999999998,6.0,1.0,4.52,35.0,126.0,7.04,4.07,215.0
00-0032144,Melvin Gordon,2018,2019,0,0.5138592750533049,241,175,66,5.057142857142857,1.1431535269709543,-0.0072379380704947,1,0.6607142857142857,25.0,3.0,15.0,12,22.95833333333333,5.0,1.0,4.52,35.0,126.0,7.04,4.07,215.0
00-0032144,Melvin Gordon,2019,2020,0,0.43661971830985913,217,162,55,3.7777777777777777,0.8331797235023042,-0.3875726640971306,1,0.5441666666666667,26.0,4.0,15.0,12,15.066666666666665,14.0,2.0,4.52,35.0,126.0,7.04,4.07,215.0
00-0032144,Melvin Gordon,2020,2021,0,0.5899772209567198,259,215,44,4.586046511627907,0.766023166023166,0.0304582366792088,1,0.6193333333333334,27.0,5.0,15.0,15,13.226666666666668,23.0,1.0,4.52,35.0,126.0,7.04,4.07,215.0
00-0032144,Melvin Gordon,2021,2022,0,0.48490945674044267,241,203,38,4.522167487684729,0.8095435684647303,0.3738004926284394,1,0.51375,28.0,6.0,15.0,16,12.19375,24.0,2.0,4.52,35.0,126.0,7.04,4.07,215.0
00-0032187,David Johnson,2015,2016,0,0.37916666666666665,182,125,57,4.648,1.1967032967032967,,0,0.4311111111111111,23.0,0.0,86.0,16,13.6125,14.0,2.0,4.5,41.5,127.0,6.82,4.27,224.0
00-0032187,David Johnson,2018,2019,0,0.8009592326139089,334,258,76,3.643410852713178,0.7383233532934131,-0.1601635978817839,1,0.7993750000000001,26.0,3.0,86.0,16,15.4125,11.0,1.0,4.5,41.5,127.0,6.82,4.27,224.0
00-0032187,David Johnson,2019,2020,0,0.3713527851458886,140,93,47,3.7204301075268815,1.0114285714285713,-0.6777433523551369,1,0.4815384615384615,27.0,4.0,86.0,12,11.8,30.0,2.0,4.5,41.5,127.0,6.82,4.27,224.0
00-0032187,David Johnson,2020,2021,0,0.6327868852459017,193,147,46,4.700680272108843,0.9300518134715026,0.4096574137155257,1,0.7533333333333333,28.0,5.0,86.0,12,14.958333333333334,14.0,1.0,4.5,41.5,127.0,6.82,4.27,224.0
00-0032209,T.J. Yeldon,2015,2016,0,0.7015384615384616,228,182,46,4.065934065934066,0.6837719298245615,,0,0.7683333333333334,21.0,0.0,36.0,12,12.991666666666667,16.0,1.0,4.61,36.0,117.0,7.19,4.22,226.0
00-0032209,T.J. Yeldon,2016,2017,0,0.5089974293059126,198,130,68,3.576923076923077,0.6954545454545454,,0,0.5579999999999999,22.0,1.0,36.0,15,9.18,41.0,1.0,4.61,36.0,117.0,7.19,4.22,226.0
00-0032209,T.J. Yeldon,2017,2018,0,0.15517241379310345,90,49,41,5.163265306122449,0.9744444444444444,,0,0.3058333333333333,23.0,2.0,36.0,10,8.77,45.0,3.0,4.61,36.0,117.0,7.19,4.22,226.0
00-0032241,Todd Gurley,2015,2016,0,0.6014150943396226,255,229,26,4.829694323144105,0.8172549019607843,,0,0.5846153846153846,21.0,0.0,10.0,13,16.03076923076923,7.0,1.0,4.52,,,,,222.0
00-0032241,Todd Gurley,2016,2017,1,0.8421052631578947,336,278,58,3.183453237410072,0.5898809523809524,,0,0.739375,22.0,1.0,10.0,16,12.3875,24.0,1.0,4.52,,,,,222.0
00-0032241,Todd Gurley,2017,2018,0,0.8318181818181818,366,279,87,4.67741935483871,1.0527322404371584,,0,0.8275,23.0,2.0,10.0,15,25.686666666666667,1.0,1.0,4.52,,,,,222.0
00-0032241,Todd Gurley,2018,2019,0,0.8708010335917312,337,256,81,4.88671875,1.1041543026706233,-0.0890728392087263,1,0.8094117647058824,24.0,3.0,10.0,14,26.57857142857143,1.0,1.0,4.52,,,,,222.0
00-0032241,Todd Gurley,2019,2020,0,0.6938775510204082,272,223,49,3.8430493273542603,0.8066176470588236,-0.8709733354665185,1,0.7473333333333334,25.0,4.0,10.0,15,14.626666666666669,16.0,1.0,4.52,,,,,222.0
00-0032257,Duke Johnson,2015,2016,0,0.4623376623376623,178,104,74,3.644230769230769,0.9230337078651686,,0,0.50625,21.0,0.0,77.0,16,10.26875,36.0,2.0,4.54,33.5,121.0,,,207.0
00-0032257,Duke Johnson,2016,2017,1,0.3693467336683417,147,73,74,4.904109589041096,0.9809523809523809,,0,0.4468749999999999,22.0,1.0,300.0,16,9.0125,43.0,2.0,4.54,33.5,121.0,,,207.0
00-0032257,Duke Johnson,2017,2018,0,0.41371158392434987,175,82,93,4.2439024390243905,1.2348571428571429,,0,0.526875,23.0,2.0,77.0,16,13.50625,14.0,2.0,4.54,33.5,121.0,,,207.0
00-0032257,Duke Johnson,2018,2019,0,0.2236842105263158,102,40,62,5.025,1.2941176470588236,,0,0.416875,24.0,3.0,77.0,16,8.25,52.0,3.0,4.54,33.5,121.0,,,207.0
00-0032257,Duke Johnson,2019,2020,0,0.35714285714285715,145,83,62,4.9397590361445785,1.0620689655172413,,0,0.4827777777777777,25.0,4.0,77.0,16,9.625,40.0,2.0,4.54,33.5,121.0,,,207.0
00-0032371,Rob Kelley,2016,2017,0,0.4397163120567376,186,168,18,4.190476190476191,0.7129032258064516,,0,,23.0,0.0,300.0,14,9.471428571428572,39.0,1.0,,,,,,
00-0032417,Paul Perkins,2016,2017,0,0.33915211970074816,136,112,24,4.071428571428571,0.5647058823529412,,0,0.3246666666666666,21.0,0.0,300.0,13,5.907692307692307,65.0,2.0,4.54,32.0,124.0,,,208.0
00-0032426,Alex Collins,2016,2017,1,0.11666666666666667,42,31,11,4.032258064516129,0.8547619047619047,,0,0.1915384615384615,22.0,0.0,300.0,9,3.988888888888889,75.0,4.0,4.59,28.5,113.0,,,217.0
00-0032426,Alex Collins,2017,2018,0,0.48249027237354086,248,212,36,4.589622641509434,0.6895161290322581,,0,0.3713333333333333,23.0,1.0,171.0,15,11.4,20.0,1.0,4.59,28.5,113.0,,,217.0
00-0032602,J.D. McKissic,2019,2020,1,0.20253164556962025,80,38,42,5.394736842105263,1.0474999999999999,,0,0.231875,26.0,3.0,300.0,15,5.586666666666667,65.0,4.0,,,,,,
00-0032602,J.D. McKissic,2020,2021,0,0.38235294117647056,195,85,110,4.294117647058823,0.9815384615384616,-0.6071679877819808,1,0.5805882352941176,27.0,4.0,300.0,16,11.9625,29.0,2.0,,,,,,
00-0032602,J.D. McKissic,2021,2022,0,0.20612244897959184,101,48,53,4.416666666666667,1.2663366336633664,,0,0.4554545454545454,28.0,5.0,300.0,11,11.627272727272729,30.0,2.0,,,,,,
00-0032741,Peyton Barber,2016,2017,0,0.1358574610244989,61,55,6,4.054545454545455,0.5918032786885246,,0,0.126,22.0,0.0,300.0,9,4.011111111111111,74.0,4.0,4.64,32.5,111.0,7.0,4.21,228.0
00-0032741,Peyton Barber,2017,2018,0,0.2981220657276995,127,108,19,3.9166666666666665,0.6748031496062993,,0,0.2275,23.0,1.0,300.0,11,7.790909090909091,54.0,2.0,4.64,32.5,111.0,7.0,4.21,228.0
00-0032741,Peyton Barber,2018,2019,0,0.7050938337801609,263,234,29,3.7222222222222223,0.5714828897338403,-0.0053779807787143,1,0.560625,24.0,2.0,300.0,16,9.39375,43.0,1.0,4.64,32.5,111.0,7.0,4.21,228.0
00-0032741,Peyton Barber,2019,2020,0,0.3982102908277405,178,154,24,3.051948051948052,0.6544943820224719,-0.5824670530745025,1,0.3025,25.0,3.0,300.0,16,7.28125,56.0,2.0,4.64,32.5,111.0,7.0,4.21,228.0
00-0032741,Peyton Barber,2020,2021,0,0.1980392156862745,101,94,7,2.74468085106383,0.5445544554455446,-0.7934436930087657,1,0.1664705882352941,26.0,4.0,300.0,14,3.928571428571429,85.0,3.0,4.64,32.5,111.0,7.0,4.21,228.0
00-0032764,Derrick Henry,2016,2017,0,0.25773195876288657,125,110,15,4.454545454545454,0.8456,,0,0.2726666666666666,22.0,0.0,45.0,14,7.55,55.0,2.0,4.54,37.0,130.0,7.2,4.38,247.0
00-0032764,Derrick Henry,2017,2018,1,0.455188679245283,193,176,17,4.2272727272727275,0.6994818652849741,,0,0.4616666666666666,23.0,1.0,45.0,16,8.4375,47.0,2.0,4.54,37.0,130.0,7.2,4.38,247.0
00-0032764,Derrick Henry,2018,2019,0,0.512087912087912,233,215,18,4.925581395348837,0.864206008583691,1.1081025578977606,1,0.408125,24.0,2.0,45.0,16,12.585,23.0,1.0,4.54,37.0,130.0,7.2,4.38,247.0
00-0032764,Derrick Henry,2019,2020,0,0.7917675544794189,327,303,24,5.082508250825082,0.9009174311926607,1.1309213195345198,1,0.66,25.0,3.0,45.0,15,19.64,5.0,1.0,4.54,37.0,130.0,7.2,4.38,247.0
00-0032764,Derrick Henry,2020,2021,0,0.864693446088795,409,378,31,5.362433862433862,0.8144254278728607,0.9974982913305224,1,0.6647058823529413,26.0,4.0,45.0,16,20.81875,3.0,1.0,4.54,37.0,130.0,7.2,4.38,247.0
00-0032764,Derrick Henry,2021,2022,0,0.43933823529411764,239,219,20,4.2785388127853885,0.8087866108786611,0.1141564927558295,1,0.7033333333333334,27.0,5.0,45.0,8,24.1625,1.0,1.0,4.54,37.0,130.0,7.2,4.38,247.0
00-0032764,Derrick Henry,2022,2023,0,0.8210526315789474,390,349,41,4.406876790830945,0.7763076923076923,0.2564969253017921,1,0.665,28.0,6.0,45.0,16,18.9225,5.0,1.0,4.54,37.0,130.0,7.2,4.38,247.0
00-0032764,Derrick Henry,2023,2024,0,0.6502057613168725,316,280,36,4.167857142857143,0.7805696202531646,0.3052072020871186,1,0.5364705882352941,29.0,7.0,45.0,17,14.509411764705884,16.0,1.0,4.54,37.0,130.0,7.2,4.38,247.0
00-0032780,Jordan Howard,2016,2017,0,0.7023255813953488,302,252,50,5.2103174603174605,0.7619205298013245,,0,0.6726666666666666,21.0,0.0,300.0,15,15.34,9.0,1.0,4.57,34.0,122.0,,,230.0
00-0032780,Jordan Howard,2017,2018,0,0.6147704590818364,308,276,32,4.065217391304348,0.6483766233766234,,0,0.588125,22.0,1.0,150.0,16,12.48125,17.0,1.0,4.57,34.0,122.0,,,230.0
00-0032780,Jordan Howard,2018,2019,0,0.5699588477366255,277,250,27,3.74,0.6498194945848376,-0.4543414018388062,1,0.5664705882352942,23.0,2.0,150.0,16,11.25,32.0,1.0,4.57,34.0,122.0,,,230.0
00-0032782,Wendell Smallwood,2016,2017,0,0.19480519480519481,90,77,13,4.0519480519480515,0.5855555555555556,,0,0.18,22.0,0.0,153.0,12,4.391666666666667,72.0,3.0,4.47,33.5,120.0,6.83,4.28,208.0
00-0032782,Wendell Smallwood,2017,2018,0,0.14672686230248308,65,47,18,3.702127659574468,0.7184615384615385,,0,0.30625,23.0,1.0,153.0,8,5.8375,69.0,4.0,4.47,33.5,120.0,6.83,4.28,208.0
00-0032782,Wendell Smallwood,2018,2019,0,0.305,122,87,35,4.183908045977011,0.9622950819672131,-0.4773001263350584,1,0.3083333333333333,24.0,2.0,153.0,13,9.03076923076923,48.0,2.0,4.47,33.5,120.0,6.83,4.28,208.0
00-0032813,Elijhaa Penny,2017,2018,0,0.0889423076923077,37,31,6,4.0,0.8702702702702704,,0,0.085,24.0,1.0,300.0,7,4.6000000000000005,82.0,4.0,,,,,,
00-0032813,Elijhaa Penny,2018,2019,0,0.03397027600849257,16,7,9,3.5714285714285716,0.96875,,0,0.1385714285714285,25.0,2.0,300.0,9,1.7222222222222223,93.0,3.0,,,,,,
00-0032813,Elijhaa Penny,2019,2020,0,0.053824362606232294,19,15,4,2.6,0.6736842105263158,,0,0.123125,26.0,3.0,300.0,8,1.6,97.0,3.0,,,,,,
00-0032813,Elijhaa Penny,2020,2021,0,0.029900332225913623,9,6,3,2.5,0.6111111111111112,,0,0.0792857142857142,27.0,4.0,300.0,6,0.9166666666666666,103.0,4.0,,,,,,
00-0032940,DeAndre Washington,2016,2017,0,0.23404255319148937,110,87,23,5.367816091954023,0.7745454545454545,,0,0.25,23.0,0.0,300.0,13,6.553846153846154,60.0,3.0,4.49,34.5,116.0,7.03,4.2,204.0
00-0032940,DeAndre Washington,2017,2018,0,0.20944558521560575,102,57,45,2.6842105263157894,0.8333333333333334,,0,0.2266666666666666,24.0,1.0,143.0,15,5.666666666666667,71.0,2.0,4.49,34.5,116.0,7.03,4.2,204.0
00-0032940,DeAndre Washington,2018,2019,0,0.06553911205073996,31,30,1,3.8333333333333335,0.36774193548387096,,0,0.111,25.0,2.0,143.0,8,1.425,95.0,4.0,4.49,34.5,116.0,7.03,4.2,204.0
00-0032972,Devontae Booker,2016,2017,0,0.5673575129533679,219,174,45,3.5172413793103448,0.6515981735159817,,0,0.461875,24.0,0.0,136.0,16,8.91875,44.0,1.0,4.56,,,,,219.0
00-0032972,Devontae Booker,2017,2018,0,0.23446893787575152,117,79,38,3.7848101265822787,0.7811965811965812,,0,0.3161538461538462,25.0,1.0,136.0,13,7.030769230769232,58.0,2.0,4.56,,,,,219.0
00-0032972,Devontae Booker,2018,2019,0,0.17932489451476794,85,34,51,5.382352941176471,1.0329411764705883,,0,0.28875,26.0,2.0,136.0,16,5.4875,76.0,3.0,4.56,,,,,219.0
00-0032972,Devontae Booker,2019,2020,0,0.023655913978494623,11,2,9,4.5,1.1454545454545455,,0,0.025625,27.0,3.0,136.0,6,2.1,95.0,3.0,4.56,,,,,219.0
00-0032972,Devontae Booker,2020,2021,0,0.2389937106918239,114,93,21,4.548387096774194,0.7517543859649123,0.4951807708286849,1,0.219375,28.0,4.0,136.0,15,5.713333333333334,69.0,2.0,4.56,,,,,219.0
00-0033025,Jalen Richard,2016,2017,0,0.25957446808510637,122,83,39,5.9156626506024095,0.9467213114754098,,0,,22.0,0.0,300.0,16,7.21875,59.0,2.0,,,,,,
00-0033025,Jalen Richard,2017,2018,0,0.188911704312115,92,56,36,4.910714285714286,0.9576086956521739,,0,,23.0,1.0,300.0,15,5.873333333333333,68.0,3.0,,,,,,
00-0033025,Jalen Richard,2018,2019,0,0.28752642706131076,136,55,81,4.709090909090909,1.151470588235294,,0,,24.0,2.0,300.0,16,9.7875,42.0,2.0,,,,,,
00-0033025,Jalen Richard,2019,2020,0,0.164,82,39,43,3.717948717948718,1.0097560975609756,,0,,25.0,3.0,300.0,16,5.175,70.0,3.0,,,,,,
00-0033025,Jalen Richard,2020,2021,0,0.09433962264150944,45,22,23,5.590909090909091,1.1355555555555557,,0,,26.0,4.0,300.0,12,4.258333333333334,81.0,3.0,,,,,,
00-0033045,Ezekiel Elliott,2016,2017,0,0.7702127659574468,362,322,40,5.065217391304348,0.8988950276243093,,0,0.720625,21.0,0.0,4.0,15,21.69333333333333,3.0,1.0,4.47,32.5,118.0,,,225.0
00-0033045,Ezekiel Elliott,2017,2018,0,0.5809128630705395,280,242,38,4.06198347107438,0.7257142857142856,,0,0.858,22.0,1.0,4.0,10,20.32,3.0,1.0,4.47,32.5,118.0,,,225.0
00-0033045,Ezekiel Elliott,2018,2019,0,0.8769230769230769,399,304,95,4.717105263157895,0.824812030075188,0.4456777742028725,1,0.9011764705882354,23.0,2.0,4.0,15,21.94,6.0,1.0,4.47,32.5,118.0,,,225.0
00-0033045,Ezekiel Elliott,2019,2020,0,0.7782426778242678,372,301,71,4.5083056478405314,0.8379032258064516,0.400206251908753,1,0.836875,24.0,3.0,4.0,16,19.48125,6.0,1.0,4.47,32.5,118.0,,,225.0
00-0033045,Ezekiel Elliott,2020,2021,0,0.6907894736842105,315,244,71,4.012295081967213,0.7101587301587301,0.0316916592622793,1,0.7213333333333334,25.0,4.0,4.0,15,14.913333333333332,15.0,1.0,4.47,32.5,118.0,,,225.0
00-0033045,Ezekiel Elliott,2021,2022,0,0.6317991631799164,302,237,65,4.227848101265823,0.834635761589404,-0.1914598902212761,1,0.6561111111111111,26.0,5.0,4.0,17,14.827058823529413,17.0,1.0,4.47,32.5,118.0,,,225.0
00-0033045,Ezekiel Elliott,2022,2023,0,0.4643510054844607,254,231,23,3.792207792207792,0.731496062992126,-0.3371083232355924,1,0.5547058823529412,27.0,6.0,4.0,15,12.386666666666668,24.0,1.0,4.47,32.5,118.0,,,225.0
00-0033045,Ezekiel Elliott,2023,2024,0,0.5460526315789473,249,184,65,3.489130434782609,0.7008032128514057,-0.3877091198563719,1,0.5305882352941176,28.0,7.0,4.0,17,10.264705882352942,34.0,1.0,4.47,32.5,118.0,,,225.0
00-0033118,Kenyan Drake,2016,2017,1,0.10617283950617284,43,33,10,5.424242424242424,1.1511627906976745,,0,0.1141176470588235,22.0,0.0,300.0,13,3.807692307692308,76.0,3.0,4.45,34.5,123.0,7.04,4.21,210.0
00-0033118,Kenyan Drake,2017,2018,0,0.43825665859564167,181,133,48,4.842105263157895,0.7861878453038674,,0,0.451875,23.0,1.0,73.0,14,10.164285714285716,29.0,1.0,4.45,34.5,123.0,7.04,4.21,210.0
00-0033118,Kenyan Drake,2018,2019,0,0.4684466019417476,193,120,73,4.458333333333333,1.0683937823834195,0.1118040001922373,1,0.5925,24.0,2.0,73.0,16,12.8875,21.0,1.0,4.45,34.5,123.0,7.04,4.21,210.0
00-0033118,Kenyan Drake,2019,2020,0,0.41379310344827586,156,121,35,5.049586776859504,1.0397435897435896,0.2294209714697486,1,0.6885714285714286,25.0,3.0,73.0,8,20.275,3.0,1.0,4.45,34.5,123.0,7.04,4.21,210.0
00-0033118,Kenyan Drake,2020,2021,0,0.6221198156682027,270,239,31,3.99581589958159,0.7118518518518518,-0.2712229163833122,1,0.5786666666666667,26.0,4.0,73.0,15,12.813333333333333,25.0,1.0,4.45,34.5,123.0,7.04,4.21,210.0
00-0033118,Kenyan Drake,2021,2022,0,0.2168421052631579,103,63,40,4.031746031746032,0.9951456310679612,,0,0.3441666666666667,27.0,5.0,73.0,12,8.541666666666666,51.0,2.0,4.45,34.5,123.0,7.04,4.21,210.0
00-0033280,Christian McCaffrey,2017,2018,0,0.5043859649122807,230,117,113,3.717948717948718,0.9939130434782608,,0,0.7064705882352941,21.0,0.0,8.0,16,14.2875,13.0,1.0,4.48,37.5,121.0,6.57,4.22,202.0
00-0033280,Christian McCaffrey,2018,2019,0,0.9026315789473685,343,219,124,5.013698630136986,1.1239067055393586,0.4518440285645574,1,0.919375,22.0,1.0,8.0,16,24.09375,3.0,1.0,4.48,37.5,121.0,6.57,4.22,202.0
00-0033280,Christian McCaffrey,2021,2022,0,0.29850746268656714,140,99,41,4.4646464646464645,0.9107142857142857,-0.0606648409832964,1,0.6057142857142858,25.0,4.0,8.0,7,18.214285714285715,5.0,2.0,4.48,37.5,121.0,6.57,4.22,202.0
00-0033280,Christian McCaffrey,2022,2023,0,0.26283367556468173,128,85,43,4.623529411764705,0.921875,0.1965599358923365,1,0.7515,26.0,5.0,8.0,6,19.666666666666668,3.0,2.0,4.48,37.5,121.0,6.57,4.22,202.0
00-0033293,Aaron Jones,2017,2018,1,0.34615384615384615,99,81,18,5.530864197530864,0.8080808080808081,,0,0.325,22.0,0.0,182.0,10,8.0,52.0,2.0,4.56,37.5,127.0,6.82,4.2,208.0
00-0033293,Aaron Jones,2018,2019,0,0.509090909090909,168,133,35,5.473684210526316,1.0202380952380952,0.6693934598952559,1,0.5016666666666667,23.0,1.0,300.0,12,14.283333333333331,17.0,1.0,4.56,37.5,127.0,6.82,4.2,208.0
00-0033293,Aaron Jones,2019,2020,0,0.6666666666666666,304,236,68,4.593220338983051,1.0355263157894736,0.3579682955165504,1,0.6211111111111111,24.0,2.0,182.0,16,19.675,4.0,1.0,4.56,37.5,127.0,6.82,4.2,208.0
00-0033293,Aaron Jones,2020,2021,0,0.5344129554655871,264,201,63,5.492537313432836,0.9806818181818183,0.6389227029799173,1,0.585625,25.0,3.0,182.0,14,18.492857142857144,4.0,1.0,4.56,37.5,127.0,6.82,4.2,208.0
00-0033293,Aaron Jones,2021,2022,0,0.5130434782608696,236,171,65,4.6725146198830405,0.9703389830508474,0.2864788743973958,1,0.599375,26.0,4.0,182.0,15,15.266666666666667,13.0,1.0,4.56,37.5,127.0,6.82,4.2,208.0
00-0033293,Aaron Jones,2022,2023,0,0.5544747081712063,285,213,72,5.262910798122066,0.872280701754386,0.4287932751800715,1,0.5823529411764706,27.0,5.0,182.0,17,14.623529411764704,13.0,1.0,4.56,37.5,127.0,6.82,4.2,208.0
00-0033293,Aaron Jones,2023,2024,0,0.42045454545454547,185,142,43,4.619718309859155,0.7291891891891892,0.1182112158312217,1,0.5276923076923077,28.0,6.0,182.0,11,12.263636363636364,26.0,2.0,4.56,37.5,127.0,6.82,4.2,208.0
00-0033295,Elijah McGuire,2017,2018,0,0.24101479915433405,114,88,26,3.5795454545454546,0.668421052631579,,0,0.255,23.0,0.0,188.0,15,5.08,79.0,3.0,4.53,36.0,120.0,7.26,4.56,214.0
00-0033296,Alex Armah,2018,2019,0,0.02631578947368421,10,9,1,1.6666666666666667,1.5,,0,0.106875,24.0,1.0,192.0,8,1.875,92.0,3.0,,,,,,
00-0033296,Alex Armah,2019,2020,0,0.017316017316017316,8,6,2,1.8333333333333333,1.2125,,0,0.12125,25.0,2.0,192.0,6,1.6166666666666665,96.0,3.0,,,,,,
00-0033308,Matt Breida,2017,2018,0,0.3006396588486141,141,105,36,4.428571428571429,0.7340425531914894,,0,0.279375,22.0,0.0,300.0,16,6.46875,62.0,2.0,,,,,,
00-0033308,Matt Breida,2018,2019,0,0.42790697674418604,184,153,31,5.3202614379084965,0.8831521739130435,0.6102864264120916,1,0.4028571428571428,23.0,1.0,300.0,14,11.607142857142858,31.0,1.0,,,,,,
00-0033308,Matt Breida,2019,2020,0,0.2882703777335984,145,123,22,5.065040650406504,0.7124137931034482,0.0023925410307846,1,0.23875,24.0,2.0,300.0,12,8.608333333333333,46.0,3.0,,,,,,
00-0033308,Matt Breida,2020,2021,0,0.17783505154639176,69,59,10,4.305084745762712,0.6086956521739131,,0,0.1916666666666666,25.0,3.0,300.0,10,4.2,82.0,3.0,,,,,,
00-0033308,Matt Breida,2021,2022,0,0.08728179551122195,35,26,9,4.8076923076923075,1.22,,0,0.1377777777777777,26.0,4.0,300.0,7,6.1,68.0,3.0,,,,,,
00-0033308,Matt Breida,2022,2023,0,0.16155419222903886,79,54,25,4.074074074074074,0.7569620253164556,,0,0.2478947368421052,27.0,5.0,300.0,17,3.5176470588235293,88.0,2.0,,,,,,
00-0033526,Samaje Perine,2020,2021,0,0.1728110599078341,75,63,12,4.777777777777778,0.876,,0,0.2025,24.0,3.0,114.0,11,5.972727272727273,66.0,3.0,4.65,33.0,116.0,7.26,4.37,233.0
00-0033526,Samaje Perine,2021,2022,0,0.18695652173913044,86,55,31,4.472727272727273,0.9674418604651163,,0,0.2555,25.0,4.0,114.0,15,5.546666666666667,74.0,2.0,4.65,33.0,116.0,7.26,4.37,233.0
00-0033526,Samaje Perine,2022,2023,0,0.33874709976798145,146,95,51,4.147368421052631,0.9732876712328766,-0.2225780722886995,1,0.4242105263157895,26.0,5.0,114.0,16,8.88125,44.0,2.0,4.65,33.0,116.0,7.26,4.37,233.0
00-0033526,Samaje Perine,2023,2024,0,0.21975806451612903,109,53,56,4.490566037735849,1.1128440366972476,,0,0.3364705882352941,27.0,6.0,114.0,17,7.135294117647058,46.0,3.0,4.65,33.0,116.0,7.26,4.37,233.0
00-0033553,James Conner,2017,2018,1,0.07158351409978309,33,32,1,4.5,0.4363636363636364,,0,0.0699999999999999,22.0,0.0,300.0,12,1.2,96.0,2.0,4.65,29.0,113.0,,,233.0
00-0033553,James Conner,2018,2019,0,0.7079207920792079,286,215,71,4.525581395348837,0.9790209790209791,0.5604949587482305,1,0.7730769230769231,23.0,1.0,105.0,13,21.53846153846154,7.0,1.0,4.65,29.0,113.0,,,233.0
00-0033553,James Conner,2019,2020,0,0.3476297968397291,154,116,38,4.0,0.9448051948051948,-0.3067420503403938,1,0.534,24.0,2.0,105.0,10,14.55,17.0,1.0,4.65,29.0,113.0,,,233.0
00-0033553,James Conner,2020,2021,0,0.527363184079602,212,169,43,4.266272189349112,0.7764150943396226,-0.0590484388504073,1,0.6278571428571428,25.0,3.0,105.0,13,12.66153846153846,26.0,1.0,4.65,29.0,113.0,,,233.0
00-0033553,James Conner,2021,2022,0,0.5193965517241379,241,202,39,3.722772277227723,1.0692946058091286,-0.3261561057827299,1,0.559375,26.0,4.0,105.0,15,17.18,9.0,1.0,4.65,29.0,113.0,,,233.0
00-0033553,James Conner,2022,2023,0,0.6409574468085106,241,183,58,4.273224043715847,0.8307053941908713,0.0149929951765126,1,0.7176923076923077,27.0,5.0,105.0,13,15.4,11.0,1.0,4.65,29.0,113.0,,,233.0
00-0033553,James Conner,2023,2024,0,0.600997506234414,241,208,33,5.0,0.8360995850622407,1.0193930426618725,1,0.6161538461538462,28.0,6.0,105.0,13,15.5,13.0,1.0,4.65,29.0,113.0,,,233.0
00-0033556,Tarik Cohen,2017,2018,0,0.3153692614770459,158,87,71,4.252873563218391,0.9629113924050632,,0,0.359375,22.0,0.0,119.0,16,9.50875,37.0,2.0,4.42,31.5,118.0,,,179.0
00-0033556,Tarik Cohen,2018,2019,0,0.39094650205761317,190,99,91,4.484848484848484,1.2312631578947368,-0.4513935358269545,1,0.4794117647058823,23.0,1.0,119.0,16,14.62125,15.0,2.0,4.42,31.5,118.0,,,179.0
00-0033567,Brian Hill,2019,2020,0,0.22009569377990432,92,78,14,4.141025641025641,0.7304347826086957,,0,0.2616666666666666,23.0,2.0,156.0,10,6.720000000000001,58.0,2.0,4.54,34.0,125.0,7.03,4.32,219.0
00-0033594,Chris Carson,2018,2019,0,0.5191570881226054,271,247,24,4.659919028340081,0.7431734317343174,0.4490996629074613,1,0.4913333333333333,23.0,1.0,249.0,14,14.385714285714286,16.0,1.0,4.58,37.0,130.0,,,218.0
00-0033594,Chris Carson,2019,2020,0,0.7454128440366973,325,278,47,4.424460431654676,0.7156923076923076,0.3641539840530597,1,0.6986666666666667,24.0,2.0,300.0,15,15.506666666666666,13.0,1.0,4.58,37.0,130.0,,,218.0
00-0033699,Austin Ekeler,2017,2018,0,0.16565656565656567,82,47,35,5.531914893617022,1.303658536585366,,0,0.180625,22.0,0.0,300.0,13,8.223076923076924,49.0,2.0,,,,,,
00-0033699,Austin Ekeler,2018,2019,0,0.3390191897654584,159,106,53,5.226415094339623,1.0616352201257861,0.0639541079159085,1,0.423125,23.0,1.0,300.0,14,12.05714285714286,28.0,2.0,,,,,,
00-0033699,Austin Ekeler,2019,2020,0,0.482897384305835,240,132,108,4.21969696969697,1.2958333333333334,-0.6371539611698382,1,0.56625,24.0,2.0,300.0,16,19.4375,7.0,1.0,,,,,,
00-0033699,Austin Ekeler,2020,2021,0,0.35282651072124754,181,116,65,4.568965517241379,0.9132596685082873,0.0979401147666808,1,0.5650000000000001,25.0,3.0,300.0,10,16.53,10.0,1.0,,,,,,
00-0033699,Austin Ekeler,2021,2022,0,0.6382978723404256,300,206,94,4.422330097087379,1.1460000000000001,-0.0553813872255765,1,0.645625,26.0,4.0,300.0,16,21.4875,3.0,1.0,,,,,,
00-0033699,Austin Ekeler,2022,2023,0,0.6810699588477366,331,204,127,4.485294117647059,1.1259818731117825,0.4512878645433233,1,0.6177777777777778,27.0,5.0,300.0,17,21.923529411764704,1.0,1.0,,,,,,
00-0033699,Austin Ekeler,2023,2024,0,0.6096385542168675,253,179,74,3.5083798882681565,0.7328063241106719,-0.2695866735300961,1,0.655,28.0,6.0,300.0,14,13.242857142857144,21.0,1.0,,,,,,
00-0033725,Corey Clement,2017,2018,0,0.20090293453724606,89,74,15,4.337837837837838,1.0382022471910113,,0,0.2352631578947368,22.0,0.0,300.0,14,6.6000000000000005,61.0,2.0,4.68,28.5,115.0,,,220.0
00-0033854,Dare Ogunbowale,2019,2020,0,0.12751677852348994,57,11,46,1.5454545454545454,1.3210526315789473,,0,0.313125,25.0,2.0,300.0,16,4.70625,72.0,3.0,4.65,35.0,120.0,6.99,4.34,213.0
00-0033854,Dare Ogunbowale,2020,2021,0,0.13612565445026178,52,32,20,4.53125,0.575,,0,0.2121428571428571,26.0,3.0,300.0,7,4.271428571428571,80.0,2.0,4.65,35.0,120.0,6.99,4.34,213.0
00-0033854,Dare Ogunbowale,2021,2022,0,0.17438692098092642,64,43,21,3.186046511627907,0.7828125,,0,0.1717647058823529,27.0,4.0,300.0,10,5.01,82.0,3.0,4.65,35.0,120.0,6.99,4.34,213.0
00-0033854,Dare Ogunbowale,2022,2023,0,0.16831683168316833,68,42,26,2.9285714285714284,0.7161764705882353,,0,0.1670588235294117,28.0,5.0,300.0,11,4.427272727272728,75.0,3.0,4.65,35.0,120.0,6.99,4.34,213.0
00-0033854,Dare Ogunbowale,2023,2024,0,0.033707865168539325,15,8,7,4.375,0.48666666666666664,,0,0.1457142857142857,29.0,6.0,300.0,6,1.2166666666666666,96.0,3.0,4.65,35.0,120.0,6.99,4.34,213.0
00-0033856,Leonard Fournette,2017,2018,0,0.5448275862068965,316,268,48,3.8805970149253732,0.7284810126582278,,0,0.6425,22.0,0.0,4.0,13,17.707692307692305,7.0,1.0,4.51,28.5,,,,240.0
00-0033856,Leonard Fournette,2018,2019,0,0.3916256157635468,159,133,26,3.300751879699248,0.7572327044025158,-0.1907143746757157,1,0.51375,23.0,1.0,4.0,8,15.05,12.0,2.0,4.51,28.5,,,,240.0
00-0033856,Leonard Fournette,2019,2020,0,0.8608490566037735,365,265,100,4.347169811320755,0.7106849315068493,0.3892463536611126,1,0.8859999999999999,24.0,2.0,4.0,15,17.293333333333333,10.0,1.0,4.51,28.5,,,,240.0
00-0033856,Leonard Fournette,2020,2021,1,0.32505643340857787,144,97,47,3.783505154639175,0.9166666666666666,-0.2701302838456341,1,0.5111764705882352,25.0,3.0,4.0,12,11.0,32.0,2.0,4.51,28.5,,,,240.0
00-0033856,Leonard Fournette,2021,2022,0,0.5751633986928104,264,180,84,4.511111111111111,0.9681818181818181,0.2719249205909062,1,0.6493333333333333,26.0,4.0,4.0,14,18.257142857142856,4.0,1.0,4.51,28.5,,,,240.0
00-0033893,Dalvin Cook,2018,2019,0,0.5027624309392266,182,133,49,4.62406015037594,0.8351648351648352,0.14627666642756,1,0.6981818181818181,23.0,1.0,41.0,11,13.818181818181818,19.0,1.0,4.49,30.5,116.0,7.27,4.53,210.0
00-0033893,Dalvin Cook,2019,2020,0,0.6673773987206824,313,250,63,4.54,0.9341853035143769,0.3811821638717146,1,0.6743750000000001,24.0,2.0,41.0,14,20.885714285714283,2.0,1.0,4.49,30.5,116.0,7.27,4.53,210.0
00-0033893,Dalvin Cook,2020,2021,0,0.7408906882591093,366,312,54,4.990384615384615,0.9229508196721312,0.5509225469385485,1,0.7092857142857143,25.0,3.0,41.0,14,24.12857142857143,2.0,1.0,4.49,30.5,116.0,7.27,4.53,210.0
00-0033893,Dalvin Cook,2021,2022,0,0.6094069529652352,298,249,49,4.6546184738955825,0.6922818791946309,0.1555386287807182,1,0.6976923076923077,26.0,4.0,41.0,13,15.86923076923077,11.0,1.0,4.49,30.5,116.0,7.27,4.53,210.0
00-0033893,Dalvin Cook,2022,2023,0,0.7766990291262136,320,264,56,4.443181818181818,0.743125,-0.0804825621613759,1,0.7288888888888888,27.0,5.0,41.0,17,13.988235294117649,16.0,1.0,4.49,30.5,116.0,7.27,4.53,210.0
00-0033897,Joe Mixon,2017,2018,0,0.507177033492823,212,178,34,3.5168539325842696,0.6665094339622643,,0,0.4735714285714286,21.0,0.0,48.0,14,10.092857142857143,30.0,1.0,,,,,,
00-0033897,Joe Mixon,2018,2019,0,0.7373737373737373,292,237,55,4.928270042194093,0.8335616438356165,0.7485293044639729,1,0.6971428571428572,22.0,1.0,48.0,14,17.385714285714286,9.0,1.0,,,,,,
00-0033897,Joe Mixon,2019,2020,0,0.7708830548926014,323,278,45,4.089928057553957,0.6978328173374613,-0.1037071903860137,1,0.6,23.0,2.0,48.0,16,14.0875,20.0,1.0,,,,,,
00-0033897,Joe Mixon,2020,2021,0,0.33410138248847926,145,119,26,3.596638655462185,0.6868965517241379,-0.2467641454974587,1,0.6549999999999999,24.0,3.0,48.0,6,16.6,9.0,2.0,,,,,,
00-0033897,Joe Mixon,2021,2022,0,0.7391304347826086,340,292,48,4.126712328767123,0.8467647058823529,-0.0744421521428427,1,0.683,25.0,4.0,48.0,16,17.99375,7.0,1.0,,,,,,
00-0033897,Joe Mixon,2022,2023,0,0.6612529002320185,285,210,75,3.876190476190476,0.8403508771929824,0.2072226574919108,1,0.6129411764705882,26.0,5.0,48.0,14,17.107142857142858,7.0,1.0,,,,,,
00-0033897,Joe Mixon,2023,2024,0,0.7945544554455446,321,257,64,4.023346303501945,0.8317757009345794,0.0230376261510443,1,0.6888235294117647,27.0,6.0,48.0,17,15.705882352941176,11.0,1.0,,,,,,
00-0033906,Alvin Kamara,2017,2018,0,0.42226487523992323,220,120,100,6.066666666666666,1.4563636363636363,,0,0.4694444444444444,22.0,0.0,67.0,16,20.025,4.0,2.0,4.56,39.5,131.0,,,214.0
00-0033906,Alvin Kamara,2018,2019,0,0.6443965517241379,299,194,105,4.551546391752577,1.1846153846153846,-0.4318203511018007,1,0.6617647058823529,23.0,1.0,67.0,15,23.613333333333333,4.0,1.0,4.56,39.5,131.0,,,214.0
00-0033906,Alvin Kamara,2019,2020,0,0.5864332603938731,268,171,97,4.6608187134502925,0.9273134328358209,0.1698162714078414,1,0.6946666666666667,24.0,2.0,67.0,14,17.751428571428573,9.0,1.0,4.56,39.5,131.0,,,214.0
00-0033906,Alvin Kamara,2020,2021,0,0.630901287553648,294,187,107,4.983957219251337,1.2850340136054421,0.4157886070096181,1,0.6652941176470588,25.0,3.0,67.0,15,25.186666666666667,1.0,1.0,4.56,39.5,131.0,,,214.0
00-0033906,Alvin Kamara,2021,2022,0,0.6630669546436285,307,240,67,3.7416666666666667,0.7644951140065146,-0.5882655103100612,1,0.7569230769230769,26.0,4.0,67.0,13,18.053846153846152,6.0,1.0,4.56,39.5,131.0,,,214.0
00-0033906,Alvin Kamara,2022,2023,0,0.7894736842105263,300,223,77,4.022421524663677,0.7056666666666667,-0.1702392265741679,1,0.6973333333333332,27.0,5.0,67.0,15,14.113333333333332,15.0,1.0,4.56,39.5,131.0,,,214.0
00-0033906,Alvin Kamara,2023,2024,0,0.5990990990990991,266,180,86,3.8555555555555556,0.8759398496240601,-0.5646350217817696,1,0.6215384615384616,28.0,6.0,67.0,13,17.923076923076923,3.0,1.0,4.56,39.5,131.0,,,214.0
00-0033923,Kareem Hunt,2017,2018,0,0.8333333333333334,335,272,63,4.8786764705882355,0.8811940298507462,,0,0.6570588235294118,22.0,0.0,86.0,16,18.45,5.0,1.0,4.62,36.5,119.0,,,216.0
00-0033923,Kareem Hunt,2018,2019,0,0.5775401069518716,216,181,35,4.552486187845304,1.0657407407407407,0.5292387906339708,1,0.7054545454545454,23.0,1.0,300.0,11,20.92727272727273,8.0,1.0,4.62,36.5,119.0,,,216.0
00-0033923,Kareem Hunt,2019,2020,0,0.1879049676025918,87,43,44,4.162790697674419,1.1655172413793105,,0,0.6,24.0,2.0,86.0,8,12.675,25.0,2.0,4.62,36.5,119.0,,,216.0
00-0033923,Kareem Hunt,2020,2021,0,0.5040485829959515,249,198,51,4.247474747474747,0.8775100401606426,0.1826221393887879,1,0.5172222222222222,25.0,3.0,86.0,16,13.65625,20.0,1.0,4.62,36.5,119.0,,,216.0
00-0033923,Kareem Hunt,2021,2022,0,0.2054794520547945,105,78,27,4.948717948717949,1.0476190476190477,,0,0.4375,26.0,4.0,86.0,8,13.75,21.0,3.0,4.62,36.5,119.0,,,216.0
00-0033923,Kareem Hunt,2022,2023,0,0.3300395256916996,167,123,44,3.8048780487804876,0.7592814371257485,-0.0805414435487749,1,0.4158823529411765,27.0,5.0,86.0,17,7.458823529411765,55.0,2.0,4.62,36.5,119.0,,,216.0
00-0033923,Kareem Hunt,2023,2024,0,0.3157894736842105,156,135,21,3.0444444444444443,0.7596153846153846,-0.7519423386282502,1,0.315625,28.0,6.0,86.0,15,7.9,43.0,2.0,4.62,36.5,119.0,,,216.0
00-0033925,D'Onta Foreman,2021,2022,0,0.2647058823529412,144,133,11,4.2556390977443606,0.6520833333333333,0.0813684557369617,1,0.366,25.0,4.0,89.0,9,10.433333333333334,37.0,2.0,,,,,,233.0
00-0033925,D'Onta Foreman,2022,2023,0,0.4353182751540041,212,203,9,4.502463054187192,0.6179245283018868,0.6097253119073696,1,0.3347058823529412,26.0,5.0,89.0,16,8.1875,50.0,1.0,,,,,,233.0
00-0033925,D'Onta Foreman,2023,2024,0,0.294811320754717,125,109,16,3.8990825688073394,0.7296,0.0768352610185676,1,0.4266666666666666,27.0,6.0,89.0,9,10.133333333333333,35.0,2.0,,,,,,233.0
00-0033948,Jamaal Williams,2017,2018,0,0.6538461538461539,187,153,34,3.633986928104575,0.7636363636363637,,0,0.42375,22.0,0.0,134.0,14,10.2,28.0,1.0,4.59,30.0,123.0,7.25,4.53,212.0
00-0033948,Jamaal Williams,2018,2019,0,0.4909090909090909,162,121,41,3.834710743801653,0.7061728395061728,-0.5340139789040186,1,0.465625,23.0,1.0,134.0,16,7.15,66.0,2.0,4.59,30.0,123.0,7.25,4.53,212.0
00-0033948,Jamaal Williams,2019,2020,0,0.3333333333333333,152,107,45,4.299065420560748,0.9625,-0.0837506338938397,1,0.391875,24.0,2.0,134.0,14,10.45,34.0,2.0,4.59,30.0,123.0,7.25,4.53,212.0
00-0033948,Jamaal Williams,2020,2021,0,0.3117408906882591,154,119,35,4.243697478991597,0.8253246753246752,0.1758378836023071,1,0.450625,25.0,3.0,134.0,14,9.078571428571427,43.0,2.0,4.59,30.0,123.0,7.25,4.53,212.0
00-0033948,Jamaal Williams,2021,2022,0,0.4132420091324201,181,153,28,3.9281045751633985,0.661878453038674,-0.3265086759057761,1,0.3815384615384615,26.0,4.0,134.0,13,9.215384615384616,42.0,2.0,4.59,30.0,123.0,7.25,4.53,212.0
00-0033948,Jamaal Williams,2022,2023,0,0.5138632162661737,278,262,16,4.068702290076335,0.8125899280575539,-0.041456517671115,1,0.4011764705882353,27.0,5.0,134.0,17,13.288235294117648,20.0,1.0,4.59,30.0,123.0,7.25,4.53,212.0
00-0033948,Jamaal Williams,2023,2024,0,0.28378378378378377,126,106,20,2.8867924528301887,0.4825396825396825,-0.9768571853988164,1,0.3753846153846153,28.0,6.0,134.0,13,4.676923076923076,68.0,2.0,4.59,30.0,123.0,7.25,4.53,212.0
00-0033950,Wayne Gallman,2017,2018,0,0.3136094674556213,159,111,48,4.288288288288288,0.659748427672956,,0,0.3523076923076923,22.0,0.0,140.0,13,8.069230769230769,51.0,2.0,4.6,29.5,120.0,7.17,4.28,215.0
00-0033950,Wayne Gallman,2018,2019,0,0.15498938428874734,73,51,22,3.450980392156863,0.6095890410958904,,0,0.1606666666666666,23.0,1.0,140.0,13,3.423076923076923,85.0,2.0,4.6,29.5,120.0,7.17,4.28,215.0
00-0033950,Wayne Gallman,2019,2020,0,0.12464589235127478,44,29,15,3.793103448275862,1.0954545454545455,,0,0.235,24.0,2.0,140.0,9,5.355555555555555,66.0,2.0,4.6,29.5,120.0,7.17,4.28,215.0
00-0033950,Wayne Gallman,2020,2021,0,0.5780730897009967,174,147,27,4.639455782312925,0.7850574712643678,0.5459195965815273,1,0.4066666666666666,25.0,3.0,140.0,14,9.757142857142856,37.0,1.0,4.6,29.5,120.0,7.17,4.28,215.0
00-0033951,Marlon Mack,2017,2018,1,0.27450980392156865,126,93,33,3.849462365591398,0.8198412698412698,,0,0.3414285714285714,21.0,0.0,143.0,14,7.378571428571429,56.0,2.0,4.5,35.5,125.0,,,213.0
00-0033951,Marlon Mack,2018,2019,0,0.47629310344827586,221,195,26,4.656410256410257,0.8058823529411765,0.2024152925942224,1,0.5585714285714286,22.0,1.0,143.0,12,14.841666666666669,14.0,1.0,4.5,35.5,125.0,,,213.0
00-0033955,Jeremy McNichols,2020,2021,0,0.13530655391120508,64,47,17,4.340425531914893,0.6859375,,0,0.2429411764705882,24.0,3.0,162.0,15,2.9266666666666667,95.0,2.0,4.49,35.5,121.0,6.93,4.28,214.0
00-0034109,Phillip Lindsay,2018,2019,0,0.5042194092827004,239,192,47,5.401041666666667,0.9322175732217574,0.9790006443293612,1,0.4566666666666666,24.0,0.0,300.0,15,14.853333333333332,13.0,1.0,,,,,,
00-0034109,Phillip Lindsay,2019,2020,0,0.5849462365591398,272,224,48,4.513392857142857,0.7268382352941176,0.1288053380786439,1,0.503125,25.0,1.0,300.0,16,12.35625,28.0,1.0,,,,,,
00-0034109,Phillip Lindsay,2020,2021,0,0.30068337129840544,132,118,14,4.254237288135593,0.5,0.088426609490514,1,0.3854545454545455,26.0,2.0,300.0,11,6.0,64.0,2.0,,,,,,
00-0034115,Jeffery Wilson,2018,2019,0,0.1883720930232558,81,66,15,4.03030303030303,0.5481481481481482,,0,0.49,22.0,0.0,300.0,6,7.399999999999999,60.0,3.0,,,,,,210.0
00-0034115,Jeffery Wilson,2019,2020,1,0.0636182902584493,32,27,5,3.888888888888889,1.465625,,0,0.0890909090909091,23.0,1.0,300.0,8,5.8625,62.0,4.0,,,,,,210.0
00-0034115,Jeffery Wilson,2020,2021,0,0.3181818181818182,154,126,28,4.761904761904762,0.9240259740259741,0.038253055923448,1,0.3766666666666666,24.0,2.0,300.0,11,12.936363636363636,24.0,1.0,,,,,,210.0
00-0034115,Jeffery Wilson,2021,2022,0,0.24233983286908078,87,79,8,3.721518987341772,0.5919540229885057,,0,0.3290909090909091,25.0,3.0,300.0,6,8.583333333333334,50.0,2.0,,,,,,210.0
00-0034115,Jeffery Wilson,2022,2023,0,0.28225806451612906,105,92,13,5.086956521739131,0.7038095238095239,0.3955771056749238,1,0.5258823529411765,26.0,4.0,300.0,8,9.2375,42.0,2.0,,,,,,210.0
00-0034115,Jeff Wilson,2023,2024,0,0.11983471074380166,58,41,17,4.585365853658536,0.7120689655172413,,0,0.2290909090909091,27.0,5.0,300.0,9,4.5888888888888895,71.0,3.0,,,,,,210.0
00-0034184,Gus Edwards,2018,2019,0,0.3270588235294118,139,137,2,5.240875912408759,0.6460431654676259,0.3371233933116052,1,0.35,23.0,0.0,300.0,11,8.163636363636364,54.0,1.0,,,,,,
00-0034184,Gus Edwards,2019,2020,0,0.3153153153153153,140,133,7,5.345864661654136,0.6614285714285714,0.5610643419873782,1,0.3476470588235294,24.0,1.0,300.0,16,5.7875,63.0,2.0,,,,,,
00-0034184,Gus Edwards,2022,2023,0,0.23116883116883116,89,87,2,4.977011494252873,0.6662921348314607,,0,0.275,27.0,4.0,300.0,9,6.588888888888889,61.0,3.0,,,,,,
00-0034184,Gus Edwards,2023,2024,0,0.5382653061224489,211,198,13,4.090909090909091,0.8862559241706162,0.2636956236124147,1,0.4136842105263158,28.0,5.0,300.0,17,11.0,32.0,1.0,,,,,,
00-0034208,Mike Boone,2022,2023,0,0.10985915492957747,39,24,15,4.25,0.7384615384615385,,0,,27.0,4.0,300.0,8,3.6,86.0,3.0,,,,,,
00-0034253,Dontrell Hilliard,2018,2019,0,0.021929824561403508,10,0,10,,1.75,,0,,23.0,0.0,300.0,6,2.9166666666666665,88.0,4.0,,,,,,
00-0034253,Dontrell Hilliard,2021,2022,0,0.15073529411764705,82,56,26,6.25,0.8865853658536585,,0,,26.0,3.0,300.0,7,10.385714285714286,38.0,3.0,,,,,,
00-0034301,Darrel Williams,2019,2020,0,0.15384615384615385,60,41,19,3.4390243902439024,1.13,,0,0.2475,24.0,1.0,300.0,9,7.533333333333333,54.0,3.0,4.72,32.0,109.0,,4.21,225.0
00-0034301,Darrel Williams,2020,2021,1,0.17105263157894737,65,39,26,4.333333333333333,0.8384615384615385,,0,0.3057894736842105,25.0,2.0,300.0,13,4.1923076923076925,83.0,3.0,4.72,32.0,109.0,,4.21,225.0
00-0034331,Jaylen Samuels,2018,2019,0,0.2103960396039604,85,56,29,4.571428571428571,1.0529411764705883,,0,0.245,22.0,0.0,165.0,9,9.944444444444445,40.0,2.0,4.54,34.5,121.0,6.93,4.28,225.0
00-0034331,Jaylen Samuels,2019,2020,0,0.27765237020316025,123,66,57,2.6515151515151514,0.8487804878048781,,0,0.4192857142857143,23.0,1.0,165.0,13,8.03076923076923,51.0,2.0,4.54,34.5,121.0,6.93,4.28,225.0
00-0034349,Kerryon Johnson,2018,2019,0,0.3108910891089109,157,118,39,5.432203389830509,0.8878980891719745,1.289346556177142,1,0.516,21.0,0.0,300.0,10,13.94,18.0,2.0,,40.0,126.0,7.07,4.29,213.0
00-0034349,Kerryon Johnson,2019,2020,0,0.3240506329113924,128,113,15,3.566371681415929,0.6640625,-0.5070874054631898,1,0.5275,22.0,1.0,43.0,8,10.625,33.0,1.0,,40.0,126.0,7.07,4.29,213.0
00-0034367,Nyheim Hines,2018,2019,0,0.3577586206896552,166,85,81,3.6941176470588237,0.9692771084337349,-0.8616061915089058,1,0.4138888888888889,21.0,0.0,104.0,16,10.05625,38.0,2.0,4.38,35.5,119.0,7.18,4.35,198.0
00-0034367,Nyheim Miller-Hines,2019,2020,1,0.25229357798165136,110,52,58,3.826923076923077,1.0718181818181818,,0,0.31625,22.0,1.0,104.0,16,7.368749999999999,55.0,2.0,4.38,35.5,119.0,7.18,4.35,198.0
00-0034367,Nyheim Miller-Hines,2020,2021,0,0.30783582089552236,165,89,76,4.269662921348314,1.170909090909091,-0.0816812400046293,1,0.3611764705882352,23.0,2.0,104.0,16,12.075,28.0,2.0,4.38,35.5,119.0,7.18,4.35,198.0
00-0034367,Nyheim Hines,2021,2022,0,0.22782258064516128,113,56,57,4.928571428571429,1.031858407079646,,0,0.3135294117647059,24.0,3.0,104.0,17,6.858823529411764,62.0,2.0,4.38,35.5,119.0,7.18,4.35,198.0
00-0034378,Ito Smith,2018,2019,0,0.3663663663663664,122,90,32,3.5,0.8008196721311476,-0.5384477257959089,1,0.3357142857142857,22.0,0.0,300.0,13,7.515384615384615,58.0,2.0,,,,,,
00-0034378,Ito Smith,2019,2020,0,0.0861244019138756,36,22,14,4.818181818181818,1.0083333333333333,,0,0.3,23.0,1.0,300.0,7,5.185714285714285,69.0,3.0,,,,,,
00-0034400,Jordan Wilkins,2018,2019,0,0.16594827586206898,77,60,17,5.6,0.7805194805194805,,0,0.1594444444444444,24.0,0.0,169.0,13,4.623076923076924,78.0,3.0,,36.0,117.0,,4.27,216.0
00-0034400,Jordan Wilkins,2019,2020,0,0.14220183486238533,62,51,11,6.019607843137255,0.8709677419354839,,0,0.1821428571428571,25.0,1.0,169.0,12,4.5,74.0,3.0,,36.0,117.0,,4.27,216.0
00-0034414,Boston Scott,2019,2020,0,0.17791411042944785,87,61,26,4.016393442622951,1.1367816091954024,,0,0.2258333333333333,24.0,1.0,201.0,8,12.3625,27.0,3.0,,,,,,
00-0034414,Boston Scott,2020,2021,0,0.3231197771587744,116,80,36,4.675,0.8241379310344827,,0,0.3425,25.0,2.0,201.0,16,5.975,65.0,2.0,,,,,,
00-0034414,Boston Scott,2021,2022,0,0.21325051759834368,103,87,16,4.287356321839081,0.9572815533980582,,0,0.2029411764705882,26.0,3.0,201.0,9,10.955555555555556,34.0,3.0,,,,,,
00-0034414,Boston Scott,2022,2023,0,0.1405152224824356,60,54,6,4.018518518518518,0.77,,0,0.1788888888888889,27.0,4.0,201.0,13,3.553846153846154,87.0,3.0,,,,,,
00-0034440,Justin Jackson,2018,2019,0,0.14712153518123666,69,50,19,4.12,0.8855072463768117,,0,0.1686666666666667,22.0,0.0,251.0,8,7.6375,57.0,3.0,4.52,38.5,122.0,6.81,4.07,199.0
00-0034440,Justin Jackson,2019,2020,0,0.08048289738430583,40,29,11,6.896551724137931,0.78,,0,0.1999999999999999,23.0,1.0,251.0,7,4.457142857142857,76.0,3.0,4.52,38.5,122.0,6.81,4.07,199.0
00-0034440,Justin Jackson,2020,2021,0,0.1617933723196881,83,59,24,4.576271186440678,0.7867469879518072,,0,0.2922222222222222,24.0,2.0,251.0,8,8.1625,49.0,4.0,4.52,38.5,122.0,6.81,4.07,199.0
00-0034440,Justin Jackson,2021,2022,0,0.19787234042553192,93,68,25,5.352941176470588,0.9268817204301075,,0,0.2364285714285714,25.0,3.0,251.0,13,6.630769230769231,63.0,2.0,4.52,38.5,122.0,6.81,4.07,199.0
00-0034681,Chase Edmonds,2018,2019,0,0.19904076738609114,83,60,23,3.466666666666667,0.7602409638554217,,0,0.206875,22.0,0.0,134.0,16,3.94375,81.0,2.0,4.55,34.0,122.0,6.79,4.07,205.0
00-0034681,Chase Edmonds,2019,2020,0,0.21485411140583555,81,60,21,5.05,1.0222222222222221,,0,0.2530769230769231,23.0,1.0,134.0,10,8.28,50.0,3.0,4.55,34.0,122.0,6.79,4.07,205.0
00-0034681,Chase Edmonds,2020,2021,0,0.3778801843317972,164,97,67,4.618556701030927,1.024390243902439,-0.0222292769680884,1,0.465625,24.0,2.0,134.0,16,10.5,35.0,2.0,4.55,34.0,122.0,6.79,4.07,205.0
00-0034681,Chase Edmonds,2021,2022,0,0.3642241379310345,169,116,53,5.103448275862069,0.8479289940828403,0.0665723526114907,1,0.5738461538461539,25.0,3.0,134.0,12,11.941666666666668,27.0,2.0,4.55,34.0,122.0,6.79,4.07,205.0
00-0034681,Chase Edmonds,2022,2023,0,0.14640198511166252,59,42,17,2.857142857142857,0.840677966101695,,0,0.3507692307692307,26.0,4.0,134.0,8,6.2,62.0,3.0,4.55,34.0,122.0,6.79,4.07,205.0
00-0034750,Rashaad Penny,2018,2019,0,0.18582375478927204,97,85,12,4.929411764705883,0.7257731958762887,0.6607832495427207,1,0.19,22.0,0.0,27.0,12,5.866666666666667,74.0,3.0,4.46,32.5,120.0,,,220.0
00-0034791,Nick Chubb,2018,2019,0,0.48464912280701755,221,192,29,5.1875,0.8800904977375565,1.028987107683221,1,0.3875,22.0,0.0,35.0,16,12.15625,26.0,1.0,4.52,38.5,128.0,7.09,4.25,227.0
00-0034791,Nick Chubb,2019,2020,0,0.7516198704103672,348,299,49,5.0602006688963215,0.738793103448276,0.9609750096952432,1,0.68875,23.0,1.0,35.0,16,16.06875,12.0,1.0,4.52,38.5,128.0,7.09,4.25,227.0
00-0034791,Nick Chubb,2020,2021,0,0.42105263157894735,208,190,18,5.61578947368421,0.9985576923076922,1.5840474298328358,1,0.5021428571428571,24.0,2.0,35.0,12,17.308333333333334,7.0,2.0,4.52,38.5,128.0,7.09,4.25,227.0
00-0034791,Nick Chubb,2021,2022,0,0.49510763209393344,253,228,25,5.521929824561403,0.8509881422924902,1.1261450438086231,1,0.5278571428571428,25.0,3.0,35.0,14,15.37857142857143,12.0,1.0,4.52,38.5,128.0,7.09,4.25,227.0
00-0034799,Kalen Ballage,2018,2019,0,0.11407766990291263,47,36,11,5.305555555555555,0.8021276595744682,,0,0.1391666666666666,22.0,0.0,131.0,10,3.770000000000001,83.0,3.0,4.46,33.5,122.0,6.91,4.35,228.0
00-0034799,Kalen Ballage,2019,2020,0,0.3081761006289308,98,74,24,1.8243243243243243,0.5285714285714286,,0,0.3266666666666666,23.0,1.0,300.0,12,4.316666666666666,78.0,1.0,4.46,33.5,122.0,6.91,4.35,228.0
00-0034799,Kalen Ballage,2020,2021,0,0.22417153996101363,115,88,27,3.2954545454545454,0.668695652173913,-0.5748614336924078,1,0.3854545454545455,24.0,2.0,131.0,8,9.6125,38.0,3.0,4.46,33.5,122.0,6.91,4.35,228.0
00-0034816,Ronald Jones,2018,2019,0,0.08579088471849866,32,23,9,1.9130434782608696,0.646875,,0,0.1366666666666666,21.0,0.0,38.0,6,3.45,84.0,3.0,4.65,36.5,,,,205.0
00-0034816,Ronald Jones,2019,2020,0,0.4742729306487696,212,172,40,4.209302325581396,0.784433962264151,0.0780800462806939,1,0.364375,22.0,1.0,38.0,16,10.39375,35.0,1.0,4.65,36.5,,,,205.0
00-0034816,Ronald Jones,2020,2021,0,0.5282167042889391,234,192,42,5.09375,0.7961538461538462,0.9918683163092176,1,0.4458823529411764,23.0,2.0,38.0,14,13.30714285714286,22.0,1.0,4.65,36.5,,,,205.0
00-0034838,Royce Freeman,2018,2019,0,0.31645569620253167,150,130,20,4.007692307692308,0.6753333333333333,-0.0260631893786751,1,0.3257142857142857,22.0,0.0,71.0,14,7.235714285714286,63.0,2.0,4.54,34.0,118.0,6.9,4.16,229.0
00-0034838,Royce Freeman,2019,2020,0,0.3913978494623656,182,132,50,3.757575757575758,0.7813186813186812,-0.9790903385401856,1,0.503125,23.0,1.0,71.0,16,8.8875,45.0,2.0,4.54,34.0,118.0,6.9,4.16,229.0
00-0034838,Royce Freeman,2020,2021,0,0.10933940774487472,48,35,13,4.857142857142857,0.7729166666666667,,0,0.178125,24.0,2.0,71.0,11,3.372727272727273,93.0,3.0,4.54,34.0,118.0,6.9,4.16,229.0
00-0034844,Saquon Barkley,2018,2019,0,0.8110403397027601,382,261,121,5.007662835249042,1.0099476439790576,1.535578982625696,1,0.83,21.0,0.0,2.0,16,24.1125,2.0,1.0,4.4,41.0,,,4.24,233.0
00-0034844,Saquon Barkley,2021,2022,1,0.4910313901345291,219,162,57,3.6604938271604937,0.6785388127853881,-0.2767264892545886,1,0.6169230769230769,24.0,3.0,2.0,13,11.430769230769233,32.0,1.0,4.4,41.0,,,4.24,233.0
00-0034844,Saquon Barkley,2022,2023,0,0.7586912065439673,371,295,76,4.447457627118644,0.7654986522911051,0.3953158374451457,1,0.795,25.0,4.0,2.0,16,17.75,6.0,1.0,4.4,41.0,,,4.24,233.0
00-0034844,Saquon Barkley,2023,2024,0,0.8015665796344648,307,247,60,3.8947368421052633,0.7270358306188924,0.3893385699122722,1,0.7885714285714285,26.0,5.0,2.0,14,15.94285714285714,9.0,1.0,4.4,41.0,,,4.24,233.0
00-0034845,Sony Michel,2018,2019,0,0.3767123287671233,220,209,11,4.454545454545454,0.6322727272727272,-0.2954087495964846,1,0.36,23.0,0.0,31.0,13,10.7,36.0,1.0,4.54,,,,4.21,214.0
00-0034845,Sony Michel,2019,2020,0,0.478494623655914,267,247,20,3.6923076923076925,0.5715355805243445,-0.279167084060422,1,0.3670588235294117,24.0,1.0,31.0,16,9.5375,42.0,1.0,4.54,,,,4.21,214.0
00-0034845,Sony Michel,2020,2021,0,0.20512820512820512,88,79,9,5.6835443037974684,0.8556818181818183,,0,0.3244444444444444,25.0,2.0,31.0,8,9.4125,39.0,4.0,4.54,,,,4.21,214.0
00-0034845,Sony Michel,2021,2022,0,0.5604651162790698,241,208,33,4.0625,0.6070539419087138,-0.2626531458421171,1,0.4566666666666666,26.0,3.0,31.0,17,8.605882352941178,48.0,1.0,4.54,,,,4.21,214.0
00-0034972,Alexander Mattison,2019,2020,0,0.23880597014925373,112,100,12,4.62,0.6107142857142858,0.3615918615675544,1,0.2153333333333333,21.0,0.0,102.0,13,5.261538461538462,68.0,2.0,4.67,35.0,127.0,7.13,4.29,221.0
00-0034972,Alexander Mattison,2020,2021,0,0.22469635627530365,111,96,15,4.520833333333333,0.7828828828828829,0.5479036564840736,1,0.2630769230769231,22.0,1.0,102.0,13,6.684615384615385,60.0,2.0,4.67,35.0,127.0,7.13,4.29,221.0
00-0034972,Alexander Mattison,2021,2022,0,0.3537832310838446,173,134,39,3.6641791044776117,0.7277456647398844,-0.5543274695034727,1,0.354375,23.0,2.0,102.0,16,7.86875,55.0,2.0,4.67,35.0,127.0,7.13,4.29,221.0
00-0034972,Alexander Mattison,2022,2023,0,0.22330097087378642,92,74,18,3.824324324324324,0.9608695652173914,,0,0.2472222222222222,24.0,3.0,102.0,17,5.2,68.0,2.0,4.67,35.0,127.0,7.13,4.29,221.0
00-0034972,Alexander Mattison,2023,2024,0,0.5586034912718204,224,180,44,3.888888888888889,0.5946428571428573,-0.2541227712899943,1,0.548125,25.0,4.0,102.0,16,8.325000000000001,40.0,1.0,4.67,35.0,127.0,7.13,4.29,221.0
00-0034975,Justice Hill,2019,2020,0,0.16441441441441443,73,58,15,3.8793103448275863,0.678082191780822,,0,0.1876470588235294,21.0,0.0,113.0,15,3.3,86.0,3.0,4.4,40.0,130.0,,,198.0
00-0034975,Justice Hill,2022,2023,0,0.15844155844155844,61,49,12,5.346938775510204,0.6885245901639344,,0,0.2643749999999999,24.0,3.0,113.0,13,3.230769230769231,91.0,4.0,4.4,40.0,130.0,,,198.0
00-0034975,Justice Hill,2023,2024,0,0.3137755102040816,123,84,39,4.607142857142857,0.8886178861788617,,0,0.4316666666666667,25.0,4.0,113.0,16,6.83125,48.0,2.0,4.4,40.0,130.0,,,198.0
00-0035217,Benny Snell,2019,2020,0,0.2528216704288939,112,108,4,3.9444444444444446,0.5169642857142857,0.4815854586861496,1,0.2123076923076922,21.0,0.0,122.0,11,5.263636363636364,67.0,3.0,4.66,29.5,119.0,7.07,4.33,224.0
00-0035217,Benny Snell,2020,2021,0,0.31094527363184077,125,111,14,3.315315315315315,0.5992000000000001,-0.3911231008373776,1,0.2517647058823529,22.0,1.0,122.0,15,4.993333333333334,76.0,2.0,4.66,29.5,119.0,7.07,4.33,224.0
00-0035243,Miles Sanders,2019,2020,0,0.4948875255623722,242,179,63,4.569832402234637,0.9037190082644627,-0.3126616061276237,1,0.5370588235294117,22.0,0.0,53.0,16,13.66875,21.0,1.0,4.49,36.0,124.0,6.89,4.19,211.0
00-0035243,Miles Sanders,2020,2021,0,0.6016713091922006,216,164,52,5.286585365853658,0.7888888888888889,0.0506690849650557,1,0.7058333333333334,23.0,1.0,53.0,12,14.2,19.0,1.0,4.49,36.0,124.0,6.89,4.19,211.0
00-0035243,Miles Sanders,2021,2022,0,0.35403726708074534,171,137,34,5.5036496350364965,0.6853801169590643,0.2744616882531921,1,0.5238461538461539,24.0,2.0,53.0,12,9.766666666666667,40.0,1.0,4.49,36.0,124.0,6.89,4.19,211.0
00-0035243,Miles Sanders,2022,2023,0,0.667447306791569,285,259,26,4.899613899613899,0.7603508771929824,0.3653356861146395,1,0.5365,25.0,3.0,53.0,17,12.747058823529413,23.0,1.0,4.49,36.0,124.0,6.89,4.19,211.0
00-0035243,Miles Sanders,2023,2024,0,0.3594080338266385,170,129,41,3.3488372093023258,0.5152941176470588,-0.4196919789222377,1,0.369375,26.0,4.0,53.0,16,5.475,62.0,2.0,4.49,36.0,124.0,6.89,4.19,211.0
00-0035250,Devin Singletary,2019,2020,0,0.5133689839572193,192,151,41,5.132450331125828,0.7703125000000001,0.4025914551084814,1,0.6830769230769231,21.0,0.0,74.0,12,12.325,29.0,1.0,4.66,35.0,117.0,7.32,4.4,203.0
00-0035250,Devin Singletary,2020,2021,0,0.6130952380952381,206,156,50,4.403846153846154,0.6970873786407766,0.2444381713898062,1,0.5926315789473684,22.0,1.0,74.0,16,8.975,45.0,1.0,4.66,35.0,117.0,7.32,4.4,203.0
00-0035250,Devin Singletary,2021,2022,0,0.5935162094763092,238,188,50,4.627659574468085,0.83109243697479,0.089960628266566,1,0.6221052631578947,23.0,2.0,74.0,17,11.63529411764706,29.0,1.0,4.66,35.0,117.0,7.32,4.4,203.0
00-0035250,Devin Singletary,2022,2023,0,0.6273972602739726,229,177,52,4.627118644067797,0.7768558951965066,0.1636306120052714,1,0.6411111111111111,24.0,3.0,74.0,16,11.11875,29.0,1.0,4.66,35.0,117.0,7.32,4.4,203.0
00-0035250,Devin Singletary,2023,2024,0,0.5707865168539326,254,216,38,4.157407407407407,0.6588188976377953,0.1545180905058975,1,0.5736842105263158,25.0,4.0,74.0,17,9.843529411764706,37.0,1.0,4.66,35.0,117.0,7.32,4.4,203.0
00-0035261,Tony Pollard,2019,2020,0,0.2217573221757322,106,86,20,5.290697674418604,0.8415094339622642,1.08808295983435,1,0.1873333333333333,22.0,0.0,128.0,14,6.371428571428572,59.0,2.0,4.52,35.0,121.0,,,210.0
00-0035261,Tony Pollard,2020,2021,0,0.3092105263157895,141,101,40,4.306930693069307,0.8567375886524823,0.1282042831264496,1,0.32875,23.0,1.0,128.0,16,7.55,54.0,2.0,4.52,35.0,121.0,,,210.0
00-0035261,Tony Pollard,2021,2022,0,0.3682008368200837,176,130,46,5.530769230769231,0.9238636363636363,0.8147519774275122,1,0.348125,24.0,2.0,128.0,15,10.84,36.0,2.0,4.52,35.0,121.0,,,210.0
00-0035261,Tony Pollard,2022,2023,0,0.453382084095064,248,193,55,5.217616580310881,1.0032258064516129,1.1718010477312062,1,0.508888888888889,25.0,3.0,128.0,16,15.55,10.0,2.0,4.52,35.0,121.0,,,210.0
00-0035261,Tony Pollard,2023,2024,0,0.6934782608695652,319,252,67,3.988095238095238,0.6978056426332289,-0.1613946868007649,1,0.706111111111111,26.0,4.0,128.0,17,13.094117647058823,23.0,1.0,4.52,35.0,121.0,,,210.0
00-0035311,Myles Gaskin,2019,2020,1,0.1509433962264151,48,36,12,3.6944444444444446,0.6541666666666667,,0,0.2428571428571428,22.0,0.0,300.0,7,4.485714285714286,75.0,4.0,4.58,35.5,118.0,7.19,4.27,205.0
00-0035311,Myles Gaskin,2020,2021,0,0.48711340206185566,189,142,47,4.112676056338028,0.8687830687830688,0.1387639176535344,1,0.697,23.0,1.0,234.0,10,16.419999999999998,11.0,1.0,4.58,35.5,118.0,7.19,4.27,205.0
00-0035342,Patrick Laird,2019,2020,0,0.2893081761006289,92,62,30,2.7096774193548385,0.741304347826087,,0,,24.0,0.0,300.0,8,8.525,47.0,2.0,,,,,,
00-0035537,Ty Johnson,2019,2020,0,0.2379746835443038,94,63,31,4.333333333333333,0.6404255319148936,,0,0.285625,21.0,0.0,186.0,15,4.013333333333333,80.0,2.0,,,,,,
00-0035537,Ty Johnson,2020,2021,0,0.18686868686868688,74,54,20,4.703703703703703,0.8554054054054053,,0,0.2192307692307692,22.0,1.0,186.0,9,7.033333333333333,57.0,3.0,,,,,,
00-0035537,Ty Johnson,2021,2022,0,0.27751196172248804,116,61,55,3.901639344262295,1.0086206896551724,,0,0.3975,23.0,2.0,186.0,15,7.8,56.0,2.0,,,,,,
00-0035537,Ty Johnson,2022,2023,0,0.125,54,30,24,5.333333333333333,0.7925925925925925,,0,0.1594117647058823,24.0,3.0,186.0,10,4.279999999999999,76.0,4.0,,,,,,
00-0035537,Ty Johnson,2023,2024,0,0.08149779735682819,37,30,7,4.4,0.8756756756756756,,0,0.1425,25.0,4.0,186.0,7,4.628571428571428,70.0,3.0,,,,,,
00-0035567,Craig Reynolds,2022,2023,0,0.06099815157116451,33,23,10,4.434782608695652,0.9333333333333333,,0,,26.0,3.0,300.0,6,5.133333333333334,70.0,4.0,,,,,,
00-0035567,Craig Reynolds,2023,2024,0,0.08487084870848709,46,41,5,4.365853658536586,0.6869565217391305,,0,0.1055,27.0,4.0,300.0,6,5.266666666666667,64.0,3.0,,,,,,
00-0035594,Travis Homer,2020,2021,0,0.09283819628647215,35,25,10,3.52,0.937142857142857,,0,0.2355555555555555,22.0,1.0,204.0,9,3.644444444444444,89.0,4.0,4.48,39.5,130.0,7.07,4.31,201.0
00-0035594,Travis Homer,2021,2022,0,0.11988304093567251,41,21,20,8.428571428571429,1.5073170731707317,,0,0.2142857142857142,23.0,2.0,204.0,12,5.15,79.0,4.0,4.48,39.5,130.0,7.07,4.31,201.0
00-0035628,D'Ernest Johnson,2020,2021,0,0.07489878542510121,37,33,4,5.03030303030303,0.5675675675675675,,0,0.07,24.0,1.0,300.0,8,2.625,96.0,3.0,,,,,,
00-0035628,D'Ernest Johnson,2023,2024,0,0.1185682326621924,53,41,12,2.6341463414634148,0.6566037735849056,,0,0.1658823529411764,27.0,4.0,300.0,15,2.32,88.0,3.0,,,,,,
00-0035657,Damien Harris,2020,2021,0,0.3356643356643357,144,137,7,5.043795620437956,0.6340277777777777,0.2897157663567919,1,0.4009999999999999,23.0,1.0,87.0,10,9.13,41.0,1.0,4.57,37.0,121.0,,,216.0
00-0035657,Damien Harris,2021,2022,0,0.47751605995717344,223,202,21,4.599009900990099,0.942152466367713,0.5657116371195935,1,0.4075,24.0,2.0,87.0,15,14.006666666666666,20.0,1.0,4.57,37.0,121.0,,,216.0
00-0035657,Damien Harris,2022,2023,0,0.30210772833723654,129,106,23,4.3584905660377355,0.7046511627906977,0.3154170600376422,1,0.3409090909090909,25.0,3.0,87.0,11,8.263636363636364,49.0,2.0,4.57,37.0,121.0,,,216.0
00-0035664,Darrell Henderson,2019,2020,0,0.11479591836734694,45,39,6,3.769230769230769,0.49777777777777776,,0,0.1123076923076923,22.0,0.0,70.0,7,3.2,88.0,3.0,4.49,33.5,121.0,,,208.0
00-0035664,Darrell Henderson,2020,2021,0,0.35604395604395606,162,138,24,4.521739130434782,0.8018518518518519,0.0116202760961594,1,0.336,23.0,1.0,70.0,15,8.66,46.0,1.0,4.49,33.5,121.0,,,208.0
00-0035664,Darrell Henderson,2021,2022,0,0.43953488372093025,189,149,40,4.617449664429531,0.8645502645502646,-0.3209437762999273,1,0.6392307692307693,24.0,2.0,70.0,12,13.616666666666667,22.0,2.0,4.49,33.5,121.0,,,208.0
00-0035685,David Montgomery,2019,2020,1,0.5782881002087683,277,242,35,3.6735537190082646,0.6151624548736462,-0.2235091901741371,1,0.578125,22.0,0.0,73.0,16,10.65,32.0,1.0,4.63,28.5,121.0,,,222.0
00-0035685,David Montgomery,2020,2021,0,0.7572115384615384,315,247,68,4.331983805668016,0.8406349206349206,0.2235760503458517,1,0.745,23.0,1.0,73.0,15,17.653333333333332,6.0,1.0,4.63,28.5,121.0,,,222.0
00-0035685,David Montgomery,2021,2022,0,0.6026200873362445,276,225,51,3.7733333333333334,0.7065217391304348,-0.3581330398630339,1,0.7515384615384615,24.0,2.0,73.0,13,15.0,15.0,1.0,4.63,28.5,121.0,,,222.0
00-0035685,David Montgomery,2022,2023,0,0.5821256038647343,241,201,40,3.985074626865672,0.7373443983402489,-0.264050473836071,1,0.6475,25.0,3.0,73.0,16,11.10625,30.0,1.0,4.63,28.5,121.0,,,222.0
00-0035685,David Montgomery,2023,2024,0,0.4483394833948339,243,219,24,4.634703196347032,0.8526748971193415,0.2879986455639524,1,0.4882352941176471,26.0,4.0,73.0,14,14.8,15.0,2.0,4.63,28.5,121.0,,,222.0
00-0035700,Josh Jacobs,2019,2020,0,0.538,269,242,27,4.75206611570248,0.7122676579925651,0.668792155299012,1,0.5576923076923077,21.0,0.0,24.0,13,14.738461538461538,15.0,1.0,,,,,,220.0
00-0035700,Josh Jacobs,2020,2021,0,0.6666666666666666,318,273,45,3.901098901098901,0.7273584905660377,-0.0303891358583782,1,0.6126666666666666,22.0,1.0,24.0,15,15.42,13.0,1.0,,,,,,220.0
00-0035700,Josh Jacobs,2021,2022,0,0.5915789473684211,281,217,64,4.018433179723503,0.8042704626334519,-0.0634797407867363,1,0.635625,23.0,2.0,24.0,15,15.066666666666666,14.0,1.0,,,,,,220.0
00-0035700,Josh Jacobs,2022,2023,0,0.8364389233954451,404,340,64,4.8617647058823525,0.8126237623762377,0.474262444688384,1,0.7411764705882353,24.0,3.0,24.0,17,19.31176470588236,4.0,1.0,,,,,,220.0
00-0035700,Josh Jacobs,2023,2024,0,0.6391982182628062,287,233,54,3.4549356223175964,0.6310104529616725,-0.3739304610770163,1,0.7607692307692309,25.0,4.0,24.0,13,13.930769230769233,18.0,1.0,,,,,,220.0
00-0035806,Jamycal Hasty,2020,2021,0,0.09710743801652892,47,39,8,3.7948717948717947,0.6617021276595745,,0,0.17875,23.0,0.0,300.0,6,5.183333333333334,72.0,4.0,4.55,39.0,123.0,,4.03,205.0
00-0035806,Jamycal Hasty,2021,2022,0,0.12534818941504178,45,16,29,4.25,1.1444444444444444,,0,0.1928571428571428,24.0,1.0,300.0,10,5.15,79.0,3.0,4.55,39.0,123.0,,4.03,205.0
00-0035831,James Robinson,2020,2021,0,0.7853403141361257,300,240,60,4.458333333333333,0.8346666666666667,0.1711691667818542,1,0.7007142857142857,22.0,0.0,300.0,14,17.885714285714286,5.0,1.0,4.64,40.0,125.0,7.03,4.19,219.0
00-0035831,James Robinson,2021,2022,0,0.5722070844686649,210,164,46,4.676829268292683,0.8280952380952381,-0.1005392717469073,1,0.5964285714285714,23.0,1.0,300.0,14,12.421428571428573,23.0,1.0,4.64,40.0,125.0,7.03,4.19,219.0
00-0036020,Salvon Ahmed,2020,2021,0,0.22938144329896906,89,75,14,4.253333333333333,0.7752808988764045,,0,0.5166666666666667,21.0,0.0,300.0,6,11.5,30.0,2.0,4.62,34.5,120.0,,,197.0
00-0036020,Salvon Ahmed,2021,2022,0,0.21037463976945245,73,54,19,2.759259259259259,0.5287671232876713,,0,0.2075,22.0,1.0,300.0,11,3.5090909090909093,90.0,2.0,4.62,34.5,120.0,,,197.0
00-0036020,Salvon Ahmed,2022,2023,0,0.03225806451612903,13,12,1,5.333333333333333,1.0923076923076922,,0,0.0815384615384615,23.0,2.0,300.0,6,2.3666666666666667,95.0,4.0,4.62,34.5,120.0,,,197.0
00-0036139,Rico Dowdle,2023,2024,1,0.24130434782608695,111,89,22,4.056179775280899,0.8243243243243243,,0,0.2211764705882353,25.0,3.0,300.0,16,5.71875,58.0,2.0,4.54,38.0,127.0,,,213.0
00-0036223,Jonathan Taylor,2020,2021,0,0.5055970149253731,271,232,39,5.038793103448276,0.9328413284132842,0.6616520849079559,1,0.5125,21.0,0.0,41.0,15,16.853333333333335,8.0,1.0,4.39,36.0,123.0,7.01,4.24,226.0
00-0036223,Jonathan Taylor,2021,2022,0,0.7721774193548387,383,332,51,5.454819277108434,0.9741514360313317,1.1929625056961874,1,0.6947058823529412,22.0,1.0,41.0,17,21.947058823529414,2.0,1.0,4.39,36.0,123.0,7.01,4.24,226.0
00-0036223,Jonathan Taylor,2022,2023,0,0.5032537960954447,232,192,40,4.484375,0.6310344827586207,0.6635111781216455,1,0.7127272727272728,23.0,2.0,41.0,11,13.30909090909091,19.0,1.0,4.39,36.0,123.0,7.01,4.24,226.0
00-0036223,Jonathan Taylor,2023,2024,0,0.40421052631578946,192,169,23,4.384615384615385,0.8145833333333333,0.3242128662315727,1,0.587,24.0,3.0,41.0,10,15.64,12.0,2.0,4.39,36.0,123.0,7.01,4.24,226.0
00-0036251,Zack Moss,2020,2021,0,0.3869047619047619,130,112,18,4.294642857142857,0.7815384615384615,0.0103029384091631,1,0.4414285714285714,22.0,0.0,86.0,13,7.815384615384615,51.0,2.0,4.65,33.0,,,4.37,223.0
00-0036251,Zack Moss,2021,2022,0,0.3192019950124688,128,96,32,3.59375,0.821875,-0.7801692752091635,1,0.4042857142857143,23.0,1.0,86.0,13,8.092307692307692,54.0,2.0,4.65,33.0,,,4.37,223.0
00-0036251,Zack Moss,2022,2023,1,0.175704989154013,81,76,5,4.802631578947368,0.5888888888888889,0.2763013835946011,1,0.293076923076923,24.0,2.0,86.0,8,5.9625,63.0,3.0,4.65,33.0,,,4.37,223.0
00-0036251,Zack Moss,2023,2024,0,0.4631578947368421,220,183,37,4.33879781420765,0.7709090909090909,0.711456028129064,1,0.5549999999999999,25.0,3.0,86.0,14,12.114285714285714,28.0,1.0,4.65,33.0,,,4.37,223.0
00-0036265,A.J. Dillon,2020,2021,0,0.09716599190283401,48,46,2,5.260869565217392,0.8395833333333332,,0,0.143076923076923,22.0,0.0,62.0,9,4.477777777777778,79.0,3.0,4.53,41.0,131.0,7.19,,247.0
00-0036265,A.J. Dillon,2021,2022,0,0.48695652173913045,224,187,37,4.294117647058823,0.8285714285714285,0.2538821675578027,1,0.4138888888888889,23.0,1.0,62.0,17,10.91764705882353,35.0,2.0,4.53,41.0,131.0,7.19,,247.0
00-0036265,A.J. Dillon,2022,2023,0,0.4455252918287938,229,186,43,4.139784946236559,0.7318777292576419,-0.1893745171123265,1,0.4870588235294117,24.0,2.0,62.0,17,9.858823529411763,37.0,2.0,4.53,41.0,131.0,7.19,,247.0
00-0036275,D'Andre Swift,2020,2021,0,0.40425531914893614,171,114,57,4.5701754385964914,1.1099415204678362,0.0969337535331836,1,0.483076923076923,21.0,0.0,35.0,13,14.6,17.0,2.0,4.48,35.5,121.0,,,212.0
00-0036275,D'Andre Swift,2021,2022,0,0.5228310502283106,229,151,78,4.086092715231788,0.9122270742358078,-0.3900712279026992,1,0.6576923076923078,22.0,1.0,35.0,13,16.06923076923077,10.0,1.0,4.48,35.5,121.0,,,212.0
00-0036275,D'Andre Swift,2022,2023,0,0.3123844731977819,169,99,70,5.474747474747475,1.1307692307692307,0.3836913588260729,1,0.4164285714285714,23.0,2.0,35.0,14,13.65,17.0,2.0,4.48,35.5,121.0,,,212.0
00-0036275,D'Andre Swift,2023,2024,0,0.6541176470588236,278,229,49,4.580786026200873,0.7169064748201439,-0.2872989893384116,1,0.5852941176470587,24.0,3.0,35.0,16,12.45625,25.0,1.0,4.48,35.5,121.0,,,212.0
00-0036328,Antonio Gibson,2020,2021,0,0.4196078431372549,214,170,44,4.676470588235294,0.944859813084112,0.2088368079586663,1,0.444,22.0,0.0,66.0,14,14.44285714285714,18.0,1.0,4.39,35.0,118.0,,,228.0
00-0036328,Antonio Gibson,2021,2022,0,0.6326530612244898,310,258,52,4.01937984496124,0.7390322580645161,0.0057609472876124,1,0.5675,23.0,1.0,66.0,16,14.31875,19.0,1.0,4.39,35.0,118.0,,,228.0
00-0036328,Antonio Gibson,2022,2023,0,0.3883677298311445,207,149,58,3.664429530201342,0.8014492753623189,-0.1929964712097957,1,0.4599999999999999,24.0,2.0,66.0,15,11.06,31.0,2.0,4.39,35.0,118.0,,,228.0
00-0036328,Antonio Gibson,2023,2024,0,0.31155778894472363,124,65,59,4.076923076923077,1.0274193548387098,,0,0.463125,25.0,3.0,66.0,16,7.9625,42.0,2.0,4.39,35.0,118.0,,,228.0
00-0036360,Clyde Edwards-Helaire,2020,2021,0,0.618421052631579,235,181,54,4.43646408839779,0.7489361702127659,-0.6284330850307408,1,0.5766666666666667,21.0,0.0,32.0,13,13.538461538461538,21.0,1.0,4.6,39.5,123.0,,,207.0
00-0036360,Clyde Edwards-Helaire,2021,2022,0,0.3264367816091954,142,119,23,4.34453781512605,0.828169014084507,-0.3366532682315167,1,0.4666666666666666,22.0,1.0,32.0,10,11.76,28.0,2.0,4.6,39.5,123.0,,,207.0
00-0036360,Clyde Edwards-Helaire,2022,2023,0,0.22327790973871733,94,71,23,4.253521126760563,1.0457446808510638,,0,0.322,23.0,2.0,32.0,10,9.83,38.0,3.0,4.6,39.5,123.0,,,207.0
00-0036370,Joshua Kelley,2020,2021,0,0.26120857699805067,134,111,23,3.189189189189189,0.6059701492537314,-0.7596859109388009,1,0.2842857142857143,22.0,0.0,112.0,13,6.246153846153846,62.0,2.0,4.49,31.0,121.0,6.95,4.28,212.0
00-0036370,Joshua Kelley,2021,2022,0,0.08297872340425531,39,33,6,3.090909090909091,0.4358974358974359,,0,0.206,23.0,1.0,112.0,8,2.125,98.0,3.0,4.49,31.0,121.0,6.95,4.28,212.0
00-0036370,Joshua Kelley,2022,2023,0,0.1934156378600823,94,69,25,4.159420289855072,0.6893617021276596,,0,0.2992857142857143,24.0,2.0,112.0,12,5.4,66.0,2.0,4.49,31.0,121.0,6.95,4.28,212.0
00-0036383,Eno Benjamin,2021,2022,0,0.08836206896551724,41,34,7,3.4705882352941178,0.6829268292682927,,0,0.1629999999999999,22.0,1.0,222.0,7,4.0,86.0,3.0,4.57,39.0,122.0,6.97,4.25,207.0
00-0036414,Cam Akers,2022,2023,0,0.5582655826558266,206,188,18,4.180851063829787,0.6859223300970875,-0.0751341507206864,1,0.4853333333333333,23.0,2.0,52.0,15,9.42,40.0,1.0,4.47,35.5,122.0,,4.42,217.0
00-0036414,Cam Akers,2023,2024,0,0.12468827930174564,50,38,12,3.6315789473684212,0.7559999999999999,,0,0.29,24.0,3.0,52.0,6,6.3,53.0,3.0,4.47,35.5,122.0,,4.42,217.0
00-0036425,DeeJay Dallas,2020,2021,0,0.14323607427055704,54,34,20,3.176470588235294,1.0537037037037038,,0,0.1775,21.0,0.0,144.0,8,7.112500000000001,55.0,3.0,4.58,33.5,119.0,7.18,4.32,217.0
00-0036425,DeeJay Dallas,2021,2022,0,0.16374269005847952,56,33,23,4.181818181818182,1.0732142857142857,,0,0.1711764705882353,22.0,1.0,144.0,11,5.463636363636363,77.0,3.0,4.58,33.5,119.0,7.18,4.32,217.0
00-0036425,DeeJay Dallas,2022,2023,0,0.15254237288135594,54,35,19,5.314285714285714,0.8555555555555556,,0,0.200625,23.0,2.0,144.0,11,4.2,78.0,2.0,4.58,33.5,119.0,7.18,4.32,217.0
00-0036425,DeeJay Dallas,2023,2024,0,0.04491725768321513,19,10,9,3.6,0.6421052631578947,,0,0.0894117647058823,24.0,3.0,144.0,10,1.22,95.0,3.0,4.58,33.5,119.0,7.18,4.32,217.0
00-0036450,Ke'Shawn Vaughn,2020,2021,0,0.08126410835214447,36,26,10,4.1923076923076925,0.6472222222222223,,0,0.14,23.0,0.0,76.0,6,3.883333333333333,86.0,3.0,4.51,32.0,117.0,,,214.0
00-0036555,Chuba Hubbard,2021,2022,0,0.44562899786780386,209,172,37,3.558139534883721,0.6583732057416267,-0.5995709557095165,1,0.3923529411764705,22.0,0.0,126.0,16,8.6,49.0,1.0,4.48,36.0,120.0,7.24,4.26,210.0
00-0036555,Chuba Hubbard,2022,2023,0,0.2299794661190965,112,95,17,4.905263157894737,0.8008928571428572,0.3666935074428627,1,0.3066666666666666,23.0,1.0,126.0,12,7.475,54.0,3.0,4.48,36.0,120.0,7.24,4.26,210.0
00-0036555,Chuba Hubbard,2023,2024,0,0.5961945031712473,282,238,44,3.7899159663865545,0.6471631205673759,0.1933784009930784,1,0.5952941176470589,24.0,2.0,126.0,17,10.735294117647058,33.0,1.0,4.48,36.0,120.0,7.24,4.26,210.0
00-0036875,Rhamondre Stevenson,2021,2022,1,0.3233404710920771,151,133,18,4.556390977443609,0.7609271523178809,0.5119733712497365,1,0.3507692307692308,23.0,0.0,120.0,12,9.575,41.0,2.0,4.64,31.5,112.0,7.09,4.15,231.0
00-0036875,Rhamondre Stevenson,2022,2023,0,0.6978922716627635,298,210,88,4.9523809523809526,0.8359060402684564,0.5777181489325377,1,0.668235294117647,24.0,1.0,120.0,17,14.652941176470588,12.0,1.0,4.64,31.5,112.0,7.09,4.15,231.0
00-0036875,Rhamondre Stevenson,2023,2024,0,0.45394736842105265,207,156,51,3.967948717948718,0.7038647342995169,-0.1198602719791593,1,0.6233333333333334,25.0,2.0,120.0,12,12.141666666666666,27.0,2.0,4.64,31.5,112.0,7.09,4.15,231.0
00-0036893,Najee Harris,2021,2022,0,0.8717391304347826,401,307,94,3.9087947882736156,0.7498753117206982,-0.2682122386082367,1,0.8161111111111111,23.0,0.0,24.0,17,17.688235294117646,8.0,1.0,,,,,,
00-0036893,Najee Harris,2022,2023,0,0.7471264367816092,325,272,53,3.801470588235294,0.6875692307692308,-0.429453083895229,1,0.658235294117647,24.0,1.0,24.0,17,13.14470588235294,21.0,1.0,,,,,,
00-0036893,Najee Harris,2023,2024,0,0.5678294573643411,293,255,38,4.0588235294117645,0.6672354948805461,0.3133120961712421,1,0.5322222222222223,25.0,2.0,24.0,17,11.5,30.0,1.0,,,,,,
00-0036906,Khalil Herbert,2021,2022,0,0.259825327510917,119,103,16,4.203883495145631,0.6630252100840337,-0.1380651138547302,1,0.2752941176470588,23.0,0.0,217.0,14,5.635714285714286,73.0,2.0,4.46,33.0,115.0,6.96,4.31,210.0
00-0036906,Khalil Herbert,2022,2023,0,0.34057971014492755,141,129,12,5.666666666666667,0.8354609929078014,1.286495158164584,1,0.3746153846153846,24.0,1.0,217.0,13,9.06153846153846,43.0,2.0,4.46,33.0,115.0,6.96,4.31,210.0
00-0036919,Kenneth Gainwell,2021,2022,0,0.2443064182194617,118,68,50,4.279411764705882,1.0457627118644068,,0,0.2858823529411765,22.0,0.0,150.0,16,7.7125,58.0,2.0,4.42,,,,,201.0
00-0036919,Kenneth Gainwell,2022,2023,0,0.1920374707259953,82,53,29,4.528301886792453,1.0719512195121952,,0,0.303,23.0,1.0,150.0,17,5.170588235294118,69.0,2.0,4.42,,,,,201.0
00-0036919,Kenneth Gainwell,2023,2024,0,0.2847058823529412,121,84,37,4.333333333333333,0.804793388429752,,0,0.4070588235294117,24.0,2.0,150.0,16,6.08625,57.0,2.0,4.42,,,,,201.0
00-0036924,Michael Carter,2021,2022,0,0.48325358851674644,202,147,55,4.346938775510204,0.7643564356435644,0.4763634824556257,1,0.4957142857142857,22.0,0.0,107.0,14,11.028571428571428,33.0,1.0,4.5,34.0,119.0,6.81,3.98,201.0
00-0036924,Michael Carter,2022,2023,0,0.3888888888888889,168,114,54,3.526315789473684,0.75,-0.5850655912678152,1,0.48,23.0,1.0,107.0,16,7.875,52.0,1.0,4.5,34.0,119.0,6.81,3.98,201.0
00-0036973,Travis Etienne,2022,2023,0,0.6177156177156177,265,220,45,5.113636363636363,0.7664150943396226,1.0715891331955265,1,0.5978947368421053,23.0,1.0,25.0,17,11.947058823529412,25.0,1.0,4.45,33.5,128.0,,,215.0
00-0036973,Travis Etienne,2023,2024,0,0.7606263982102909,340,267,73,3.7752808988764044,0.8305882352941176,-0.2905687251472002,1,0.7335294117647059,24.0,2.0,25.0,17,16.61176470588235,7.0,1.0,4.45,33.5,128.0,,,215.0
00-0036984,Trey Sermon,2023,2024,0,0.0863157894736842,41,35,6,4.571428571428571,0.4951219512195122,,0,0.1142857142857143,24.0,2.0,88.0,8,2.5375,86.0,3.0,4.57,37.0,125.0,6.83,4.28,215.0
00-0036997,Javonte Williams,2023,2024,0,0.5544354838709677,275,217,58,3.5668202764976957,0.6516363636363636,-0.3839068104232842,1,0.4806249999999999,23.0,2.0,35.0,16,11.2,31.0,1.0,4.55,36.0,123.0,6.97,4.09,212.0
00-0037120,Tyler Goodson,2023,2024,0,0.04631578947368421,22,13,9,6.6923076923076925,0.8227272727272728,,0,,22.0,1.0,300.0,6,3.016666666666667,80.0,4.0,,,,,,
00-0037197,Isiah Pacheco,2022,2023,1,0.43705463182897863,184,170,14,4.882352941176471,0.7336956521739131,0.4489185838437632,1,,23.0,0.0,251.0,17,7.9411764705882355,51.0,1.0,4.37,33.0,118.0,,,216.0
00-0037197,Isiah Pacheco,2023,2024,0,0.6365914786967418,254,205,49,4.560975609756097,0.8421259842519685,0.4525696224958682,1,0.6394444444444445,24.0,1.0,251.0,14,15.278571428571428,14.0,1.0,4.37,33.0,118.0,,,216.0
00-0037228,Jaylen Warren,2022,2023,1,0.25287356321839083,110,77,33,4.922077922077922,0.8481818181818181,,0,,23.0,0.0,300.0,16,5.83125,64.0,2.0,4.55,31.5,119.0,,,204.0
00-0037228,Jaylen Warren,2023,2024,0,0.4321705426356589,223,149,74,5.261744966442953,0.8807174887892377,1.1077232765795288,1,0.4827777777777777,24.0,1.0,300.0,17,11.552941176470588,29.0,2.0,4.55,31.5,119.0,,,204.0
00-0037248,James Cook,2022,2023,1,0.3315068493150685,121,89,32,5.696629213483146,0.8735537190082645,,0,,22.0,0.0,63.0,16,6.60625,60.0,2.0,4.42,33.0,124.0,,,199.0
00-0037248,James Cook,2023,2024,0,0.6409691629955947,291,237,54,4.734177215189874,0.7996563573883161,0.4491424129986836,1,0.5494736842105263,23.0,1.0,63.0,17,13.688235294117646,19.0,1.0,4.42,33.0,124.0,,,199.0
00-0037256,Rachaad White,2022,2023,1,0.4074074074074074,187,129,58,3.7286821705426356,0.7545454545454545,-0.2308844755665717,1,,23.0,0.0,91.0,16,8.81875,45.0,2.0,4.48,38.0,125.0,,,214.0
00-0037256,Rachaad White,2023,2024,0,0.8382352941176471,342,272,70,3.639705882352941,0.7833333333333332,-0.4129066085841839,1,0.7794736842105263,24.0,1.0,91.0,17,15.758823529411764,10.0,1.0,4.48,38.0,125.0,,,214.0
00-0037258,Dameon Pierce,2022,2023,0,0.6410891089108911,259,220,39,4.2681818181818185,0.6424710424710425,0.2031069240979377,1,,22.0,0.0,107.0,13,12.8,22.0,1.0,4.59,34.5,119.0,,,218.0
00-0037258,Dameon Pierce,2023,2024,0,0.36404494382022473,162,145,17,2.8689655172413793,0.5104938271604939,-0.5905703319418226,1,0.289375,23.0,1.0,107.0,13,6.361538461538462,52.0,2.0,4.59,34.5,119.0,,,218.0
00-0037263,Tyler Allgeier,2022,2023,0,0.43992248062015504,227,210,17,4.928571428571429,0.7022026431718061,0.6522599605074887,1,,22.0,0.0,151.0,16,9.9625,36.0,1.0,4.6,33.0,120.0,,,224.0
00-0037263,Tyler Allgeier,2023,2024,0,0.3660245183887916,209,186,23,3.672043010752688,0.6583732057416267,-0.3306910293206128,1,0.3223529411764706,23.0,1.0,151.0,17,8.094117647058823,41.0,2.0,4.6,33.0,120.0,,,224.0
00-0037267,Jerome Ford,2023,2024,0,0.5404858299595142,267,204,63,3.985294117647059,0.7985018726591759,-0.0209020462636891,1,0.5111111111111111,23.0,1.0,156.0,17,12.541176470588235,24.0,1.0,4.46,31.0,118.0,,,210.0
00-0037276,Ty Chandler,2023,2024,0,0.3167082294264339,127,102,25,4.519607843137255,0.7952755905511811,-0.1371379018193246,1,0.2758823529411764,25.0,1.0,169.0,13,7.769230769230769,45.0,2.0,4.38,31.0,121.0,,,204.0
00-0037299,Keaontay Ingram,2022,2023,0,0.0851063829787234,32,27,5,2.2222222222222223,0.565625,,0,,22.0,0.0,201.0,10,1.81,97.0,3.0,4.53,34.5,122.0,,,221.0
00-0037429,Raheem Blackshear,2022,2023,0,0.07186858316221766,35,23,12,3.347826086956522,1.2857142857142858,,0,,24.0,0.0,300.0,10,4.5,74.0,4.0,,,,,,
00-0037525,Jordan Mason,2022,2023,0,0.11559139784946236,43,43,0,6.0,0.7395348837209302,,0,,23.0,0.0,300.0,8,3.975,80.0,3.0,,,,,,
00-0037525,Jordan Mason,2023,2024,0,0.0912863070539419,44,40,4,5.15,1.0159090909090909,,0,0.0809999999999999,24.0,1.0,300.0,9,4.966666666666667,66.0,3.0,,,,,,
00-0037746,Brian Robinson,2022,2023,0,0.4071294559099437,217,205,12,3.8878048780487804,0.5193548387096775,0.0616677208182797,1,,23.0,0.0,98.0,12,9.391666666666666,41.0,1.0,4.53,30.0,119.0,,,225.0
00-0037746,Brian Robinson,2023,2024,0,0.5552763819095478,221,178,43,4.117977528089888,0.8963800904977375,0.2160194209271247,1,0.494,24.0,1.0,98.0,15,13.206666666666669,22.0,1.0,4.53,30.0,119.0,,,225.0
00-0037840,Kyren Williams,2022,2023,1,0.12737127371273713,47,35,12,3.9714285714285715,0.648936170212766,,0,,22.0,0.0,164.0,8,3.8125,81.0,3.0,4.65,32.0,116.0,,,194.0
00-0037840,Kyren Williams,2023,2024,0,0.7040816326530612,276,228,48,5.017543859649122,0.9239130434782609,0.6502996098307398,1,0.8146153846153846,23.0,1.0,164.0,12,21.25,2.0,1.0,4.65,32.0,116.0,,,194.0
00-0038040,Zamir White,2022,2023,0,0.035196687370600416,17,17,0,4.117647058823529,0.4117647058823529,,0,,22.0,0.0,122.0,11,0.6363636363636364,99.0,4.0,4.4,33.5,128.0,,,214.0
00-0038040,Zamir White,2023,2024,0,0.2739420935412027,123,104,19,4.336538461538462,0.6008130081300813,0.3253999949146031,1,0.2129411764705882,23.0,1.0,122.0,13,5.684615384615385,59.0,2.0,4.4,33.5,128.0,,,214.0
00-0038098,Pierre Strong,2023,2024,0,0.1437246963562753,71,63,8,4.619047619047619,0.6028169014084507,,0,0.1435294117647058,24.0,1.0,127.0,13,3.292307692307692,74.0,3.0,4.37,36.0,124.0,,,207.0
00-0038120,Breece Hall,2022,2023,0,0.2569444444444444,111,80,31,5.7875,1.0369369369369368,,0,,21.0,0.0,36.0,7,16.442857142857143,9.0,2.0,4.39,40.0,126.0,,,217.0
00-0038120,Breece Hall,2023,2024,0,0.6824034334763949,318,223,95,4.457399103139013,0.9135220125786163,0.6719800630039181,1,0.591764705882353,22.0,1.0,36.0,17,17.08823529411765,6.0,1.0,4.39,40.0,126.0,,,217.0
00-0038134,Kenneth Walker,2022,2023,0,0.7429378531073446,263,228,35,4.605263157894737,0.7699619771863118,0.4611552413612786,1,,21.0,0.0,41.0,15,13.5,18.0,1.0,4.38,34.0,122.0,,,211.0
00-0038134,Kenneth Walker III,2023,2024,0,0.6052009456264775,256,219,37,4.132420091324201,0.77890625,-0.1291039688620089,1,0.542,22.0,1.0,41.0,15,13.293333333333331,20.0,1.0,4.38,34.0,122.0,,,211.0
00-0038542,Bijan Robinson,2023,2024,0,0.5253940455341506,300,214,86,4.5607476635514015,0.8210000000000001,0.3916246633040379,1,0.68,21.0,0.0,8.0,17,14.488235294117649,17.0,1.0,4.46,37.0,124.0,,,215.0
00-0038551,Kendre Miller,2023,2024,0,0.11711711711711711,52,41,11,3.8048780487804876,0.8326923076923076,,0,0.20375,21.0,0.0,71.0,7,6.185714285714285,55.0,3.0,,,,,,215.0
00-0038555,Tank Bigsby,2023,2024,0,0.12080536912751678,54,50,4,2.64,0.45925925925925926,,0,0.1229411764705882,22.0,0.0,88.0,13,1.907692307692308,92.0,2.0,4.56,32.5,119.0,,,210.0
00-0038597,Chase Brown,2023,2024,1,0.14603960396039603,59,44,15,4.068181818181818,0.9067796610169492,,0,0.1183333333333333,23.0,0.0,163.0,10,5.35,63.0,2.0,4.43,40.0,127.0,,,209.0
00-0038611,Chris Rodriguez Jr.,2023,2024,0,0.13316582914572864,53,51,2,4.8431372549019605,0.7150943396226415,,0,0.1176923076923077,23.0,0.0,193.0,8,4.7375,67.0,3.0,,,,,,
00-0038705,Emari Demercado,2023,2024,0,0.2194513715710723,88,58,30,4.896551724137931,0.8329545454545454,,0,0.3085714285714286,24.0,0.0,300.0,11,6.663636363636363,50.0,2.0,,,,,,
00-0038794,Jaleel McLaughlin,2023,2024,0,0.22580645161290322,112,76,36,5.394736842105263,0.9464285714285714,,0,0.1858823529411764,22.0,0.0,300.0,17,6.235294117647059,54.0,2.0,,,,,,
00-0039021,Roschon Johnson,2023,2024,0,0.28537735849056606,121,81,40,4.345679012345679,0.8438016528925619,,0,0.3953333333333333,22.0,0.0,115.0,15,6.806666666666667,49.0,3.0,4.58,31.5,122.0,,,219.0
00-0039032,Tyjae Spears,2023,2024,0,0.3497942386831276,170,100,70,4.53,0.9047058823529412,-0.1468907678771681,1,0.5235294117647059,22.0,0.0,81.0,17,9.047058823529412,39.0,2.0,,39.0,125.0,,,201.0
00-0039040,De'Von Achane,2023,2024,0,0.2892561983471074,140,103,37,7.766990291262136,1.362142857142857,2.872554333809921,1,0.4275,21.0,0.0,84.0,11,17.336363636363636,5.0,2.0,4.32,33.0,,,,188.0
00-0039139,Jahmyr Gibbs,2023,2024,0,0.466789667896679,253,182,71,5.1923076923076925,0.9569169960474309,0.3974964610155695,1,0.5361111111111111,21.0,0.0,12.0,15,16.14,8.0,1.0,4.36,33.5,,,,199.0
00-0039165,Zach Charbonnet,2023,2024,0,0.34988179669030733,148,108,40,4.277777777777778,0.7168918918918918,0.1766667185381806,1,0.486875,22.0,0.0,52.0,16,6.63125,51.0,2.0,4.53,37.0,122.0,,,214.0
